Date,Well-milled_PHP_kg_I,Price_Change_I03,Brent_Oil_USD,Farmgate_LCU_tonne,Inflation_Rate,Stocks_MT,Rainfall_mm,Well-milled_PHP_kg_I_lag1,Well-milled_PHP_kg_I_lag2,Well-milled_PHP_kg_I_lag3,Well-milled_PHP_kg_I_lag4,Price_Change_I03_lag1,Price_Change_I03_lag2,Price_Change_I03_lag3,Price_Change_I03_lag4,Brent_Oil_USD_lag1,Brent_Oil_USD_lag2,Brent_Oil_USD_lag3,Brent_Oil_USD_lag4,Farmgate_LCU_tonne_lag1,Farmgate_LCU_tonne_lag2,Farmgate_LCU_tonne_lag3,Farmgate_LCU_tonne_lag4,Inflation_Rate_lag1,Inflation_Rate_lag2,Inflation_Rate_lag3,Inflation_Rate_lag4,Stocks_MT_lag1,Stocks_MT_lag2,Stocks_MT_lag3,Stocks_MT_lag4,Rainfall_mm_lag1,Rainfall_mm_lag2,Rainfall_mm_lag3,Rainfall_mm_lag4
9/23/2023,45,0,82.59,18190,8.6,541210,8.84,45,46.35,50.5,48.25,-1.35,-4.15,2.25,2.25,82.59,82.59,82.59,82.5,18190,18190,18190,17740,8.6,8.6,8.6,8.7,541210,541210,541210,651930,5.44,5.78,14.99,6.22
9/30/2023,45.27,0.27,82.59,18190,8.6,541210,8.06,45,45,46.35,50.5,0,-1.35,-4.15,2.25,82.59,82.59,82.59,82.59,18190,18190,18190,18190,8.6,8.6,8.6,8.6,541210,541210,541210,541210,8.84,5.44,5.78,14.99
10/7/2023,45.45,0.18,78.43,18570,7.6,494252.94,6.55,45.27,45,45,46.35,0.27,0,-1.35,-4.15,82.59,82.59,82.59,82.59,18190,18190,18190,18190,8.6,8.6,8.6,8.6,541210,541210,541210,541210,8.06,8.84,5.44,5.78
10/14/2023,45.41,-0.04,78.43,18570,7.6,494252.94,9.55,45.45,45.27,45,45,0.18,0.27,0,-1.35,78.43,82.59,82.59,82.59,18570,18190,18190,18190,7.6,8.6,8.6,8.6,494252.94,541210,541210,541210,6.55,8.06,8.84,5.44
10/21/2023,45.53,0.12,78.43,18570,7.6,494252.94,12.1,45.41,45.45,45.27,45,-0.04,0.18,0.27,0,78.43,78.43,82.59,82.59,18570,18570,18190,18190,7.6,7.6,8.6,8.6,494252.94,494252.94,541210,541210,9.55,6.55,8.06,8.84
10/28/2023,45.44,-0.09,78.43,18570,7.6,494252.94,6.27,45.53,45.41,45.45,45.27,0.12,-0.04,0.18,0.27,78.43,78.43,78.43,82.59,18570,18570,18570,18190,7.6,7.6,7.6,8.6,494252.94,494252.94,494252.94,541210,12.1,9.55,6.55,8.06
11/4/2023,45.71,0.27,84.64,18790,6.6,728730.7,7.62,45.44,45.53,45.41,45.45,-0.09,0.12,-0.04,0.18,78.43,78.43,78.43,78.43,18570,18570,18570,18570,7.6,7.6,7.6,7.6,494252.94,494252.94,494252.94,494252.94,6.27,12.1,9.55,6.55
11/11/2023,48.86,3.15,84.64,18790,6.6,728730.7,8.52,45.71,45.44,45.53,45.41,0.27,-0.09,0.12,-0.04,84.64,78.43,78.43,78.43,18790,18570,18570,18570,6.6,7.6,7.6,7.6,728730.7,494252.94,494252.94,494252.94,7.62,6.27,12.1,9.55
11/18/2023,56,7.14,84.64,18790,6.6,728730.7,11.96,48.86,45.71,45.44,45.53,3.15,0.27,-0.09,0.12,84.64,84.64,78.43,78.43,18790,18790,18570,18570,6.6,6.6,7.6,7.6,728730.7,728730.7,494252.94,494252.94,8.52,7.62,6.27,12.1
11/25/2023,45,-11,84.64,18790,6.6,728730.7,12.02,56,48.86,45.71,45.44,7.14,3.15,0.27,-0.09,84.64,84.64,84.64,78.43,18790,18790,18790,18570,6.6,6.6,6.6,7.6,728730.7,728730.7,728730.7,494252.94,11.96,8.52,7.62,6.27
12/2/2023,50.14,5.14,75.47,19060,6.1,787970.99,12.97,45,56,48.86,45.71,-11,7.14,3.15,0.27,84.64,84.64,84.64,84.64,18790,18790,18790,18790,6.6,6.6,6.6,6.6,728730.7,728730.7,728730.7,728730.7,12.02,11.96,8.52,7.62
12/9/2023,51.6,1.46,75.47,19060,6.1,787970.99,6.3,50.14,45,56,48.86,5.14,-11,7.14,3.15,75.47,84.64,84.64,84.64,19060,18790,18790,18790,6.1,6.6,6.6,6.6,787970.99,728730.7,728730.7,728730.7,12.97,12.02,11.96,8.52
12/16/2023,55.2,3.6,75.47,19060,6.1,787970.99,7.51,51.6,50.14,45,56,1.46,5.14,-11,7.14,75.47,75.47,84.64,84.64,19060,19060,18790,18790,6.1,6.1,6.6,6.6,787970.99,787970.99,728730.7,728730.7,6.3,12.97,12.02,11.96
12/23/2023,58,2.8,75.47,19060,6.1,787970.99,19.95,55.2,51.6,50.14,45,3.6,1.46,5.14,-11,75.47,75.47,75.47,84.64,19060,19060,19060,18790,6.1,6.1,6.1,6.6,787970.99,787970.99,787970.99,728730.7,7.51,6.3,12.97,12.02
12/30/2023,57.5,-0.5,75.47,19060,6.1,787970.99,9.35,58,55.2,51.6,50.14,2.8,3.6,1.46,5.14,75.47,75.47,75.47,75.47,19060,19060,19060,19060,6.1,6.1,6.1,6.1,787970.99,787970.99,787970.99,787970.99,19.95,7.51,6.3,12.97
1/6/2024,53.67,-3.83,74.84,19230,5.4,848107.9,2.54,57.5,58,55.2,51.6,-0.5,2.8,3.6,1.46,75.47,75.47,75.47,75.47,19060,19060,19060,19060,6.1,6.1,6.1,6.1,787970.99,787970.99,787970.99,787970.99,9.35,19.95,7.51,6.3
1/13/2024,53.61,-0.06,74.84,19230,5.4,848107.9,3.43,53.67,57.5,58,55.2,-3.83,-0.5,2.8,3.6,74.84,75.47,75.47,75.47,19230,19060,19060,19060,5.4,6.1,6.1,6.1,848107.9,787970.99,787970.99,787970.99,2.54,9.35,19.95,7.51
1/20/2024,54.15,0.54,74.84,19230,5.4,848107.9,2.99,53.61,53.67,57.5,58,-0.06,-3.83,-0.5,2.8,74.84,74.84,75.47,75.47,19230,19230,19060,19060,5.4,5.4,6.1,6.1,848107.9,848107.9,787970.99,787970.99,3.43,2.54,9.35,19.95
1/27/2024,53.46,-0.69,74.84,19230,5.4,848107.9,4.14,54.15,53.61,53.67,57.5,0.54,-0.06,-3.83,-0.5,74.84,74.84,74.84,75.47,19230,19230,19230,19060,5.4,5.4,5.4,6.1,848107.9,848107.9,848107.9,787970.99,2.99,3.43,2.54,9.35
2/3/2024,52.69,-0.77,80.11,19440,4.7,984761.41,1.91,53.46,54.15,53.61,53.67,-0.69,0.54,-0.06,-3.83,74.84,74.84,74.84,74.84,19230,19230,19230,19230,5.4,5.4,5.4,5.4,848107.9,848107.9,848107.9,848107.9,4.14,2.99,3.43,2.54
2/10/2024,52.83,0.14,80.11,19440,4.7,984761.41,0.48,52.69,53.46,54.15,53.61,-0.77,-0.69,0.54,-0.06,80.11,74.84,74.84,74.84,19440,19230,19230,19230,4.7,5.4,5.4,5.4,984761.41,848107.9,848107.9,848107.9,1.91,4.14,2.99,3.43
2/17/2024,54.26,1.43,80.11,19440,4.7,984761.41,1.43,52.83,52.69,53.46,54.15,0.14,-0.77,-0.69,0.54,80.11,80.11,74.84,74.84,19440,19440,19230,19230,4.7,4.7,5.4,5.4,984761.41,984761.41,848107.9,848107.9,0.48,1.91,4.14,2.99
2/24/2024,53.11,-1.15,80.11,19440,4.7,984761.41,1.45,54.26,52.83,52.69,53.46,1.43,0.14,-0.77,-0.69,80.11,80.11,80.11,74.84,19440,19440,19440,19230,4.7,4.7,4.7,5.4,984761.41,984761.41,984761.41,848107.9,1.43,0.48,1.91,4.14
3/2/2024,53.35,0.24,86.15,22160,5.3,945096.67,0.91,53.11,54.26,52.83,52.69,-1.15,1.43,0.14,-0.77,80.11,80.11,80.11,80.11,19440,19440,19440,19440,4.7,4.7,4.7,4.7,984761.41,984761.41,984761.41,984761.41,1.45,1.43,0.48,1.91
3/9/2024,53.45,0.1,86.15,22160,5.3,945096.67,0.85,53.35,53.11,54.26,52.83,0.24,-1.15,1.43,0.14,86.15,80.11,80.11,80.11,22160,19440,19440,19440,5.3,4.7,4.7,4.7,945096.67,984761.41,984761.41,984761.41,0.91,1.45,1.43,0.48
3/16/2024,53.77,0.32,86.15,22160,5.3,945096.67,3.46,53.45,53.35,53.11,54.26,0.1,0.24,-1.15,1.43,86.15,86.15,80.11,80.11,22160,22160,19440,19440,5.3,5.3,4.7,4.7,945096.67,945096.67,984761.41,984761.41,0.85,0.91,1.45,1.43
3/23/2024,53,-0.77,86.15,22160,5.3,945096.67,1.95,53.77,53.45,53.35,53.11,0.32,0.1,0.24,-1.15,86.15,86.15,86.15,80.11,22160,22160,22160,19440,5.3,5.3,5.3,4.7,945096.67,945096.67,945096.67,984761.41,3.46,0.85,0.91,1.45
3/30/2024,52.73,-0.27,86.15,22160,5.3,945096.67,3.7,53,53.77,53.45,53.35,-0.77,0.32,0.1,0.24,86.15,86.15,86.15,86.15,22160,22160,22160,22160,5.3,5.3,5.3,5.3,945096.67,945096.67,945096.67,945096.67,1.95,3.46,0.85,0.91
4/6/2024,52.68,-0.05,93.72,19910,6.1,902290.44,0.42,52.73,53,53.77,53.45,-0.27,-0.77,0.32,0.1,86.15,86.15,86.15,86.15,22160,22160,22160,22160,5.3,5.3,5.3,5.3,945096.67,945096.67,945096.67,945096.67,3.7,1.95,3.46,0.85
4/13/2024,52.5,-0.18,93.72,19910,6.1,902290.44,0.29,52.68,52.73,53,53.77,-0.05,-0.27,-0.77,0.32,93.72,86.15,86.15,86.15,19910,22160,22160,22160,6.1,5.3,5.3,5.3,902290.44,945096.67,945096.67,945096.67,0.42,3.7,1.95,3.46
4/20/2024,52.6,0.1,93.72,19910,6.1,902290.44,0.01,52.5,52.68,52.73,53,-0.18,-0.05,-0.27,-0.77,93.72,93.72,86.15,86.15,19910,19910,22160,22160,6.1,6.1,5.3,5.3,902290.44,902290.44,945096.67,945096.67,0.29,0.42,3.7,1.95
4/27/2024,52.6,0,93.72,19910,6.1,902290.44,0.99,52.6,52.5,52.68,52.73,0.1,-0.18,-0.05,-0.27,93.72,93.72,93.72,86.15,19910,19910,19910,22160,6.1,6.1,6.1,5.3,902290.44,902290.44,902290.44,945096.67,0.01,0.29,0.42,3.7
5/4/2024,52.66,0.06,90.6,20600,4.9,1080905.36,0.16,52.6,52.6,52.5,52.68,0,0.1,-0.18,-0.05,93.72,93.72,93.72,93.72,19910,19910,19910,19910,6.1,6.1,6.1,6.1,902290.44,902290.44,902290.44,902290.44,0.99,0.01,0.29,0.42
5/11/2024,52.89,0.23,90.6,20600,4.9,1080905.36,1.22,52.66,52.6,52.6,52.5,0.06,0,0.1,-0.18,90.6,93.72,93.72,93.72,20600,19910,19910,19910,4.9,6.1,6.1,6.1,1080905.36,902290.44,902290.44,902290.44,0.16,0.99,0.01,0.29
5/18/2024,52.9,0.01,90.6,20600,4.9,1080905.36,5.34,52.89,52.66,52.6,52.6,0.23,0.06,0,0.1,90.6,90.6,93.72,93.72,20600,20600,19910,19910,4.9,4.9,6.1,6.1,1080905.36,1080905.36,902290.44,902290.44,1.22,0.16,0.99,0.01
5/25/2024,52.98,0.08,90.6,20600,4.9,1080905.36,10.36,52.9,52.89,52.66,52.6,0.01,0.23,0.06,0,90.6,90.6,90.6,93.72,20600,20600,20600,19910,4.9,4.9,4.9,6.1,1080905.36,1080905.36,1080905.36,902290.44,5.34,1.22,0.16,0.99
6/1/2024,52.98,0,82.94,21950,4.1,901106.38,21.26,52.98,52.9,52.89,52.66,0.08,0.01,0.23,0.06,90.6,90.6,90.6,90.6,20600,20600,20600,20600,4.9,4.9,4.9,4.9,1080905.36,1080905.36,1080905.36,1080905.36,10.36,5.34,1.22,0.16
6/8/2024,52.98,0,82.94,21950,4.1,901106.38,8.89,52.98,52.98,52.9,52.89,0,0.08,0.01,0.23,82.94,90.6,90.6,90.6,21950,20600,20600,20600,4.1,4.9,4.9,4.9,901106.38,1080905.36,1080905.36,1080905.36,21.26,10.36,5.34,1.22
6/15/2024,53.5,0.52,82.94,21950,4.1,901106.38,4.54,52.98,52.98,52.98,52.9,0,0,0.08,0.01,82.94,82.94,90.6,90.6,21950,21950,20600,20600,4.1,4.1,4.9,4.9,901106.38,901106.38,1080905.36,1080905.36,8.89,21.26,10.36,5.34
6/22/2024,53.43,-0.07,82.94,21950,4.1,901106.38,11.37,53.5,52.98,52.98,52.98,0.52,0,0,0.08,82.94,82.94,82.94,90.6,21950,21950,21950,20600,4.1,4.1,4.1,4.9,901106.38,901106.38,901106.38,1080905.36,4.54,8.89,21.26,10.36
6/29/2024,53.43,0,82.94,21950,4.1,901106.38,8.48,53.43,53.5,52.98,52.98,-0.07,0.52,0,0,82.94,82.94,82.94,82.94,21950,21950,21950,21950,4.1,4.1,4.1,4.1,901106.38,901106.38,901106.38,901106.38,11.37,4.54,8.89,21.26
7/6/2024,53.45,0.02,77.63,22890,3.9,851875.81,10.57,53.43,53.43,53.5,52.98,0,-0.07,0.52,0,82.94,82.94,82.94,82.94,21950,21950,21950,21950,4.1,4.1,4.1,4.1,901106.38,901106.38,901106.38,901106.38,8.48,11.37,4.54,8.89
7/13/2024,53.04,-0.41,77.63,22890,3.9,851875.81,11.51,53.45,53.43,53.43,53.5,0.02,0,-0.07,0.52,77.63,82.94,82.94,82.94,22890,21950,21950,21950,3.9,4.1,4.1,4.1,851875.81,901106.38,901106.38,901106.38,10.57,8.48,11.37,4.54
7/20/2024,52.86,-0.18,77.63,22890,3.9,851875.81,13.54,53.04,53.45,53.43,53.43,-0.41,0.02,0,-0.07,77.63,77.63,82.94,82.94,22890,22890,21950,21950,3.9,3.9,4.1,4.1,851875.81,851875.81,901106.38,901106.38,11.51,10.57,8.48,11.37
7/27/2024,52.6,-0.26,77.63,22890,3.9,851875.81,37.74,52.86,53.04,53.45,53.43,-0.18,-0.41,0.02,0,77.63,77.63,77.63,82.94,22890,22890,22890,21950,3.9,3.9,3.9,4.1,851875.81,851875.81,851875.81,901106.38,13.54,11.51,10.57,8.48
8/3/2024,52.55,-0.05,80.12,24920,2.8,978002.26,6.81,52.6,52.86,53.04,53.45,-0.26,-0.18,-0.41,0.02,77.63,77.63,77.63,77.63,22890,22890,22890,22890,3.9,3.9,3.9,3.9,851875.81,851875.81,851875.81,851875.81,37.74,13.54,11.51,10.57
8/10/2024,52.6,0.05,80.12,24920,2.8,978002.26,6.79,52.55,52.6,52.86,53.04,-0.05,-0.26,-0.18,-0.41,80.12,77.63,77.63,77.63,24920,22890,22890,22890,2.8,3.9,3.9,3.9,978002.26,851875.81,851875.81,851875.81,6.81,37.74,13.54,11.51
8/17/2024,52.97,0.37,80.12,24920,2.8,978002.26,2.39,52.6,52.55,52.6,52.86,0.05,-0.05,-0.26,-0.18,80.12,80.12,77.63,77.63,24920,24920,22890,22890,2.8,2.8,3.9,3.9,978002.26,978002.26,851875.81,851875.81,6.79,6.81,37.74,13.54
8/24/2024,53.04,0.07,80.12,24920,2.8,978002.26,7.33,52.97,52.6,52.55,52.6,0.37,0.05,-0.05,-0.26,80.12,80.12,80.12,77.63,24920,24920,24920,22890,2.8,2.8,2.8,3.9,978002.26,978002.26,978002.26,851875.81,2.39,6.79,6.81,37.74
8/31/2024,51.73,-1.31,80.12,24920,2.8,978002.26,10.82,53.04,52.97,52.6,52.55,0.07,0.37,0.05,-0.05,80.12,80.12,80.12,80.12,24920,24920,24920,24920,2.8,2.8,2.8,2.8,978002.26,978002.26,978002.26,978002.26,7.33,2.39,6.79,6.81
9/7/2024,51.59,-0.14,83.48,25030,3.4,778887.55,31.59,51.73,53.04,52.97,52.6,-1.31,0.07,0.37,0.05,80.12,80.12,80.12,80.12,24920,24920,24920,24920,2.8,2.8,2.8,2.8,978002.26,978002.26,978002.26,978002.26,10.82,7.33,2.39,6.79
9/14/2024,51.45,-0.14,83.48,25030,3.4,778887.55,7.63,51.59,51.73,53.04,52.97,-0.14,-1.31,0.07,0.37,83.48,80.12,80.12,80.12,25030,24920,24920,24920,3.4,2.8,2.8,2.8,778887.55,978002.26,978002.26,978002.26,31.59,10.82,7.33,2.39
9/21/2024,49.33,-2.12,83.48,25030,3.4,778887.55,11.91,51.45,51.59,51.73,53.04,-0.14,-0.14,-1.31,0.07,83.48,83.48,80.12,80.12,25030,25030,24920,24920,3.4,3.4,2.8,2.8,778887.55,778887.55,978002.26,978002.26,7.63,31.59,10.82,7.33
9/28/2024,49.31,-0.02,83.48,25030,3.4,778887.55,1.88,49.33,51.45,51.59,51.73,-2.12,-0.14,-0.14,-1.31,83.48,83.48,83.48,80.12,25030,25030,25030,24920,3.4,3.4,3.4,2.8,778887.55,778887.55,778887.55,978002.26,11.91,7.63,31.59,10.82
10/5/2024,48.72,-0.59,85.41,24550,3.7,630285.38,5.6,49.31,49.33,51.45,51.59,-0.02,-2.12,-0.14,-0.14,83.48,83.48,83.48,83.48,25030,25030,25030,25030,3.4,3.4,3.4,3.4,778887.55,778887.55,778887.55,778887.55,1.88,11.91,7.63,31.59
10/12/2024,50.21,1.49,85.41,24550,3.7,630285.38,11.93,48.72,49.31,49.33,51.45,-0.59,-0.02,-2.12,-0.14,85.41,83.48,83.48,83.48,24550,25030,25030,25030,3.7,3.4,3.4,3.4,630285.38,778887.55,778887.55,778887.55,5.6,1.88,11.91,7.63
10/19/2024,50.22,0.01,85.41,24550,3.7,630285.38,6.33,50.21,48.72,49.31,49.33,1.49,-0.59,-0.02,-2.12,85.41,85.41,83.48,83.48,24550,24550,25030,25030,3.7,3.7,3.4,3.4,630285.38,630285.38,778887.55,778887.55,11.93,5.6,1.88,11.91
10/26/2024,48.93,-1.29,85.41,24550,3.7,630285.38,49.32,50.22,50.21,48.72,49.31,0.01,1.49,-0.59,-0.02,85.41,85.41,85.41,83.48,24550,24550,24550,25030,3.7,3.7,3.7,3.4,630285.38,630285.38,630285.38,778887.55,6.33,11.93,5.6,1.88
11/2/2024,48.3,-0.63,89.94,24510,3.8,876590,1.64,48.93,50.22,50.21,48.72,-1.29,0.01,1.49,-0.59,85.41,85.41,85.41,85.41,24550,24550,24550,24550,3.7,3.7,3.7,3.7,630285.38,630285.38,630285.38,630285.38,49.32,6.33,11.93,5.6
11/9/2024,49.51,1.21,89.94,24510,3.8,876590,7.17,48.3,48.93,50.22,50.21,-0.63,-1.29,0.01,1.49,89.94,85.41,85.41,85.41,24510,24550,24550,24550,3.8,3.7,3.7,3.7,876590,630285.38,630285.38,630285.38,1.64,49.32,6.33,11.93
11/16/2024,47.81,-1.7,89.94,24510,3.8,876590,2.29,49.51,48.3,48.93,50.22,1.21,-0.63,-1.29,0.01,89.94,89.94,85.41,85.41,24510,24510,24550,24550,3.8,3.8,3.7,3.7,876590,876590,630285.38,630285.38,7.17,1.64,49.32,6.33
11/23/2024,47.3,-0.51,89.94,24510,3.8,876590,6.41,47.81,49.51,48.3,48.93,-1.7,1.21,-0.63,-1.29,89.94,89.94,89.94,85.41,24510,24510,24510,24550,3.8,3.8,3.8,3.7,876590,876590,876590,630285.38,2.29,7.17,1.64,49.32
11/30/2024,47.42,0.12,89.94,24510,3.8,876590,7.08,47.3,47.81,49.51,48.3,-0.51,-1.7,1.21,-0.63,89.94,89.94,89.94,89.94,24510,24510,24510,24510,3.8,3.8,3.8,3.8,876590,876590,876590,876590,6.41,2.29,7.17,1.64
12/7/2024,47.9,0.48,81.75,24790,3.9,1142655.42,16.96,47.42,47.3,47.81,49.51,0.12,-0.51,-1.7,1.21,89.94,89.94,89.94,89.94,24510,24510,24510,24510,3.8,3.8,3.8,3.8,876590,876590,876590,876590,7.08,6.41,2.29,7.17
12/14/2024,47.82,-0.08,81.75,24790,3.9,1142655.42,20.17,47.9,47.42,47.3,47.81,0.48,0.12,-0.51,-1.7,81.75,89.94,89.94,89.94,24790,24510,24510,24510,3.9,3.8,3.8,3.8,1142655.42,876590,876590,876590,16.96,7.08,6.41,2.29
12/21/2024,47.46,-0.36,81.75,24790,3.9,1142655.42,11.81,47.82,47.9,47.42,47.3,-0.08,0.48,0.12,-0.51,81.75,81.75,89.94,89.94,24790,24790,24510,24510,3.9,3.9,3.8,3.8,1142655.42,1142655.42,876590,876590,20.17,16.96,7.08,6.41
12/28/2024,47.38,-0.08,81.75,24790,3.9,1142655.42,22.59,47.46,47.82,47.9,47.42,-0.36,-0.08,0.48,0.12,81.75,81.75,81.75,89.94,24790,24790,24790,24510,3.9,3.9,3.9,3.8,1142655.42,1142655.42,1142655.42,876590,11.81,20.17,16.96,7.08
1/4/2025,47.28,-0.1,82.25,24650,3.7,1328853.71,15.1,47.38,47.46,47.82,47.9,-0.08,-0.36,-0.08,0.48,81.75,81.75,81.75,81.75,24790,24790,24790,24790,3.9,3.9,3.9,3.9,1142655.42,1142655.42,1142655.42,1142655.42,22.59,11.81,20.17,16.96
1/11/2025,47.37,0.09,82.25,24650,3.7,1328853.71,6.07,47.28,47.38,47.46,47.82,-0.1,-0.08,-0.36,-0.08,82.25,81.75,81.75,81.75,24650,24790,24790,24790,3.7,3.9,3.9,3.9,1328853.71,1142655.42,1142655.42,1142655.42,15.1,22.59,11.81,20.17
1/18/2025,47.06,-0.31,82.25,24650,3.7,1328853.71,10.45,47.37,47.28,47.38,47.46,0.09,-0.1,-0.08,-0.36,82.25,82.25,81.75,81.75,24650,24650,24790,24790,3.7,3.7,3.9,3.9,1328853.71,1328853.71,1142655.42,1142655.42,6.07,15.1,22.59,11.81
1/25/2025,46.09,-0.97,82.25,24650,3.7,1328853.71,1.97,47.06,47.37,47.28,47.38,-0.31,0.09,-0.1,-0.08,82.25,82.25,82.25,81.75,24650,24650,24650,24790,3.7,3.7,3.7,3.9,1328853.71,1328853.71,1328853.71,1142655.42,10.45,6.07,15.1,22.59
2/1/2025,45.93,-0.16,85.15,24360,4.4,1324469.14,6.95,46.09,47.06,47.37,47.28,-0.97,-0.31,0.09,-0.1,82.25,82.25,82.25,82.25,24650,24650,24650,24650,3.7,3.7,3.7,3.7,1328853.71,1328853.71,1328853.71,1328853.71,1.97,10.45,6.07,15.1
2/8/2025,45.34,-0.59,85.15,24360,4.4,1324469.14,10.05,45.93,46.09,47.06,47.37,-0.16,-0.97,-0.31,0.09,85.15,82.25,82.25,82.25,24360,24650,24650,24650,4.4,3.7,3.7,3.7,1324469.14,1328853.71,1328853.71,1328853.71,6.95,1.97,10.45,6.07
2/15/2025,45.09,-0.25,85.15,24360,4.4,1324469.14,12.28,45.34,45.93,46.09,47.06,-0.59,-0.16,-0.97,-0.31,85.15,85.15,82.25,82.25,24360,24360,24650,24650,4.4,4.4,3.7,3.7,1324469.14,1324469.14,1328853.71,1328853.71,10.05,6.95,1.97,10.45
2/22/2025,45.49,0.4,85.15,24360,4.4,1324469.14,7.24,45.09,45.34,45.93,46.09,-0.25,-0.59,-0.16,-0.97,85.15,85.15,85.15,82.25,24360,24360,24360,24650,4.4,4.4,4.4,3.7,1324469.14,1324469.14,1324469.14,1328853.71,12.28,10.05,6.95,1.97
3/1/2025,45.04,-0.45,80.36,23440,3.3,1165003.64,1.93,45.49,45.09,45.34,45.93,0.4,-0.25,-0.59,-0.16,85.15,85.15,85.15,85.15,24360,24360,24360,24360,4.4,4.4,4.4,4.4,1324469.14,1324469.14,1324469.14,1324469.14,7.24,12.28,10.05,6.95
3/8/2025,45.12,0.08,80.36,23440,3.3,1165003.64,4.8,45.04,45.49,45.09,45.34,-0.45,0.4,-0.25,-0.59,80.36,85.15,85.15,85.15,23440,24360,24360,24360,3.3,4.4,4.4,4.4,1165003.64,1324469.14,1324469.14,1324469.14,1.93,7.24,12.28,10.05
3/15/2025,44.47,-0.65,80.36,23440,3.3,1165003.64,5.38,45.12,45.04,45.49,45.09,0.08,-0.45,0.4,-0.25,80.36,80.36,85.15,85.15,23440,23440,24360,24360,3.3,3.3,4.4,4.4,1165003.64,1165003.64,1324469.14,1324469.14,4.8,1.93,7.24,12.28
3/22/2025,44.55,0.08,80.36,23440,3.3,1165003.64,2.45,44.47,45.12,45.04,45.49,-0.65,0.08,-0.45,0.4,80.36,80.36,80.36,85.15,23440,23440,23440,24360,3.3,3.3,3.3,4.4,1165003.64,1165003.64,1165003.64,1324469.14,5.38,4.8,1.93,7.24
3/29/2025,44.19,-0.36,80.36,23440,3.3,1165003.64,3.58,44.55,44.47,45.12,45.04,0.08,-0.65,0.08,-0.45,80.36,80.36,80.36,80.36,23440,23440,23440,23440,3.3,3.3,3.3,3.3,1165003.64,1165003.64,1165003.64,1165003.64,2.45,5.38,4.8,1.93
4/5/2025,43.97,-0.22,74.02,22330,1.9,1050261.77,7.15,44.19,44.55,44.47,45.12,-0.36,0.08,-0.65,0.08,80.36,80.36,80.36,80.36,23440,23440,23440,23440,3.3,3.3,3.3,3.3,1165003.64,1165003.64,1165003.64,1165003.64,3.58,2.45,5.38,4.8
4/12/2025,43.48,-0.49,74.02,22330,1.9,1050261.77,0.7,43.97,44.19,44.55,44.47,-0.22,-0.36,0.08,-0.65,74.02,80.36,80.36,80.36,22330,23440,23440,23440,1.9,3.3,3.3,3.3,1050261.77,1165003.64,1165003.64,1165003.64,7.15,3.58,2.45,5.38
4/19/2025,43.48,0,74.02,22330,1.9,1050261.77,0.45,43.48,43.97,44.19,44.55,-0.49,-0.22,-0.36,0.08,74.02,74.02,80.36,80.36,22330,22330,23440,23440,1.9,1.9,3.3,3.3,1050261.77,1050261.77,1165003.64,1165003.64,0.7,7.15,3.58,2.45
4/26/2025,43.5,0.02,74.02,22330,1.9,1050261.77,0.06,43.48,43.48,43.97,44.19,0,-0.49,-0.22,-0.36,74.02,74.02,74.02,80.36,22330,22330,22330,23440,1.9,1.9,1.9,3.3,1050261.77,1050261.77,1050261.77,1165003.64,0.45,0.7,7.15,3.58
5/3/2025,43.78,0.28,75.63,20470,2.3,1210759.99,3.86,43.5,43.48,43.48,43.97,0.02,0,-0.49,-0.22,74.02,74.02,74.02,74.02,22330,22330,22330,22330,1.9,1.9,1.9,1.9,1050261.77,1050261.77,1050261.77,1050261.77,0.06,0.45,0.7,7.15
5/10/2025,43.18,-0.6,75.63,20470,2.3,1210759.99,8.79,43.78,43.5,43.48,43.48,0.28,0.02,0,-0.49,75.63,74.02,74.02,74.02,20470,22330,22330,22330,2.3,1.9,1.9,1.9,1210759.99,1050261.77,1050261.77,1050261.77,3.86,0.06,0.45,0.7
5/17/2025,43.35,0.17,75.63,20470,2.3,1210759.99,7.13,43.18,43.78,43.5,43.48,-0.6,0.28,0.02,0,75.63,75.63,74.02,74.02,20470,20470,22330,22330,2.3,2.3,1.9,1.9,1210759.99,1210759.99,1050261.77,1050261.77,8.79,3.86,0.06,0.45
5/24/2025,43.85,0.5,75.63,20470,2.3,1210759.99,3.33,43.35,43.18,43.78,43.5,0.17,-0.6,0.28,0.02,75.63,75.63,75.63,74.02,20470,20470,20470,22330,2.3,2.3,2.3,1.9,1210759.99,1210759.99,1210759.99,1050261.77,7.13,8.79,3.86,0.06
5/31/2025,43.45,-0.4,75.63,20470,2.3,1210759.99,8.41,43.85,43.35,43.18,43.78,0.5,0.17,-0.6,0.28,75.63,75.63,75.63,75.63,20470,20470,20470,20470,2.3,2.3,2.3,2.3,1210759.99,1210759.99,1210759.99,1210759.99,3.33,7.13,8.79,3.86
6/7/2025,43.11,-0.34,74.35,20230,2.5,1418557.09,8.58,43.45,43.85,43.35,43.18,-0.4,0.5,0.17,-0.6,75.63,75.63,75.63,75.63,20470,20470,20470,20470,2.3,2.3,2.3,2.3,1210759.99,1210759.99,1210759.99,1210759.99,8.41,3.33,7.13,8.79
6/14/2025,44.1,0.99,74.35,20230,2.5,1418557.09,8.21,43.11,43.45,43.85,43.35,-0.34,-0.4,0.5,0.17,74.35,75.63,75.63,75.63,20230,20470,20470,20470,2.5,2.3,2.3,2.3,1418557.09,1210759.99,1210759.99,1210759.99,8.58,8.41,3.33,7.13
6/21/2025,43.64,-0.46,74.35,20230,2.5,1418557.09,11.4,44.1,43.11,43.45,43.85,0.99,-0.34,-0.4,0.5,74.35,74.35,75.63,75.63,20230,20230,20470,20470,2.5,2.5,2.3,2.3,1418557.09,1418557.09,1210759.99,1210759.99,8.21,8.58,8.41,3.33
6/28/2025,43.72,0.08,74.35,20230,2.5,1418557.09,12.81,43.64,44.1,43.11,43.45,-0.46,0.99,-0.34,-0.4,74.35,74.35,74.35,75.63,20230,20230,20230,20470,2.5,2.5,2.5,2.3,1418557.09,1418557.09,1418557.09,1210759.99,11.4,8.21,8.58,8.41
7/5/2025,42.94,-0.78,73.86,20700,2.9,1514261.25,9.94,43.72,43.64,44.1,43.11,0.08,-0.46,0.99,-0.34,74.35,74.35,74.35,74.35,20230,20230,20230,20230,2.5,2.5,2.5,2.5,1418557.09,1418557.09,1418557.09,1418557.09,12.81,11.4,8.21,8.58
7/12/2025,44.02,1.08,73.86,20700,2.9,1514261.25,5.33,42.94,43.72,43.64,44.1,-0.78,0.08,-0.46,0.99,73.86,74.35,74.35,74.35,20700,20230,20230,20230,2.9,2.5,2.5,2.5,1514261.25,1418557.09,1418557.09,1418557.09,9.94,12.81,11.4,8.21
7/19/2025,43.81,-0.21,73.86,20700,2.9,1514261.25,16.06,44.02,42.94,43.72,43.64,1.08,-0.78,0.08,-0.46,73.86,73.86,74.35,74.35,20700,20700,20230,20230,2.9,2.9,2.5,2.5,1514261.25,1514261.25,1418557.09,1418557.09,5.33,9.94,12.81,11.4
7/26/2025,43.93,0.12,73.86,20700,2.9,1514261.25,43.26,43.81,44.02,42.94,43.72,-0.21,1.08,-0.78,0.08,73.86,73.86,73.86,74.35,20700,20700,20700,20230,2.9,2.9,2.9,2.5,1514261.25,1514261.25,1514261.25,1418557.09,16.06,5.33,9.94,12.81
8/2/2025,43.94,0.01,79.27,20680,2.9,860797.99,3.56,43.93,43.81,44.02,42.94,0.12,-0.21,1.08,-0.78,73.86,73.86,73.86,73.86,20700,20700,20700,20700,2.9,2.9,2.9,2.9,1514261.25,1514261.25,1514261.25,1514261.25,43.26,16.06,5.33,9.94
8/9/2025,44.16,0.22,79.27,20680,2.9,860797.99,3.63,43.94,43.93,43.81,44.02,0.01,0.12,-0.21,1.08,79.27,73.86,73.86,73.86,20680,20700,20700,20700,2.9,2.9,2.9,2.9,860797.99,1514261.25,1514261.25,1514261.25,3.56,43.26,16.06,5.33
8/16/2025,44.21,0.05,79.27,20680,2.9,860797.99,11.18,44.16,43.94,43.93,43.81,0.22,0.01,0.12,-0.21,79.27,79.27,73.86,73.86,20680,20680,20700,20700,2.9,2.9,2.9,2.9,860797.99,860797.99,1514261.25,1514261.25,3.63,3.56,43.26,16.06
8/23/2025,44.32,0.11,79.27,20680,2.9,860797.99,10.35,44.21,44.16,43.94,43.93,0.05,0.22,0.01,0.12,79.27,79.27,79.27,73.86,20680,20680,20680,20700,2.9,2.9,2.9,2.9,860797.99,860797.99,860797.99,1514261.25,11.18,3.63,3.56,43.26
8/30/2025,43.99,-0.33,79.27,20680,2.9,860797.99,15.08,44.32,44.21,44.16,43.94,0.11,0.05,0.22,0.01,79.27,79.27,79.27,79.27,20680,20680,20680,20680,2.9,2.9,2.9,2.9,860797.99,860797.99,860797.99,860797.99,10.35,11.18,3.63,3.56
9/6/2025,44.84,0.85,75.44,20290,2.1,922495.98,11.41,43.99,44.32,44.21,44.16,-0.33,0.11,0.05,0.22,79.27,79.27,79.27,79.27,20680,20680,20680,20680,2.9,2.9,2.9,2.9,860797.99,860797.99,860797.99,860797.99,15.08,10.35,11.18,3.63
9/13/2025,45.32,0.48,75.44,20290,2.1,922495.98,15.12,44.84,43.99,44.32,44.21,0.85,-0.33,0.11,0.05,75.44,79.27,79.27,79.27,20290,20680,20680,20680,2.1,2.9,2.9,2.9,922495.98,860797.99,860797.99,860797.99,11.41,15.08,10.35,11.18
9/20/2025,44.77,-0.55,75.44,20290,2.1,922495.98,14.93,45.32,44.84,43.99,44.32,0.48,0.85,-0.33,0.11,75.44,75.44,79.27,79.27,20290,20290,20680,20680,2.1,2.1,2.9,2.9,922495.98,922495.98,860797.99,860797.99,15.12,11.41,15.08,10.35
9/27/2025,43.28,-1.49,75.44,20290,2.1,922495.98,20.68,44.77,45.32,44.84,43.99,-0.55,0.48,0.85,-0.33,75.44,75.44,75.44,79.27,20290,20290,20290,20680,2.1,2.1,2.1,2.9,922495.98,922495.98,922495.98,860797.99,14.93,15.12,11.41,15.08
10/4/2025,42.78,-0.5,72.73,18570,1.8,527777.55,13,43.28,44.77,45.32,44.84,-1.49,-0.55,0.48,0.85,75.44,75.44,75.44,75.44,20290,20290,20290,20290,2.1,2.1,2.1,2.1,922495.98,922495.98,922495.98,922495.98,20.68,14.93,15.12,11.41
10/11/2025,43.45,0.67,72.73,18570,1.8,527777.55,12.07,42.78,43.28,44.77,45.32,-0.5,-1.49,-0.55,0.48,72.73,75.44,75.44,75.44,18570,20290,20290,20290,1.8,2.1,2.1,2.1,527777.55,922495.98,922495.98,922495.98,13,20.68,14.93,15.12
10/18/2025,42.41,-1.04,72.73,18570,1.8,527777.55,14.21,43.45,42.78,43.28,44.77,0.67,-0.5,-1.49,-0.55,72.73,72.73,75.44,75.44,18570,18570,20290,20290,1.8,1.8,2.1,2.1,527777.55,527777.55,922495.98,922495.98,12.07,13,20.68,14.93
10/25/2025,42.47,0.06,72.73,18570,1.8,527777.55,14.96,42.41,43.45,42.78,43.28,-1.04,0.67,-0.5,-1.49,72.73,72.73,72.73,75.44,18570,18570,18570,20290,1.8,1.8,1.8,2.1,527777.55,527777.55,527777.55,922495.98,14.21,12.07,13,20.68
11/1/2025,41.71,-0.76,68.13,17690,1.4,820838.11,13.94,42.47,42.41,43.45,42.78,0.06,-1.04,0.67,-0.5,72.73,72.73,72.73,72.73,18570,18570,18570,18570,1.8,1.8,1.8,1.8,527777.55,527777.55,527777.55,527777.55,14.96,14.21,12.07,13
11/8/2025,40.48,-1.23,68.13,17690,1.4,820838.11,20.16,41.71,42.47,42.41,43.45,-0.76,0.06,-1.04,0.67,68.13,72.73,72.73,72.73,17690,18570,18570,18570,1.4,1.8,1.8,1.8,820838.11,527777.55,527777.55,527777.55,13.94,14.96,14.21,12.07
11/15/2025,43.8,3.32,68.13,17690,1.4,820838.11,24.78,40.48,41.71,42.47,42.41,-1.23,-0.76,0.06,-1.04,68.13,68.13,72.73,72.73,17690,17690,18570,18570,1.4,1.4,1.8,1.8,820838.11,820838.11,527777.55,527777.55,20.16,13.94,14.96,14.21
11/22/2025,45.09,1.29,68.13,17690,1.4,820838.11,12.22,43.8,40.48,41.71,42.47,3.32,-1.23,-0.76,0.06,68.13,68.13,68.13,72.73,17690,17690,17690,18570,1.4,1.4,1.4,1.8,820838.11,820838.11,820838.11,527777.55,24.78,20.16,13.94,14.96
11/29/2025,44.48,-0.61,68.13,17690,1.4,820838.11,18.43,45.09,43.8,40.48,41.71,1.29,3.32,-1.23,-0.76,68.13,68.13,68.13,68.13,17690,17690,17690,17690,1.4,1.4,1.4,1.4,820838.11,820838.11,820838.11,820838.11,12.22,24.78,20.16,13.94
12/6/2025,45.15,0.67,64.45,17750,1.3,803439.85,7.05,44.48,45.09,43.8,40.48,-0.61,1.29,3.32,-1.23,68.13,68.13,68.13,68.13,17690,17690,17690,17690,1.4,1.4,1.4,1.4,820838.11,820838.11,820838.11,820838.11,18.43,12.22,24.78,20.16
12/13/2025,44.75,-0.4,64.45,17750,1.3,803439.85,14.98,45.15,44.48,45.09,43.8,0.67,-0.61,1.29,3.32,64.45,68.13,68.13,68.13,17750,17690,17690,17690,1.3,1.4,1.4,1.4,803439.85,820838.11,820838.11,820838.11,7.05,18.43,12.22,24.78
12/20/2025,44.64,-0.11,64.45,17750,1.3,803439.85,17.67,44.75,45.15,44.48,45.09,-0.4,0.67,-0.61,1.29,64.45,64.45,68.13,68.13,17750,17750,17690,17690,1.3,1.3,1.4,1.4,803439.85,803439.85,820838.11,820838.11,14.98,7.05,18.43,12.22
12/27/2025,45.08,0.44,64.45,17750,1.3,803439.85,9.17,44.64,44.75,45.15,44.48,-0.11,-0.4,0.67,-0.61,64.45,64.45,64.45,68.13,17750,17750,17750,17690,1.3,1.3,1.3,1.4,803439.85,803439.85,803439.85,820838.11,17.67,14.98,7.05,18.43
1/3/2026,45.08,0,71.44,16990,1.4,814385.31,6.82,45.08,44.64,44.75,45.15,0.44,-0.11,-0.4,0.67,64.45,64.45,64.45,64.45,17750,17750,17750,17750,1.3,1.3,1.3,1.3,803439.85,803439.85,803439.85,803439.85,9.17,17.67,14.98,7.05
1/10/2026,46.21,1.13,71.44,16990,1.4,814385.31,13.86,45.08,45.08,44.64,44.75,0,0.44,-0.11,-0.4,71.44,64.45,64.45,64.45,16990,17750,17750,17750,1.4,1.3,1.3,1.3,814385.31,803439.85,803439.85,803439.85,6.82,9.17,17.67,14.98
1/17/2026,46.17,-0.04,71.44,16990,1.4,814385.31,5.24,46.21,45.08,45.08,44.64,1.13,0,0.44,-0.11,71.44,71.44,64.45,64.45,16990,16990,17750,17750,1.4,1.4,1.3,1.3,814385.31,814385.31,803439.85,803439.85,13.86,6.82,9.17,17.67
1/24/2026,46.37,0.2,71.44,16990,1.4,814385.31,1.55,46.17,46.21,45.08,45.08,-0.04,1.13,0,0.44,71.44,71.44,71.44,64.45,16990,16990,16990,17750,1.4,1.4,1.4,1.3,814385.31,814385.31,814385.31,803439.85,5.24,13.86,6.82,9.17
1/31/2026,46.39,0.02,71.44,16990,1.4,814385.31,4.21,46.37,46.17,46.21,45.08,0.2,-0.04,1.13,0,71.44,71.44,71.44,71.44,16990,16990,16990,16990,1.4,1.4,1.4,1.4,814385.31,814385.31,814385.31,814385.31,1.55,5.24,13.86,6.82
2/7/2026,46.3,-0.09,71.04,17360,0.9,1343908.45,1.84,46.39,46.37,46.17,46.21,0.02,0.2,-0.04,1.13,71.44,71.44,71.44,71.44,16990,16990,16990,16990,1.4,1.4,1.4,1.4,814385.31,814385.31,814385.31,814385.31,4.21,1.55,5.24,13.86
2/14/2026,50.52,4.22,71.04,17360,0.9,1343908.45,12.2,46.3,46.39,46.37,46.17,-0.09,0.02,0.2,-0.04,71.04,71.44,71.44,71.44,17360,16990,16990,16990,0.9,1.4,1.4,1.4,1343908.45,814385.31,814385.31,814385.31,1.84,4.21,1.55,5.24
2/21/2026,47.71,-2.81,71.04,17360,0.9,1343908.45,3.4,50.52,46.3,46.39,46.37,4.22,-0.09,0.02,0.2,71.04,71.04,71.44,71.44,17360,17360,16990,16990,0.9,0.9,1.4,1.4,1343908.45,1343908.45,814385.31,814385.31,12.2,1.84,4.21,1.55
2/28/2026,47.27,-0.44,71.04,17360,0.9,1343908.45,1.45,47.71,50.52,46.3,46.39,-2.81,4.22,-0.09,0.02,71.04,71.04,71.04,71.44,17360,17360,17360,16990,0.9,0.9,0.9,1.4,1343908.45,1343908.45,1343908.45,814385.31,3.4,12.2,1.84,4.21
3/7/2026,47.48,0.21,67.87,17060,1.5,1030751.52,0.58,47.27,47.71,50.52,46.3,-0.44,-2.81,4.22,-0.09,71.04,71.04,71.04,71.04,17360,17360,17360,17360,0.9,0.9,0.9,0.9,1343908.45,1343908.45,1343908.45,1343908.45,1.45,3.4,12.2,1.84
3/14/2026,47.65,0.17,67.87,17060,1.5,1030751.52,2.32,47.48,47.27,47.71,50.52,0.21,-0.44,-2.81,4.22,67.87,71.04,71.04,71.04,17060,17360,17360,17360,1.5,0.9,0.9,0.9,1030751.52,1343908.45,1343908.45,1343908.45,0.58,1.45,3.4,12.2
3/21/2026,47.8,0.15,67.87,17060,1.5,1030751.52,0.8,47.65,47.48,47.27,47.71,0.17,0.21,-0.44,-2.81,67.87,67.87,71.04,71.04,17060,17060,17360,17360,1.5,1.5,0.9,0.9,1030751.52,1030751.52,1343908.45,1343908.45,2.32,0.58,1.45,3.4
3/28/2026,47.94,0.14,67.87,17060,1.5,1030751.52,0.54,47.8,47.65,47.48,47.27,0.15,0.17,0.21,-0.44,67.87,67.87,67.87,71.04,17060,17060,17060,17360,1.5,1.5,1.5,0.9,1030751.52,1030751.52,1030751.52,1343908.45,0.8,2.32,0.58,1.45
4/4/2026,47.95,0.01,67.99,15600,1.7,815346.38,0.01,47.94,47.8,47.65,47.48,0.14,0.15,0.17,0.21,67.87,67.87,67.87,67.87,17060,17060,17060,17060,1.5,1.5,1.5,1.5,1030751.52,1030751.52,1030751.52,1030751.52,0.54,0.8,2.32,0.58
4/11/2026,47.93,-0.02,67.99,15600,1.7,815346.38,0.07,47.95,47.94,47.8,47.65,0.01,0.14,0.15,0.17,67.99,67.87,67.87,67.87,15600,17060,17060,17060,1.7,1.5,1.5,1.5,815346.38,1030751.52,1030751.52,1030751.52,0.01,0.54,0.8,2.32
4/18/2026,47.96,0.03,67.99,15600,1.7,815346.38,0,47.93,47.95,47.94,47.8,-0.02,0.01,0.14,0.15,67.99,67.99,67.87,67.87,15600,15600,17060,17060,1.7,1.7,1.5,1.5,815346.38,815346.38,1030751.52,1030751.52,0.07,0.01,0.54,0.8
4/25/2026,48.05,0.09,67.99,15600,1.7,815346.38,0.33,47.96,47.93,47.95,47.94,0.03,-0.02,0.01,0.14,67.99,67.99,67.99,67.87,15600,15600,15600,17060,1.7,1.7,1.7,1.5,815346.38,815346.38,815346.38,1030751.52,0,0.07,0.01,0.54
5/2/2026,48,-0.05,64.54,15890,1.7,954908.93,1.1,48.05,47.96,47.93,47.95,0.09,0.03,-0.02,0.01,67.99,67.99,67.99,67.99,15600,15600,15600,15600,1.7,1.7,1.7,1.7,815346.38,815346.38,815346.38,815346.38,0.33,0,0.07,0.01
5/9/2026,48.01,0.01,64.54,15890,1.7,954908.93,1.58,48,48.05,47.96,47.93,-0.05,0.09,0.03,-0.02,64.54,67.99,67.99,67.99,15890,15600,15600,15600,1.7,1.7,1.7,1.7,954908.93,815346.38,815346.38,815346.38,1.1,0.33,0,0.07
5/16/2026,48.06,0.05,64.54,15890,1.7,954908.93,2.51,48.01,48,48.05,47.96,0.01,-0.05,0.09,0.03,64.54,64.54,67.99,67.99,15890,15890,15600,15600,1.7,1.7,1.7,1.7,954908.93,954908.93,815346.38,815346.38,1.58,1.1,0.33,0
5/23/2026,48.03,-0.03,64.54,15890,1.7,954908.93,3.48,48.06,48.01,48,48.05,0.05,0.01,-0.05,0.09,64.54,64.54,64.54,67.99,15890,15890,15890,15600,1.7,1.7,1.7,1.7,954908.93,954908.93,954908.93,815346.38,2.51,1.58,1.1,0.33
5/30/2026,49.99,1.96,64.54,15890,1.7,954908.93,2.29,48.03,48.06,48.01,48,-0.03,0.05,0.01,-0.05,64.54,64.54,64.54,64.54,15890,15890,15890,15890,1.7,1.7,1.7,1.7,954908.93,954908.93,954908.93,954908.93,3.48,2.51,1.58,1.1
6/6/2026,48.02,-1.97,63.8,15980,1.5,944142.43,5.03,49.99,48.03,48.06,48.01,1.96,-0.03,0.05,0.01,64.54,64.54,64.54,64.54,15890,15890,15890,15890,1.7,1.7,1.7,1.7,954908.93,954908.93,954908.93,954908.93,2.29,3.48,2.51,1.58
6/13/2026,47.94,-0.08,63.8,15980,1.5,944142.43,3.04,48.02,49.99,48.03,48.06,-1.97,1.96,-0.03,0.05,63.8,64.54,64.54,64.54,15980,15890,15890,15890,1.5,1.7,1.7,1.7,944142.43,954908.93,954908.93,954908.93,5.03,2.29,3.48,2.51
6/20/2026,47.92,-0.02,63.8,15980,1.5,944142.43,4,47.94,48.02,49.99,48.03,-0.08,-1.97,1.96,-0.03,63.8,63.8,64.54,64.54,15980,15980,15890,15890,1.5,1.5,1.7,1.7,944142.43,944142.43,954908.93,954908.93,3.04,5.03,2.29,3.48
6/27/2026,47.98,0.06,63.8,15980,1.5,944142.43,3.6,47.92,47.94,48.02,49.99,-0.02,-0.08,-1.97,1.96,63.8,63.8,63.8,64.54,15980,15980,15980,15890,1.5,1.5,1.5,1.7,944142.43,944142.43,944142.43,954908.93,4,3.04,5.03,2.29
