Date,Premium_PHP_kg_I,Price_Change_I02,Brent_Oil_USD,Farmgate_LCU_tonne,Inflation_Rate,Stocks_MT,Rainfall_mm,Premium_PHP_kg_I_lag1,Premium_PHP_kg_I_lag2,Premium_PHP_kg_I_lag3,Premium_PHP_kg_I_lag4,Price_Change_I02_lag1,Price_Change_I02_lag2,Price_Change_I02_lag3,Price_Change_I02_lag4,Brent_Oil_USD_lag1,Brent_Oil_USD_lag2,Brent_Oil_USD_lag3,Brent_Oil_USD_lag4,Farmgate_LCU_tonne_lag1,Farmgate_LCU_tonne_lag2,Farmgate_LCU_tonne_lag3,Farmgate_LCU_tonne_lag4,Inflation_Rate_lag1,Inflation_Rate_lag2,Inflation_Rate_lag3,Inflation_Rate_lag4,Stocks_MT_lag1,Stocks_MT_lag2,Stocks_MT_lag3,Stocks_MT_lag4,Rainfall_mm_lag1,Rainfall_mm_lag2,Rainfall_mm_lag3,Rainfall_mm_lag4
9/23/2023,54.79,-0.94,82.59,18190,8.6,541210,8.84,55.73,55.07,55.33,51.85,0.66,-0.26,3.48,3.48,82.59,82.59,82.59,82.5,18190,18190,18190,17740,8.6,8.6,8.6,8.7,541210,541210,541210,651930,5.44,5.78,14.99,6.22
9/30/2023,53.99,-0.8,82.59,18190,8.6,541210,8.06,54.79,55.73,55.07,55.33,-0.94,0.66,-0.26,3.48,82.59,82.59,82.59,82.59,18190,18190,18190,18190,8.6,8.6,8.6,8.6,541210,541210,541210,541210,8.84,5.44,5.78,14.99
10/7/2023,54.97,0.98,78.43,18570,7.6,494252.94,6.55,53.99,54.79,55.73,55.07,-0.8,-0.94,0.66,-0.26,82.59,82.59,82.59,82.59,18190,18190,18190,18190,8.6,8.6,8.6,8.6,541210,541210,541210,541210,8.06,8.84,5.44,5.78
10/14/2023,54.97,0,78.43,18570,7.6,494252.94,9.55,54.97,53.99,54.79,55.73,0.98,-0.8,-0.94,0.66,78.43,82.59,82.59,82.59,18570,18190,18190,18190,7.6,8.6,8.6,8.6,494252.94,541210,541210,541210,6.55,8.06,8.84,5.44
10/21/2023,54.83,-0.14,78.43,18570,7.6,494252.94,12.1,54.97,54.97,53.99,54.79,0,0.98,-0.8,-0.94,78.43,78.43,82.59,82.59,18570,18570,18190,18190,7.6,7.6,8.6,8.6,494252.94,494252.94,541210,541210,9.55,6.55,8.06,8.84
10/28/2023,55.71,0.88,78.43,18570,7.6,494252.94,6.27,54.83,54.97,54.97,53.99,-0.14,0,0.98,-0.8,78.43,78.43,78.43,82.59,18570,18570,18570,18190,7.6,7.6,7.6,8.6,494252.94,494252.94,494252.94,541210,12.1,9.55,6.55,8.06
11/4/2023,54.67,-1.04,84.64,18790,6.6,728730.7,7.62,55.71,54.83,54.97,54.97,0.88,-0.14,0,0.98,78.43,78.43,78.43,78.43,18570,18570,18570,18570,7.6,7.6,7.6,7.6,494252.94,494252.94,494252.94,494252.94,6.27,12.1,9.55,6.55
11/11/2023,56.61,1.94,84.64,18790,6.6,728730.7,8.52,54.67,55.71,54.83,54.97,-1.04,0.88,-0.14,0,84.64,78.43,78.43,78.43,18790,18570,18570,18570,6.6,7.6,7.6,7.6,728730.7,494252.94,494252.94,494252.94,7.62,6.27,12.1,9.55
11/18/2023,57.18,0.57,84.64,18790,6.6,728730.7,11.96,56.61,54.67,55.71,54.83,1.94,-1.04,0.88,-0.14,84.64,84.64,78.43,78.43,18790,18790,18570,18570,6.6,6.6,7.6,7.6,728730.7,728730.7,494252.94,494252.94,8.52,7.62,6.27,12.1
11/25/2023,57.21,0.03,84.64,18790,6.6,728730.7,12.02,57.18,56.61,54.67,55.71,0.57,1.94,-1.04,0.88,84.64,84.64,84.64,78.43,18790,18790,18790,18570,6.6,6.6,6.6,7.6,728730.7,728730.7,728730.7,494252.94,11.96,8.52,7.62,6.27
12/2/2023,57.91,0.7,75.47,19060,6.1,787970.99,12.97,57.21,57.18,56.61,54.67,0.03,0.57,1.94,-1.04,84.64,84.64,84.64,84.64,18790,18790,18790,18790,6.6,6.6,6.6,6.6,728730.7,728730.7,728730.7,728730.7,12.02,11.96,8.52,7.62
12/9/2023,57.52,-0.39,75.47,19060,6.1,787970.99,6.3,57.91,57.21,57.18,56.61,0.7,0.03,0.57,1.94,75.47,84.64,84.64,84.64,19060,18790,18790,18790,6.1,6.6,6.6,6.6,787970.99,728730.7,728730.7,728730.7,12.97,12.02,11.96,8.52
12/16/2023,57.47,-0.05,75.47,19060,6.1,787970.99,7.51,57.52,57.91,57.21,57.18,-0.39,0.7,0.03,0.57,75.47,75.47,84.64,84.64,19060,19060,18790,18790,6.1,6.1,6.6,6.6,787970.99,787970.99,728730.7,728730.7,6.3,12.97,12.02,11.96
12/23/2023,57.28,-0.19,75.47,19060,6.1,787970.99,19.95,57.47,57.52,57.91,57.21,-0.05,-0.39,0.7,0.03,75.47,75.47,75.47,84.64,19060,19060,19060,18790,6.1,6.1,6.1,6.6,787970.99,787970.99,787970.99,728730.7,7.51,6.3,12.97,12.02
12/30/2023,57.24,-0.04,75.47,19060,6.1,787970.99,9.35,57.28,57.47,57.52,57.91,-0.19,-0.05,-0.39,0.7,75.47,75.47,75.47,75.47,19060,19060,19060,19060,6.1,6.1,6.1,6.1,787970.99,787970.99,787970.99,787970.99,19.95,7.51,6.3,12.97
1/6/2024,57.45,0.21,74.84,19230,5.4,848107.9,2.54,57.24,57.28,57.47,57.52,-0.04,-0.19,-0.05,-0.39,75.47,75.47,75.47,75.47,19060,19060,19060,19060,6.1,6.1,6.1,6.1,787970.99,787970.99,787970.99,787970.99,9.35,19.95,7.51,6.3
1/13/2024,57.85,0.4,74.84,19230,5.4,848107.9,3.43,57.45,57.24,57.28,57.47,0.21,-0.04,-0.19,-0.05,74.84,75.47,75.47,75.47,19230,19060,19060,19060,5.4,6.1,6.1,6.1,848107.9,787970.99,787970.99,787970.99,2.54,9.35,19.95,7.51
1/20/2024,57.92,0.07,74.84,19230,5.4,848107.9,2.99,57.85,57.45,57.24,57.28,0.4,0.21,-0.04,-0.19,74.84,74.84,75.47,75.47,19230,19230,19060,19060,5.4,5.4,6.1,6.1,848107.9,848107.9,787970.99,787970.99,3.43,2.54,9.35,19.95
1/27/2024,58.01,0.09,74.84,19230,5.4,848107.9,4.14,57.92,57.85,57.45,57.24,0.07,0.4,0.21,-0.04,74.84,74.84,74.84,75.47,19230,19230,19230,19060,5.4,5.4,5.4,6.1,848107.9,848107.9,848107.9,787970.99,2.99,3.43,2.54,9.35
2/3/2024,58.03,0.02,80.11,19440,4.7,984761.41,1.91,58.01,57.92,57.85,57.45,0.09,0.07,0.4,0.21,74.84,74.84,74.84,74.84,19230,19230,19230,19230,5.4,5.4,5.4,5.4,848107.9,848107.9,848107.9,848107.9,4.14,2.99,3.43,2.54
2/10/2024,57.95,-0.08,80.11,19440,4.7,984761.41,0.48,58.03,58.01,57.92,57.85,0.02,0.09,0.07,0.4,80.11,74.84,74.84,74.84,19440,19230,19230,19230,4.7,5.4,5.4,5.4,984761.41,848107.9,848107.9,848107.9,1.91,4.14,2.99,3.43
2/17/2024,57.7,-0.25,80.11,19440,4.7,984761.41,1.43,57.95,58.03,58.01,57.92,-0.08,0.02,0.09,0.07,80.11,80.11,74.84,74.84,19440,19440,19230,19230,4.7,4.7,5.4,5.4,984761.41,984761.41,848107.9,848107.9,0.48,1.91,4.14,2.99
2/24/2024,57.87,0.17,80.11,19440,4.7,984761.41,1.45,57.7,57.95,58.03,58.01,-0.25,-0.08,0.02,0.09,80.11,80.11,80.11,74.84,19440,19440,19440,19230,4.7,4.7,4.7,5.4,984761.41,984761.41,984761.41,848107.9,1.43,0.48,1.91,4.14
3/2/2024,58.12,0.25,86.15,22160,5.3,945096.67,0.91,57.87,57.7,57.95,58.03,0.17,-0.25,-0.08,0.02,80.11,80.11,80.11,80.11,19440,19440,19440,19440,4.7,4.7,4.7,4.7,984761.41,984761.41,984761.41,984761.41,1.45,1.43,0.48,1.91
3/9/2024,58.21,0.09,86.15,22160,5.3,945096.67,0.85,58.12,57.87,57.7,57.95,0.25,0.17,-0.25,-0.08,86.15,80.11,80.11,80.11,22160,19440,19440,19440,5.3,4.7,4.7,4.7,945096.67,984761.41,984761.41,984761.41,0.91,1.45,1.43,0.48
3/16/2024,57.9,-0.31,86.15,22160,5.3,945096.67,3.46,58.21,58.12,57.87,57.7,0.09,0.25,0.17,-0.25,86.15,86.15,80.11,80.11,22160,22160,19440,19440,5.3,5.3,4.7,4.7,945096.67,945096.67,984761.41,984761.41,0.85,0.91,1.45,1.43
3/23/2024,57.94,0.04,86.15,22160,5.3,945096.67,1.95,57.9,58.21,58.12,57.87,-0.31,0.09,0.25,0.17,86.15,86.15,86.15,80.11,22160,22160,22160,19440,5.3,5.3,5.3,4.7,945096.67,945096.67,945096.67,984761.41,3.46,0.85,0.91,1.45
3/30/2024,57.73,-0.21,86.15,22160,5.3,945096.67,3.7,57.94,57.9,58.21,58.12,0.04,-0.31,0.09,0.25,86.15,86.15,86.15,86.15,22160,22160,22160,22160,5.3,5.3,5.3,5.3,945096.67,945096.67,945096.67,945096.67,1.95,3.46,0.85,0.91
4/6/2024,57.74,0.01,93.72,19910,6.1,902290.44,0.42,57.73,57.94,57.9,58.21,-0.21,0.04,-0.31,0.09,86.15,86.15,86.15,86.15,22160,22160,22160,22160,5.3,5.3,5.3,5.3,945096.67,945096.67,945096.67,945096.67,3.7,1.95,3.46,0.85
4/13/2024,57.18,-0.56,93.72,19910,6.1,902290.44,0.29,57.74,57.73,57.94,57.9,0.01,-0.21,0.04,-0.31,93.72,86.15,86.15,86.15,19910,22160,22160,22160,6.1,5.3,5.3,5.3,902290.44,945096.67,945096.67,945096.67,0.42,3.7,1.95,3.46
4/20/2024,57.11,-0.07,93.72,19910,6.1,902290.44,0.01,57.18,57.74,57.73,57.94,-0.56,0.01,-0.21,0.04,93.72,93.72,86.15,86.15,19910,19910,22160,22160,6.1,6.1,5.3,5.3,902290.44,902290.44,945096.67,945096.67,0.29,0.42,3.7,1.95
4/27/2024,57.2,0.09,93.72,19910,6.1,902290.44,0.99,57.11,57.18,57.74,57.73,-0.07,-0.56,0.01,-0.21,93.72,93.72,93.72,86.15,19910,19910,19910,22160,6.1,6.1,6.1,5.3,902290.44,902290.44,902290.44,945096.67,0.01,0.29,0.42,3.7
5/4/2024,57.32,0.12,90.6,20600,4.9,1080905.36,0.16,57.2,57.11,57.18,57.74,0.09,-0.07,-0.56,0.01,93.72,93.72,93.72,93.72,19910,19910,19910,19910,6.1,6.1,6.1,6.1,902290.44,902290.44,902290.44,902290.44,0.99,0.01,0.29,0.42
5/11/2024,57.39,0.07,90.6,20600,4.9,1080905.36,1.22,57.32,57.2,57.11,57.18,0.12,0.09,-0.07,-0.56,90.6,93.72,93.72,93.72,20600,19910,19910,19910,4.9,6.1,6.1,6.1,1080905.36,902290.44,902290.44,902290.44,0.16,0.99,0.01,0.29
5/18/2024,57.36,-0.03,90.6,20600,4.9,1080905.36,5.34,57.39,57.32,57.2,57.11,0.07,0.12,0.09,-0.07,90.6,90.6,93.72,93.72,20600,20600,19910,19910,4.9,4.9,6.1,6.1,1080905.36,1080905.36,902290.44,902290.44,1.22,0.16,0.99,0.01
5/25/2024,56.89,-0.47,90.6,20600,4.9,1080905.36,10.36,57.36,57.39,57.32,57.2,-0.03,0.07,0.12,0.09,90.6,90.6,90.6,93.72,20600,20600,20600,19910,4.9,4.9,4.9,6.1,1080905.36,1080905.36,1080905.36,902290.44,5.34,1.22,0.16,0.99
6/1/2024,56.89,0,82.94,21950,4.1,901106.38,21.26,56.89,57.36,57.39,57.32,-0.47,-0.03,0.07,0.12,90.6,90.6,90.6,90.6,20600,20600,20600,20600,4.9,4.9,4.9,4.9,1080905.36,1080905.36,1080905.36,1080905.36,10.36,5.34,1.22,0.16
6/8/2024,56.89,0,82.94,21950,4.1,901106.38,8.89,56.89,56.89,57.36,57.39,0,-0.47,-0.03,0.07,82.94,90.6,90.6,90.6,21950,20600,20600,20600,4.1,4.9,4.9,4.9,901106.38,1080905.36,1080905.36,1080905.36,21.26,10.36,5.34,1.22
6/15/2024,57.13,0.24,82.94,21950,4.1,901106.38,4.54,56.89,56.89,56.89,57.36,0,0,-0.47,-0.03,82.94,82.94,90.6,90.6,21950,21950,20600,20600,4.1,4.1,4.9,4.9,901106.38,901106.38,1080905.36,1080905.36,8.89,21.26,10.36,5.34
6/22/2024,56.84,-0.29,82.94,21950,4.1,901106.38,11.37,57.13,56.89,56.89,56.89,0.24,0,0,-0.47,82.94,82.94,82.94,90.6,21950,21950,21950,20600,4.1,4.1,4.1,4.9,901106.38,901106.38,901106.38,1080905.36,4.54,8.89,21.26,10.36
6/29/2024,56.76,-0.08,82.94,21950,4.1,901106.38,8.48,56.84,57.13,56.89,56.89,-0.29,0.24,0,0,82.94,82.94,82.94,82.94,21950,21950,21950,21950,4.1,4.1,4.1,4.1,901106.38,901106.38,901106.38,901106.38,11.37,4.54,8.89,21.26
7/6/2024,56.97,0.21,77.63,22890,3.9,851875.81,10.57,56.76,56.84,57.13,56.89,-0.08,-0.29,0.24,0,82.94,82.94,82.94,82.94,21950,21950,21950,21950,4.1,4.1,4.1,4.1,901106.38,901106.38,901106.38,901106.38,8.48,11.37,4.54,8.89
7/13/2024,57.32,0.35,77.63,22890,3.9,851875.81,11.51,56.97,56.76,56.84,57.13,0.21,-0.08,-0.29,0.24,77.63,82.94,82.94,82.94,22890,21950,21950,21950,3.9,4.1,4.1,4.1,851875.81,901106.38,901106.38,901106.38,10.57,8.48,11.37,4.54
7/20/2024,56.87,-0.45,77.63,22890,3.9,851875.81,13.54,57.32,56.97,56.76,56.84,0.35,0.21,-0.08,-0.29,77.63,77.63,82.94,82.94,22890,22890,21950,21950,3.9,3.9,4.1,4.1,851875.81,851875.81,901106.38,901106.38,11.51,10.57,8.48,11.37
7/27/2024,56.31,-0.56,77.63,22890,3.9,851875.81,37.74,56.87,57.32,56.97,56.76,-0.45,0.35,0.21,-0.08,77.63,77.63,77.63,82.94,22890,22890,22890,21950,3.9,3.9,3.9,4.1,851875.81,851875.81,851875.81,901106.38,13.54,11.51,10.57,8.48
8/3/2024,56.36,0.05,80.12,24920,2.8,978002.26,6.81,56.31,56.87,57.32,56.97,-0.56,-0.45,0.35,0.21,77.63,77.63,77.63,77.63,22890,22890,22890,22890,3.9,3.9,3.9,3.9,851875.81,851875.81,851875.81,851875.81,37.74,13.54,11.51,10.57
8/10/2024,56.42,0.06,80.12,24920,2.8,978002.26,6.79,56.36,56.31,56.87,57.32,0.05,-0.56,-0.45,0.35,80.12,77.63,77.63,77.63,24920,22890,22890,22890,2.8,3.9,3.9,3.9,978002.26,851875.81,851875.81,851875.81,6.81,37.74,13.54,11.51
8/17/2024,56.43,0.01,80.12,24920,2.8,978002.26,2.39,56.42,56.36,56.31,56.87,0.06,0.05,-0.56,-0.45,80.12,80.12,77.63,77.63,24920,24920,22890,22890,2.8,2.8,3.9,3.9,978002.26,978002.26,851875.81,851875.81,6.79,6.81,37.74,13.54
8/24/2024,56.85,0.42,80.12,24920,2.8,978002.26,7.33,56.43,56.42,56.36,56.31,0.01,0.06,0.05,-0.56,80.12,80.12,80.12,77.63,24920,24920,24920,22890,2.8,2.8,2.8,3.9,978002.26,978002.26,978002.26,851875.81,2.39,6.79,6.81,37.74
8/31/2024,56.8,-0.05,80.12,24920,2.8,978002.26,10.82,56.85,56.43,56.42,56.36,0.42,0.01,0.06,0.05,80.12,80.12,80.12,80.12,24920,24920,24920,24920,2.8,2.8,2.8,2.8,978002.26,978002.26,978002.26,978002.26,7.33,2.39,6.79,6.81
9/7/2024,57.03,0.23,83.48,25030,3.4,778887.55,31.59,56.8,56.85,56.43,56.42,-0.05,0.42,0.01,0.06,80.12,80.12,80.12,80.12,24920,24920,24920,24920,2.8,2.8,2.8,2.8,978002.26,978002.26,978002.26,978002.26,10.82,7.33,2.39,6.79
9/14/2024,57.07,0.04,83.48,25030,3.4,778887.55,7.63,57.03,56.8,56.85,56.43,0.23,-0.05,0.42,0.01,83.48,80.12,80.12,80.12,25030,24920,24920,24920,3.4,2.8,2.8,2.8,778887.55,978002.26,978002.26,978002.26,31.59,10.82,7.33,2.39
9/21/2024,56.88,-0.19,83.48,25030,3.4,778887.55,11.91,57.07,57.03,56.8,56.85,0.04,0.23,-0.05,0.42,83.48,83.48,80.12,80.12,25030,25030,24920,24920,3.4,3.4,2.8,2.8,778887.55,778887.55,978002.26,978002.26,7.63,31.59,10.82,7.33
9/28/2024,56.74,-0.14,83.48,25030,3.4,778887.55,1.88,56.88,57.07,57.03,56.8,-0.19,0.04,0.23,-0.05,83.48,83.48,83.48,80.12,25030,25030,25030,24920,3.4,3.4,3.4,2.8,778887.55,778887.55,778887.55,978002.26,11.91,7.63,31.59,10.82
10/5/2024,56.69,-0.05,85.41,24550,3.7,630285.38,5.6,56.74,56.88,57.07,57.03,-0.14,-0.19,0.04,0.23,83.48,83.48,83.48,83.48,25030,25030,25030,25030,3.4,3.4,3.4,3.4,778887.55,778887.55,778887.55,778887.55,1.88,11.91,7.63,31.59
10/12/2024,56.49,-0.2,85.41,24550,3.7,630285.38,11.93,56.69,56.74,56.88,57.07,-0.05,-0.14,-0.19,0.04,85.41,83.48,83.48,83.48,24550,25030,25030,25030,3.7,3.4,3.4,3.4,630285.38,778887.55,778887.55,778887.55,5.6,1.88,11.91,7.63
10/19/2024,56.58,0.09,85.41,24550,3.7,630285.38,6.33,56.49,56.69,56.74,56.88,-0.2,-0.05,-0.14,-0.19,85.41,85.41,83.48,83.48,24550,24550,25030,25030,3.7,3.7,3.4,3.4,630285.38,630285.38,778887.55,778887.55,11.93,5.6,1.88,11.91
10/26/2024,56.38,-0.2,85.41,24550,3.7,630285.38,49.32,56.58,56.49,56.69,56.74,0.09,-0.2,-0.05,-0.14,85.41,85.41,85.41,83.48,24550,24550,24550,25030,3.7,3.7,3.7,3.4,630285.38,630285.38,630285.38,778887.55,6.33,11.93,5.6,1.88
11/2/2024,56.29,-0.09,89.94,24510,3.8,876590,1.64,56.38,56.58,56.49,56.69,-0.2,0.09,-0.2,-0.05,85.41,85.41,85.41,85.41,24550,24550,24550,24550,3.7,3.7,3.7,3.7,630285.38,630285.38,630285.38,630285.38,49.32,6.33,11.93,5.6
11/9/2024,56.46,0.17,89.94,24510,3.8,876590,7.17,56.29,56.38,56.58,56.49,-0.09,-0.2,0.09,-0.2,89.94,85.41,85.41,85.41,24510,24550,24550,24550,3.8,3.7,3.7,3.7,876590,630285.38,630285.38,630285.38,1.64,49.32,6.33,11.93
11/16/2024,56.34,-0.12,89.94,24510,3.8,876590,2.29,56.46,56.29,56.38,56.58,0.17,-0.09,-0.2,0.09,89.94,89.94,85.41,85.41,24510,24510,24550,24550,3.8,3.8,3.7,3.7,876590,876590,630285.38,630285.38,7.17,1.64,49.32,6.33
11/23/2024,56.28,-0.06,89.94,24510,3.8,876590,6.41,56.34,56.46,56.29,56.38,-0.12,0.17,-0.09,-0.2,89.94,89.94,89.94,85.41,24510,24510,24510,24550,3.8,3.8,3.8,3.7,876590,876590,876590,630285.38,2.29,7.17,1.64,49.32
11/30/2024,56.46,0.18,89.94,24510,3.8,876590,7.08,56.28,56.34,56.46,56.29,-0.06,-0.12,0.17,-0.09,89.94,89.94,89.94,89.94,24510,24510,24510,24510,3.8,3.8,3.8,3.8,876590,876590,876590,876590,6.41,2.29,7.17,1.64
12/7/2024,56.08,-0.38,81.75,24790,3.9,1142655.42,16.96,56.46,56.28,56.34,56.46,0.18,-0.06,-0.12,0.17,89.94,89.94,89.94,89.94,24510,24510,24510,24510,3.8,3.8,3.8,3.8,876590,876590,876590,876590,7.08,6.41,2.29,7.17
12/14/2024,56.14,0.06,81.75,24790,3.9,1142655.42,20.17,56.08,56.46,56.28,56.34,-0.38,0.18,-0.06,-0.12,81.75,89.94,89.94,89.94,24790,24510,24510,24510,3.9,3.8,3.8,3.8,1142655.42,876590,876590,876590,16.96,7.08,6.41,2.29
12/21/2024,56.22,0.08,81.75,24790,3.9,1142655.42,11.81,56.14,56.08,56.46,56.28,0.06,-0.38,0.18,-0.06,81.75,81.75,89.94,89.94,24790,24790,24510,24510,3.9,3.9,3.8,3.8,1142655.42,1142655.42,876590,876590,20.17,16.96,7.08,6.41
12/28/2024,56.16,-0.06,81.75,24790,3.9,1142655.42,22.59,56.22,56.14,56.08,56.46,0.08,0.06,-0.38,0.18,81.75,81.75,81.75,89.94,24790,24790,24790,24510,3.9,3.9,3.9,3.8,1142655.42,1142655.42,1142655.42,876590,11.81,20.17,16.96,7.08
1/4/2025,56.02,-0.14,82.25,24650,3.7,1328853.71,15.1,56.16,56.22,56.14,56.08,-0.06,0.08,0.06,-0.38,81.75,81.75,81.75,81.75,24790,24790,24790,24790,3.9,3.9,3.9,3.9,1142655.42,1142655.42,1142655.42,1142655.42,22.59,11.81,20.17,16.96
1/11/2025,55.87,-0.15,82.25,24650,3.7,1328853.71,6.07,56.02,56.16,56.22,56.14,-0.14,-0.06,0.08,0.06,82.25,81.75,81.75,81.75,24650,24790,24790,24790,3.7,3.9,3.9,3.9,1328853.71,1142655.42,1142655.42,1142655.42,15.1,22.59,11.81,20.17
1/18/2025,55.3,-0.57,82.25,24650,3.7,1328853.71,10.45,55.87,56.02,56.16,56.22,-0.15,-0.14,-0.06,0.08,82.25,82.25,81.75,81.75,24650,24650,24790,24790,3.7,3.7,3.9,3.9,1328853.71,1328853.71,1142655.42,1142655.42,6.07,15.1,22.59,11.81
1/25/2025,55,-0.3,82.25,24650,3.7,1328853.71,1.97,55.3,55.87,56.02,56.16,-0.57,-0.15,-0.14,-0.06,82.25,82.25,82.25,81.75,24650,24650,24650,24790,3.7,3.7,3.7,3.9,1328853.71,1328853.71,1328853.71,1142655.42,10.45,6.07,15.1,22.59
2/1/2025,54.52,-0.48,85.15,24360,4.4,1324469.14,6.95,55,55.3,55.87,56.02,-0.3,-0.57,-0.15,-0.14,82.25,82.25,82.25,82.25,24650,24650,24650,24650,3.7,3.7,3.7,3.7,1328853.71,1328853.71,1328853.71,1328853.71,1.97,10.45,6.07,15.1
2/8/2025,53.96,-0.56,85.15,24360,4.4,1324469.14,10.05,54.52,55,55.3,55.87,-0.48,-0.3,-0.57,-0.15,85.15,82.25,82.25,82.25,24360,24650,24650,24650,4.4,3.7,3.7,3.7,1324469.14,1328853.71,1328853.71,1328853.71,6.95,1.97,10.45,6.07
2/15/2025,53.82,-0.14,85.15,24360,4.4,1324469.14,12.28,53.96,54.52,55,55.3,-0.56,-0.48,-0.3,-0.57,85.15,85.15,82.25,82.25,24360,24360,24650,24650,4.4,4.4,3.7,3.7,1324469.14,1324469.14,1328853.71,1328853.71,10.05,6.95,1.97,10.45
2/22/2025,53.26,-0.56,85.15,24360,4.4,1324469.14,7.24,53.82,53.96,54.52,55,-0.14,-0.56,-0.48,-0.3,85.15,85.15,85.15,82.25,24360,24360,24360,24650,4.4,4.4,4.4,3.7,1324469.14,1324469.14,1324469.14,1328853.71,12.28,10.05,6.95,1.97
3/1/2025,52.7,-0.56,80.36,23440,3.3,1165003.64,1.93,53.26,53.82,53.96,54.52,-0.56,-0.14,-0.56,-0.48,85.15,85.15,85.15,85.15,24360,24360,24360,24360,4.4,4.4,4.4,4.4,1324469.14,1324469.14,1324469.14,1324469.14,7.24,12.28,10.05,6.95
3/8/2025,51.46,-1.24,80.36,23440,3.3,1165003.64,4.8,52.7,53.26,53.82,53.96,-0.56,-0.56,-0.14,-0.56,80.36,85.15,85.15,85.15,23440,24360,24360,24360,3.3,4.4,4.4,4.4,1165003.64,1324469.14,1324469.14,1324469.14,1.93,7.24,12.28,10.05
3/15/2025,50.41,-1.05,80.36,23440,3.3,1165003.64,5.38,51.46,52.7,53.26,53.82,-1.24,-0.56,-0.56,-0.14,80.36,80.36,85.15,85.15,23440,23440,24360,24360,3.3,3.3,4.4,4.4,1165003.64,1165003.64,1324469.14,1324469.14,4.8,1.93,7.24,12.28
3/22/2025,49.82,-0.59,80.36,23440,3.3,1165003.64,2.45,50.41,51.46,52.7,53.26,-1.05,-1.24,-0.56,-0.56,80.36,80.36,80.36,85.15,23440,23440,23440,24360,3.3,3.3,3.3,4.4,1165003.64,1165003.64,1165003.64,1324469.14,5.38,4.8,1.93,7.24
3/29/2025,49.48,-0.34,80.36,23440,3.3,1165003.64,3.58,49.82,50.41,51.46,52.7,-0.59,-1.05,-1.24,-0.56,80.36,80.36,80.36,80.36,23440,23440,23440,23440,3.3,3.3,3.3,3.3,1165003.64,1165003.64,1165003.64,1165003.64,2.45,5.38,4.8,1.93
4/5/2025,48.4,-1.08,74.02,22330,1.9,1050261.77,7.15,49.48,49.82,50.41,51.46,-0.34,-0.59,-1.05,-1.24,80.36,80.36,80.36,80.36,23440,23440,23440,23440,3.3,3.3,3.3,3.3,1165003.64,1165003.64,1165003.64,1165003.64,3.58,2.45,5.38,4.8
4/12/2025,47.53,-0.87,74.02,22330,1.9,1050261.77,0.7,48.4,49.48,49.82,50.41,-1.08,-0.34,-0.59,-1.05,74.02,80.36,80.36,80.36,22330,23440,23440,23440,1.9,3.3,3.3,3.3,1050261.77,1165003.64,1165003.64,1165003.64,7.15,3.58,2.45,5.38
4/19/2025,47.05,-0.48,74.02,22330,1.9,1050261.77,0.45,47.53,48.4,49.48,49.82,-0.87,-1.08,-0.34,-0.59,74.02,74.02,80.36,80.36,22330,22330,23440,23440,1.9,1.9,3.3,3.3,1050261.77,1050261.77,1165003.64,1165003.64,0.7,7.15,3.58,2.45
4/26/2025,46.87,-0.18,74.02,22330,1.9,1050261.77,0.06,47.05,47.53,48.4,49.48,-0.48,-0.87,-1.08,-0.34,74.02,74.02,74.02,80.36,22330,22330,22330,23440,1.9,1.9,1.9,3.3,1050261.77,1050261.77,1050261.77,1165003.64,0.45,0.7,7.15,3.58
5/3/2025,46.81,-0.06,75.63,20470,2.3,1210759.99,3.86,46.87,47.05,47.53,48.4,-0.18,-0.48,-0.87,-1.08,74.02,74.02,74.02,74.02,22330,22330,22330,22330,1.9,1.9,1.9,1.9,1050261.77,1050261.77,1050261.77,1050261.77,0.06,0.45,0.7,7.15
5/10/2025,46.78,-0.03,75.63,20470,2.3,1210759.99,8.79,46.81,46.87,47.05,47.53,-0.06,-0.18,-0.48,-0.87,75.63,74.02,74.02,74.02,20470,22330,22330,22330,2.3,1.9,1.9,1.9,1210759.99,1050261.77,1050261.77,1050261.77,3.86,0.06,0.45,0.7
5/17/2025,46.7,-0.08,75.63,20470,2.3,1210759.99,7.13,46.78,46.81,46.87,47.05,-0.03,-0.06,-0.18,-0.48,75.63,75.63,74.02,74.02,20470,20470,22330,22330,2.3,2.3,1.9,1.9,1210759.99,1210759.99,1050261.77,1050261.77,8.79,3.86,0.06,0.45
5/24/2025,46.59,-0.11,75.63,20470,2.3,1210759.99,3.33,46.7,46.78,46.81,46.87,-0.08,-0.03,-0.06,-0.18,75.63,75.63,75.63,74.02,20470,20470,20470,22330,2.3,2.3,2.3,1.9,1210759.99,1210759.99,1210759.99,1050261.77,7.13,8.79,3.86,0.06
5/31/2025,46.49,-0.1,75.63,20470,2.3,1210759.99,8.41,46.59,46.7,46.78,46.81,-0.11,-0.08,-0.03,-0.06,75.63,75.63,75.63,75.63,20470,20470,20470,20470,2.3,2.3,2.3,2.3,1210759.99,1210759.99,1210759.99,1210759.99,3.33,7.13,8.79,3.86
6/7/2025,46.45,-0.04,74.35,20230,2.5,1418557.09,8.58,46.49,46.59,46.7,46.78,-0.1,-0.11,-0.08,-0.03,75.63,75.63,75.63,75.63,20470,20470,20470,20470,2.3,2.3,2.3,2.3,1210759.99,1210759.99,1210759.99,1210759.99,8.41,3.33,7.13,8.79
6/14/2025,46.44,-0.01,74.35,20230,2.5,1418557.09,8.21,46.45,46.49,46.59,46.7,-0.04,-0.1,-0.11,-0.08,74.35,75.63,75.63,75.63,20230,20470,20470,20470,2.5,2.3,2.3,2.3,1418557.09,1210759.99,1210759.99,1210759.99,8.58,8.41,3.33,7.13
6/21/2025,46.35,-0.09,74.35,20230,2.5,1418557.09,11.4,46.44,46.45,46.49,46.59,-0.01,-0.04,-0.1,-0.11,74.35,74.35,75.63,75.63,20230,20230,20470,20470,2.5,2.5,2.3,2.3,1418557.09,1418557.09,1210759.99,1210759.99,8.21,8.58,8.41,3.33
6/28/2025,46.14,-0.21,74.35,20230,2.5,1418557.09,12.81,46.35,46.44,46.45,46.49,-0.09,-0.01,-0.04,-0.1,74.35,74.35,74.35,75.63,20230,20230,20230,20470,2.5,2.5,2.5,2.3,1418557.09,1418557.09,1418557.09,1210759.99,11.4,8.21,8.58,8.41
7/5/2025,45.99,-0.15,73.86,20700,2.9,1514261.25,9.94,46.14,46.35,46.44,46.45,-0.21,-0.09,-0.01,-0.04,74.35,74.35,74.35,74.35,20230,20230,20230,20230,2.5,2.5,2.5,2.5,1418557.09,1418557.09,1418557.09,1418557.09,12.81,11.4,8.21,8.58
7/12/2025,45.93,-0.06,73.86,20700,2.9,1514261.25,5.33,45.99,46.14,46.35,46.44,-0.15,-0.21,-0.09,-0.01,73.86,74.35,74.35,74.35,20700,20230,20230,20230,2.9,2.5,2.5,2.5,1514261.25,1418557.09,1418557.09,1418557.09,9.94,12.81,11.4,8.21
7/19/2025,45.71,-0.22,73.86,20700,2.9,1514261.25,16.06,45.93,45.99,46.14,46.35,-0.06,-0.15,-0.21,-0.09,73.86,73.86,74.35,74.35,20700,20700,20230,20230,2.9,2.9,2.5,2.5,1514261.25,1514261.25,1418557.09,1418557.09,5.33,9.94,12.81,11.4
7/26/2025,45.17,-0.54,73.86,20700,2.9,1514261.25,43.26,45.71,45.93,45.99,46.14,-0.22,-0.06,-0.15,-0.21,73.86,73.86,73.86,74.35,20700,20700,20700,20230,2.9,2.9,2.9,2.5,1514261.25,1514261.25,1514261.25,1418557.09,16.06,5.33,9.94,12.81
8/2/2025,44.99,-0.18,79.27,20680,2.9,860797.99,3.56,45.17,45.71,45.93,45.99,-0.54,-0.22,-0.06,-0.15,73.86,73.86,73.86,73.86,20700,20700,20700,20700,2.9,2.9,2.9,2.9,1514261.25,1514261.25,1514261.25,1514261.25,43.26,16.06,5.33,9.94
8/9/2025,44.81,-0.18,79.27,20680,2.9,860797.99,3.63,44.99,45.17,45.71,45.93,-0.18,-0.54,-0.22,-0.06,79.27,73.86,73.86,73.86,20680,20700,20700,20700,2.9,2.9,2.9,2.9,860797.99,1514261.25,1514261.25,1514261.25,3.56,43.26,16.06,5.33
8/16/2025,44.95,0.14,79.27,20680,2.9,860797.99,11.18,44.81,44.99,45.17,45.71,-0.18,-0.18,-0.54,-0.22,79.27,79.27,73.86,73.86,20680,20680,20700,20700,2.9,2.9,2.9,2.9,860797.99,860797.99,1514261.25,1514261.25,3.63,3.56,43.26,16.06
8/23/2025,45.31,0.36,79.27,20680,2.9,860797.99,10.35,44.95,44.81,44.99,45.17,0.14,-0.18,-0.18,-0.54,79.27,79.27,79.27,73.86,20680,20680,20680,20700,2.9,2.9,2.9,2.9,860797.99,860797.99,860797.99,1514261.25,11.18,3.63,3.56,43.26
8/30/2025,45.42,0.11,79.27,20680,2.9,860797.99,15.08,45.31,44.95,44.81,44.99,0.36,0.14,-0.18,-0.18,79.27,79.27,79.27,79.27,20680,20680,20680,20680,2.9,2.9,2.9,2.9,860797.99,860797.99,860797.99,860797.99,10.35,11.18,3.63,3.56
9/6/2025,45.69,0.27,75.44,20290,2.1,922495.98,11.41,45.42,45.31,44.95,44.81,0.11,0.36,0.14,-0.18,79.27,79.27,79.27,79.27,20680,20680,20680,20680,2.9,2.9,2.9,2.9,860797.99,860797.99,860797.99,860797.99,15.08,10.35,11.18,3.63
9/13/2025,45.81,0.12,75.44,20290,2.1,922495.98,15.12,45.69,45.42,45.31,44.95,0.27,0.11,0.36,0.14,75.44,79.27,79.27,79.27,20290,20680,20680,20680,2.1,2.9,2.9,2.9,922495.98,860797.99,860797.99,860797.99,11.41,15.08,10.35,11.18
9/20/2025,45.81,0,75.44,20290,2.1,922495.98,14.93,45.81,45.69,45.42,45.31,0.12,0.27,0.11,0.36,75.44,75.44,79.27,79.27,20290,20290,20680,20680,2.1,2.1,2.9,2.9,922495.98,922495.98,860797.99,860797.99,15.12,11.41,15.08,10.35
9/27/2025,46,0.19,75.44,20290,2.1,922495.98,20.68,45.81,45.81,45.69,45.42,0,0.12,0.27,0.11,75.44,75.44,75.44,79.27,20290,20290,20290,20680,2.1,2.1,2.1,2.9,922495.98,922495.98,922495.98,860797.99,14.93,15.12,11.41,15.08
10/4/2025,46,0,72.73,18570,1.8,527777.55,13,46,45.81,45.81,45.69,0.19,0,0.12,0.27,75.44,75.44,75.44,75.44,20290,20290,20290,20290,2.1,2.1,2.1,2.1,922495.98,922495.98,922495.98,922495.98,20.68,14.93,15.12,11.41
10/11/2025,46.34,0.34,72.73,18570,1.8,527777.55,12.07,46,46,45.81,45.81,0,0.19,0,0.12,72.73,75.44,75.44,75.44,18570,20290,20290,20290,1.8,2.1,2.1,2.1,527777.55,922495.98,922495.98,922495.98,13,20.68,14.93,15.12
10/18/2025,46.95,0.61,72.73,18570,1.8,527777.55,14.21,46.34,46,46,45.81,0.34,0,0.19,0,72.73,72.73,75.44,75.44,18570,18570,20290,20290,1.8,1.8,2.1,2.1,527777.55,527777.55,922495.98,922495.98,12.07,13,20.68,14.93
10/25/2025,47.86,0.91,72.73,18570,1.8,527777.55,14.96,46.95,46.34,46,46,0.61,0.34,0,0.19,72.73,72.73,72.73,75.44,18570,18570,18570,20290,1.8,1.8,1.8,2.1,527777.55,527777.55,527777.55,922495.98,14.21,12.07,13,20.68
11/1/2025,48.41,0.55,68.13,17690,1.4,820838.11,13.94,47.86,46.95,46.34,46,0.91,0.61,0.34,0,72.73,72.73,72.73,72.73,18570,18570,18570,18570,1.8,1.8,1.8,1.8,527777.55,527777.55,527777.55,527777.55,14.96,14.21,12.07,13
11/8/2025,48.78,0.37,68.13,17690,1.4,820838.11,20.16,48.41,47.86,46.95,46.34,0.55,0.91,0.61,0.34,68.13,72.73,72.73,72.73,17690,18570,18570,18570,1.4,1.8,1.8,1.8,820838.11,527777.55,527777.55,527777.55,13.94,14.96,14.21,12.07
11/15/2025,48.98,0.2,68.13,17690,1.4,820838.11,24.78,48.78,48.41,47.86,46.95,0.37,0.55,0.91,0.61,68.13,68.13,72.73,72.73,17690,17690,18570,18570,1.4,1.4,1.8,1.8,820838.11,820838.11,527777.55,527777.55,20.16,13.94,14.96,14.21
11/22/2025,49.5,0.52,68.13,17690,1.4,820838.11,12.22,48.98,48.78,48.41,47.86,0.2,0.37,0.55,0.91,68.13,68.13,68.13,72.73,17690,17690,17690,18570,1.4,1.4,1.4,1.8,820838.11,820838.11,820838.11,527777.55,24.78,20.16,13.94,14.96
11/29/2025,49.84,0.34,68.13,17690,1.4,820838.11,18.43,49.5,48.98,48.78,48.41,0.52,0.2,0.37,0.55,68.13,68.13,68.13,68.13,17690,17690,17690,17690,1.4,1.4,1.4,1.4,820838.11,820838.11,820838.11,820838.11,12.22,24.78,20.16,13.94
12/6/2025,50.09,0.25,64.45,17750,1.3,803439.85,7.05,49.84,49.5,48.98,48.78,0.34,0.52,0.2,0.37,68.13,68.13,68.13,68.13,17690,17690,17690,17690,1.4,1.4,1.4,1.4,820838.11,820838.11,820838.11,820838.11,18.43,12.22,24.78,20.16
12/13/2025,50.23,0.14,64.45,17750,1.3,803439.85,14.98,50.09,49.84,49.5,48.98,0.25,0.34,0.52,0.2,64.45,68.13,68.13,68.13,17750,17690,17690,17690,1.3,1.4,1.4,1.4,803439.85,820838.11,820838.11,820838.11,7.05,18.43,12.22,24.78
12/20/2025,50.25,0.02,64.45,17750,1.3,803439.85,17.67,50.23,50.09,49.84,49.5,0.14,0.25,0.34,0.52,64.45,64.45,68.13,68.13,17750,17750,17690,17690,1.3,1.3,1.4,1.4,803439.85,803439.85,820838.11,820838.11,14.98,7.05,18.43,12.22
12/27/2025,50.36,0.11,64.45,17750,1.3,803439.85,9.17,50.25,50.23,50.09,49.84,0.02,0.14,0.25,0.34,64.45,64.45,64.45,68.13,17750,17750,17750,17690,1.3,1.3,1.3,1.4,803439.85,803439.85,803439.85,820838.11,17.67,14.98,7.05,18.43
1/3/2026,50.36,0,71.44,16990,1.4,814385.31,6.82,50.36,50.25,50.23,50.09,0.11,0.02,0.14,0.25,64.45,64.45,64.45,64.45,17750,17750,17750,17750,1.3,1.3,1.3,1.3,803439.85,803439.85,803439.85,803439.85,9.17,17.67,14.98,7.05
1/10/2026,50.52,0.16,71.44,16990,1.4,814385.31,13.86,50.36,50.36,50.25,50.23,0,0.11,0.02,0.14,71.44,64.45,64.45,64.45,16990,17750,17750,17750,1.4,1.3,1.3,1.3,814385.31,803439.85,803439.85,803439.85,6.82,9.17,17.67,14.98
1/17/2026,50.84,0.32,71.44,16990,1.4,814385.31,5.24,50.52,50.36,50.36,50.25,0.16,0,0.11,0.02,71.44,71.44,64.45,64.45,16990,16990,17750,17750,1.4,1.4,1.3,1.3,814385.31,814385.31,803439.85,803439.85,13.86,6.82,9.17,17.67
1/24/2026,51.87,1.03,71.44,16990,1.4,814385.31,1.55,50.84,50.52,50.36,50.36,0.32,0.16,0,0.11,71.44,71.44,71.44,64.45,16990,16990,16990,17750,1.4,1.4,1.4,1.3,814385.31,814385.31,814385.31,803439.85,5.24,13.86,6.82,9.17
1/31/2026,52.67,0.8,71.44,16990,1.4,814385.31,4.21,51.87,50.84,50.52,50.36,1.03,0.32,0.16,0,71.44,71.44,71.44,71.44,16990,16990,16990,16990,1.4,1.4,1.4,1.4,814385.31,814385.31,814385.31,814385.31,1.55,5.24,13.86,6.82
2/7/2026,54.36,1.69,71.04,17360,0.9,1343908.45,1.84,52.67,51.87,50.84,50.52,0.8,1.03,0.32,0.16,71.44,71.44,71.44,71.44,16990,16990,16990,16990,1.4,1.4,1.4,1.4,814385.31,814385.31,814385.31,814385.31,4.21,1.55,5.24,13.86
2/14/2026,55.45,1.09,71.04,17360,0.9,1343908.45,12.2,54.36,52.67,51.87,50.84,1.69,0.8,1.03,0.32,71.04,71.44,71.44,71.44,17360,16990,16990,16990,0.9,1.4,1.4,1.4,1343908.45,814385.31,814385.31,814385.31,1.84,4.21,1.55,5.24
2/21/2026,56.4,0.95,71.04,17360,0.9,1343908.45,3.4,55.45,54.36,52.67,51.87,1.09,1.69,0.8,1.03,71.04,71.04,71.44,71.44,17360,17360,16990,16990,0.9,0.9,1.4,1.4,1343908.45,1343908.45,814385.31,814385.31,12.2,1.84,4.21,1.55
2/28/2026,57.35,0.95,71.04,17360,0.9,1343908.45,1.45,56.4,55.45,54.36,52.67,0.95,1.09,1.69,0.8,71.04,71.04,71.04,71.44,17360,17360,17360,16990,0.9,0.9,0.9,1.4,1343908.45,1343908.45,1343908.45,814385.31,3.4,12.2,1.84,4.21
3/7/2026,57.49,0.14,67.87,17060,1.5,1030751.52,0.58,57.35,56.4,55.45,54.36,0.95,0.95,1.09,1.69,71.04,71.04,71.04,71.04,17360,17360,17360,17360,0.9,0.9,0.9,0.9,1343908.45,1343908.45,1343908.45,1343908.45,1.45,3.4,12.2,1.84
3/14/2026,57.87,0.38,67.87,17060,1.5,1030751.52,2.32,57.49,57.35,56.4,55.45,0.14,0.95,0.95,1.09,67.87,71.04,71.04,71.04,17060,17360,17360,17360,1.5,0.9,0.9,0.9,1030751.52,1343908.45,1343908.45,1343908.45,0.58,1.45,3.4,12.2
3/21/2026,58.57,0.7,67.87,17060,1.5,1030751.52,0.8,57.87,57.49,57.35,56.4,0.38,0.14,0.95,0.95,67.87,67.87,71.04,71.04,17060,17060,17360,17360,1.5,1.5,0.9,0.9,1030751.52,1030751.52,1343908.45,1343908.45,2.32,0.58,1.45,3.4
3/28/2026,58.79,0.22,67.87,17060,1.5,1030751.52,0.54,58.57,57.87,57.49,57.35,0.7,0.38,0.14,0.95,67.87,67.87,67.87,71.04,17060,17060,17060,17360,1.5,1.5,1.5,0.9,1030751.52,1030751.52,1030751.52,1343908.45,0.8,2.32,0.58,1.45
4/4/2026,58.9,0.11,67.99,15600,1.7,815346.38,0.01,58.79,58.57,57.87,57.49,0.22,0.7,0.38,0.14,67.87,67.87,67.87,67.87,17060,17060,17060,17060,1.5,1.5,1.5,1.5,1030751.52,1030751.52,1030751.52,1030751.52,0.54,0.8,2.32,0.58
4/11/2026,59.43,0.53,67.99,15600,1.7,815346.38,0.07,58.9,58.79,58.57,57.87,0.11,0.22,0.7,0.38,67.99,67.87,67.87,67.87,15600,17060,17060,17060,1.7,1.5,1.5,1.5,815346.38,1030751.52,1030751.52,1030751.52,0.01,0.54,0.8,2.32
4/18/2026,59.39,-0.04,67.99,15600,1.7,815346.38,0,59.43,58.9,58.79,58.57,0.53,0.11,0.22,0.7,67.99,67.99,67.87,67.87,15600,15600,17060,17060,1.7,1.7,1.5,1.5,815346.38,815346.38,1030751.52,1030751.52,0.07,0.01,0.54,0.8
4/25/2026,59.26,-0.13,67.99,15600,1.7,815346.38,0.33,59.39,59.43,58.9,58.79,-0.04,0.53,0.11,0.22,67.99,67.99,67.99,67.87,15600,15600,15600,17060,1.7,1.7,1.7,1.5,815346.38,815346.38,815346.38,1030751.52,0,0.07,0.01,0.54
5/2/2026,58.71,-0.55,64.54,15890,1.7,954908.93,1.1,59.26,59.39,59.43,58.9,-0.13,-0.04,0.53,0.11,67.99,67.99,67.99,67.99,15600,15600,15600,15600,1.7,1.7,1.7,1.7,815346.38,815346.38,815346.38,815346.38,0.33,0,0.07,0.01
5/9/2026,58.33,-0.38,64.54,15890,1.7,954908.93,1.58,58.71,59.26,59.39,59.43,-0.55,-0.13,-0.04,0.53,64.54,67.99,67.99,67.99,15890,15600,15600,15600,1.7,1.7,1.7,1.7,954908.93,815346.38,815346.38,815346.38,1.1,0.33,0,0.07
5/16/2026,57.6,-0.73,64.54,15890,1.7,954908.93,2.51,58.33,58.71,59.26,59.39,-0.38,-0.55,-0.13,-0.04,64.54,64.54,67.99,67.99,15890,15890,15600,15600,1.7,1.7,1.7,1.7,954908.93,954908.93,815346.38,815346.38,1.58,1.1,0.33,0
5/23/2026,52.92,-4.68,64.54,15890,1.7,954908.93,3.48,57.6,58.33,58.71,59.26,-0.73,-0.38,-0.55,-0.13,64.54,64.54,64.54,67.99,15890,15890,15890,15600,1.7,1.7,1.7,1.7,954908.93,954908.93,954908.93,815346.38,2.51,1.58,1.1,0.33
5/30/2026,55.31,2.39,64.54,15890,1.7,954908.93,2.29,52.92,57.6,58.33,58.71,-4.68,-0.73,-0.38,-0.55,64.54,64.54,64.54,64.54,15890,15890,15890,15890,1.7,1.7,1.7,1.7,954908.93,954908.93,954908.93,954908.93,3.48,2.51,1.58,1.1
6/6/2026,51.38,-3.93,63.8,15980,1.5,944142.43,5.03,55.31,52.92,57.6,58.33,2.39,-4.68,-0.73,-0.38,64.54,64.54,64.54,64.54,15890,15890,15890,15890,1.7,1.7,1.7,1.7,954908.93,954908.93,954908.93,954908.93,2.29,3.48,2.51,1.58
6/13/2026,50.79,-0.59,63.8,15980,1.5,944142.43,3.04,51.38,55.31,52.92,57.6,-3.93,2.39,-4.68,-0.73,63.8,64.54,64.54,64.54,15980,15890,15890,15890,1.5,1.7,1.7,1.7,944142.43,954908.93,954908.93,954908.93,5.03,2.29,3.48,2.51
6/20/2026,50.67,-0.12,63.8,15980,1.5,944142.43,4,50.79,51.38,55.31,52.92,-0.59,-3.93,2.39,-4.68,63.8,63.8,64.54,64.54,15980,15980,15890,15890,1.5,1.5,1.7,1.7,944142.43,944142.43,954908.93,954908.93,3.04,5.03,2.29,3.48
6/27/2026,50.6,-0.07,63.8,15980,1.5,944142.43,3.6,50.67,50.79,51.38,55.31,-0.12,-0.59,-3.93,2.39,63.8,63.8,63.8,64.54,15980,15980,15980,15890,1.5,1.5,1.5,1.7,944142.43,944142.43,944142.43,954908.93,4,3.04,5.03,2.29
