Date,Regular-milled_PHP_kg_I,Brent_Oil_USD,Farmgate_LCU_tonne,Inflation_Rate,Stocks_MT,USD_to_PHP,Temp_C,Rainfall_mm,VoP_MT
8/26/2023,43.0,82.5,17740,8.7,651930.0,56.1599,26.65,6.22,292142.87
9/2/2023,43.0,82.59,18190,8.6,541210.0,56.7869,26.62,14.99,292142.87
9/9/2023,42.82,82.59,18190,8.6,541210.0,56.7869,27.21,5.78,292142.87
9/16/2023,43.0,82.59,18190,8.6,541210.0,56.7869,26.97,5.44,292142.87
9/23/2023,44.0,82.59,18190,8.6,541210.0,56.7869,27.81,8.84,292142.87
9/30/2023,43.5,82.59,18190,8.6,541210.0,56.7869,27.55,8.06,292142.87
10/7/2023,43.0,78.43,18570,7.6,494252.94,56.7889,26.74,6.55,556578.48
10/14/2023,43.0,78.43,18570,7.6,494252.94,56.7889,26.79,9.55,556578.48
10/21/2023,43.0,78.43,18570,7.6,494252.94,56.7889,26.37,12.1,556578.48
10/28/2023,43.0,78.43,18570,7.6,494252.94,56.7889,26.37,6.27,556578.48
11/4/2023,43.0,84.64,18790,6.6,728730.7,55.8122,26.17,7.62,556578.48
11/11/2023,48.0,84.64,18790,6.6,728730.7,55.8122,26.29,8.52,556578.48
11/18/2023,48.0,84.64,18790,6.6,728730.7,55.8122,25.61,11.96,556578.48
11/25/2023,48.0,84.64,18790,6.6,728730.7,55.8122,25.18,12.02,556578.48
12/2/2023,48.0,75.47,19060,6.1,787970.99,55.5877,25.68,12.97,556578.48
12/9/2023,48.0,75.47,19060,6.1,787970.99,55.5877,25.68,6.3,556578.48
12/16/2023,48.0,75.47,19060,6.1,787970.99,55.5877,25.46,7.51,556578.48
12/23/2023,48.0,75.47,19060,6.1,787970.99,55.5877,25.0,19.95,556578.48
12/30/2023,48.0,75.47,19060,6.1,787970.99,55.5877,25.02,9.35,556578.48
1/6/2024,48.0,74.84,19230,5.4,848107.9,55.9723,25.35,2.54,360387.7
1/13/2024,48.0,74.84,19230,5.4,848107.9,55.9723,24.55,3.43,360387.7
1/20/2024,48.0,74.84,19230,5.4,848107.9,55.9723,23.35,2.99,360387.7
1/27/2024,48.0,74.84,19230,5.4,848107.9,55.9723,23.46,4.14,360387.7
2/3/2024,48.0,80.11,19440,4.7,984761.41,56.0649,23.39,1.91,360387.7
2/10/2024,48.0,80.11,19440,4.7,984761.41,56.0649,24.8,0.48,360387.7
2/17/2024,50.0,80.11,19440,4.7,984761.41,56.0649,24.23,1.43,360387.7
2/24/2024,50.2,80.11,19440,4.7,984761.41,56.0649,25.12,1.45,360387.7
3/2/2024,50.8,86.15,22160,5.3,945096.67,55.8493,24.6,0.91,360387.7
3/9/2024,50.2,86.15,22160,5.3,945096.67,55.8493,25.87,0.85,360387.7
3/16/2024,49.48,86.15,22160,5.3,945096.67,55.8493,25.61,3.46,360387.7
3/23/2024,49.46,86.15,22160,5.3,945096.67,55.8493,25.69,1.95,360387.7
3/30/2024,49.6,86.15,22160,5.3,945096.67,55.8493,26.98,3.7,360387.7
4/6/2024,49.63,93.72,19910,6.1,902290.44,56.9506,27.54,0.42,295794.08
4/13/2024,50.0,93.72,19910,6.1,902290.44,56.9506,27.74,0.29,295794.08
4/20/2024,49.89,93.72,19910,6.1,902290.44,56.9506,28.69,0.01,295794.08
4/27/2024,49.65,93.72,19910,6.1,902290.44,56.9506,29.8,0.99,295794.08
5/4/2024,49.85,90.6,20600,4.9,1080905.36,57.7619,30.01,0.16,295794.08
5/11/2024,49.74,90.6,20600,4.9,1080905.36,57.7619,29.51,1.22,295794.08
5/18/2024,49.61,90.6,20600,4.9,1080905.36,57.7619,29.44,5.34,295794.08
5/25/2024,49.92,90.6,20600,4.9,1080905.36,57.7619,29.5,10.36,295794.08
6/1/2024,49.92,82.94,21950,4.1,901106.38,58.6963,27.83,21.26,295794.08
6/8/2024,49.92,82.94,21950,4.1,901106.38,58.6963,28.51,8.89,295794.08
6/15/2024,49.85,82.94,21950,4.1,901106.38,58.6963,29.05,4.54,295794.08
6/22/2024,49.78,82.94,21950,4.1,901106.38,58.6963,27.81,11.37,295794.08
6/29/2024,49.54,82.94,21950,4.1,901106.38,58.6963,27.4,8.48,295794.08
7/6/2024,49.22,77.63,22890,3.9,851875.81,58.4845,27.05,10.57,256090.66
7/13/2024,48.85,77.63,22890,3.9,851875.81,58.4845,27.28,11.51,256090.66
7/20/2024,48.69,77.63,22890,3.9,851875.81,58.4845,27.03,13.54,256090.66
7/27/2024,49.09,77.63,22890,3.9,851875.81,58.4845,26.55,37.74,256090.66
8/3/2024,47.56,80.12,24920,2.8,978002.26,57.1935,26.91,6.81,256090.66
8/10/2024,47.44,80.12,24920,2.8,978002.26,57.1935,26.58,6.79,256090.66
8/17/2024,48.17,80.12,24920,2.8,978002.26,57.1935,27.54,2.39,256090.66
8/24/2024,47.08,80.12,24920,2.8,978002.26,57.1935,28.17,7.33,256090.66
8/31/2024,47.77,80.12,24920,2.8,978002.26,57.1935,27.1,10.82,256090.66
9/7/2024,47.91,83.48,25030,3.4,778887.55,56.0713,26.74,31.59,256090.66
9/14/2024,46.73,83.48,25030,3.4,778887.55,56.0713,26.72,7.63,256090.66
9/21/2024,43.84,83.48,25030,3.4,778887.55,56.0713,26.17,11.91,256090.66
9/28/2024,44.49,83.48,25030,3.4,778887.55,56.0713,27.17,1.88,256090.66
10/5/2024,45.43,85.41,24550,3.7,630285.38,57.3009,26.66,5.6,555968.75
10/12/2024,46.34,85.41,24550,3.7,630285.38,57.3009,26.81,11.93,555968.75
10/19/2024,45.35,85.41,24550,3.7,630285.38,57.3009,26.85,6.33,555968.75
10/26/2024,45.22,85.41,24550,3.7,630285.38,57.3009,26.55,49.32,555968.75
11/2/2024,45.3,89.94,24510,3.8,876590.0,58.6947,26.19,1.64,555968.75
11/9/2024,45.45,89.94,24510,3.8,876590.0,58.6947,26.47,7.17,555968.75
11/16/2024,45.05,89.94,24510,3.8,876590.0,58.6947,26.78,2.29,555968.75
11/23/2024,44.8,89.94,24510,3.8,876590.0,58.6947,25.8,6.41,555968.75
11/30/2024,45.17,89.94,24510,3.8,876590.0,58.6947,25.61,7.08,555968.75
12/7/2024,44.5,81.75,24790,3.9,1142655.42,58.448,25.78,16.96,555968.75
12/14/2024,44.48,81.75,24790,3.9,1142655.42,58.448,25.48,20.17,555968.75
12/21/2024,45.24,81.75,24790,3.9,1142655.42,58.448,24.61,11.81,555968.75
12/28/2024,44.39,81.75,24790,3.9,1142655.42,58.448,24.98,22.59,555968.75
1/4/2025,43.72,82.25,24650,3.7,1328853.71,58.3906,25.14,15.1,361440.33
1/11/2025,42.73,82.25,24650,3.7,1328853.71,58.3906,24.08,6.07,361440.33
1/18/2025,42.38,82.25,24650,3.7,1328853.71,58.3906,24.08,10.45,361440.33
1/25/2025,42.41,82.25,24650,3.7,1328853.71,58.3906,25.17,1.97,361440.33
2/1/2025,42.11,85.15,24360,4.4,1324469.14,58.0942,23.84,6.95,361440.33
2/8/2025,42.15,85.15,24360,4.4,1324469.14,58.0942,24.53,10.05,361440.33
2/15/2025,42.18,85.15,24360,4.4,1324469.14,58.0942,24.51,12.28,361440.33
2/22/2025,41.77,85.15,24360,4.4,1324469.14,58.0942,24.77,7.24,361440.33
3/1/2025,41.09,80.36,23440,3.3,1165003.64,57.4246,23.99,1.93,361440.33
3/8/2025,41.13,80.36,23440,3.3,1165003.64,57.4246,26.04,4.8,361440.33
3/15/2025,40.26,80.36,23440,3.3,1165003.64,57.4246,25.58,5.38,361440.33
3/22/2025,40.34,80.36,23440,3.3,1165003.64,57.4246,24.61,2.45,361440.33
3/29/2025,40.19,80.36,23440,3.3,1165003.64,57.4246,25.96,3.58,361440.33
4/5/2025,39.99,74.02,22330,1.9,1050261.77,56.8529,26.36,7.15,336798.62
4/12/2025,40.2,74.02,22330,1.9,1050261.77,56.8529,27.29,0.7,336798.62
4/19/2025,38.95,74.02,22330,1.9,1050261.77,56.8529,28.25,0.45,336798.62
4/26/2025,39.99,74.02,22330,1.9,1050261.77,56.8529,28.43,0.06,336798.62
5/3/2025,40.22,75.63,20470,2.3,1210759.99,55.6246,27.85,3.86,336798.62
5/10/2025,40.14,75.63,20470,2.3,1210759.99,55.6246,27.84,8.79,336798.62
5/17/2025,40.16,75.63,20470,2.3,1210759.99,55.6246,27.94,7.13,336798.62
5/24/2025,40.36,75.63,20470,2.3,1210759.99,55.6246,28.3,3.33,336798.62
5/31/2025,39.77,75.63,20470,2.3,1210759.99,55.6246,27.72,8.41,336798.62
6/7/2025,39.4,74.35,20230,2.5,1418557.09,56.3586,27.91,8.58,336798.62
6/14/2025,40.27,74.35,20230,2.5,1418557.09,56.3586,26.53,8.21,336798.62
6/21/2025,40.15,74.35,20230,2.5,1418557.09,56.3586,27.02,11.4,336798.62
6/28/2025,40.0,74.35,20230,2.5,1418557.09,56.3586,27.05,12.81,336798.62
7/5/2025,39.14,73.86,20700,2.9,1514261.25,56.7523,26.51,9.94,288347.03
7/12/2025,39.46,73.86,20700,2.9,1514261.25,56.7523,26.65,5.33,288347.03
7/19/2025,39.39,73.86,20700,2.9,1514261.25,56.7523,26.5,16.06,288347.03
7/26/2025,39.28,73.86,20700,2.9,1514261.25,56.7523,26.29,43.26,288347.03
8/2/2025,38.71,79.27,20680,2.9,860797.99,57.2525,26.87,3.56,288347.03
8/9/2025,38.26,79.27,20680,2.9,860797.99,57.2525,26.93,3.63,288347.03
8/16/2025,38.15,79.27,20680,2.9,860797.99,57.2525,26.78,11.18,288347.03
8/23/2025,38.17,79.27,20680,2.9,860797.99,57.2525,26.33,10.35,288347.03
8/30/2025,37.7,79.27,20680,2.9,860797.99,57.2525,26.24,15.08,288347.03
9/6/2025,38.62,75.44,20290,2.1,922495.98,57.2501,25.97,11.41,288347.03
9/13/2025,38.08,75.44,20290,2.1,922495.98,57.2501,25.93,15.12,288347.03
9/20/2025,37.74,75.44,20290,2.1,922495.98,57.2501,26.21,14.93,288347.03
9/27/2025,37.75,75.44,20290,2.1,922495.98,57.2501,25.81,20.68,288347.03
10/4/2025,37.97,72.73,18570,1.8,527777.55,58.2984,26.26,13.0,526828.62
10/11/2025,39.12,72.73,18570,1.8,527777.55,58.2984,26.59,12.07,526828.62
10/18/2025,39.32,72.73,18570,1.8,527777.55,58.2984,26.06,14.21,526828.62
10/25/2025,38.91,72.73,18570,1.8,527777.55,58.2984,26.43,14.96,526828.62
11/1/2025,39.5,68.13,17690,1.4,820838.11,58.9136,26.31,13.94,526828.62
11/8/2025,39.55,68.13,17690,1.4,820838.11,58.9136,26.27,20.16,526828.62
11/15/2025,39.41,68.13,17690,1.4,820838.11,58.9136,26.16,24.78,526828.62
11/22/2025,38.97,68.13,17690,1.4,820838.11,58.9136,25.68,12.22,526828.62
11/29/2025,38.85,68.13,17690,1.4,820838.11,58.9136,25.76,18.43,526828.62
12/6/2025,38.82,64.45,17750,1.3,803439.85,58.8488,25.11,7.05,526828.62
12/13/2025,38.92,64.45,17750,1.3,803439.85,58.8488,24.91,14.98,526828.62
12/20/2025,39.14,64.45,17750,1.3,803439.85,58.8488,24.72,17.67,526828.62
12/27/2025,39.35,64.45,17750,1.3,803439.85,58.8488,24.53,9.17,526828.62
1/3/2026,39.35,71.44,16990,1.4,814385.31,59.1622,24.48,6.82,338099.0
1/10/2026,39.72,71.44,16990,1.4,814385.31,59.1622,23.45,13.86,338099.0
1/17/2026,40.08,71.44,16990,1.4,814385.31,59.1622,23.96,5.24,338099.0
1/24/2026,39.73,71.44,16990,1.4,814385.31,59.1622,22.76,1.55,338099.0
1/31/2026,40.13,71.44,16990,1.4,814385.31,59.1622,22.61,4.21,338099.0
2/7/2026,40.59,71.04,17360,0.9,1343908.45,58.2803,22.93,1.84,338099.0
2/14/2026,40.6,71.04,17360,0.9,1343908.45,58.2803,23.72,12.2,338099.0
2/21/2026,41.13,71.04,17360,0.9,1343908.45,58.2803,24.32,3.4,338099.0
2/28/2026,41.31,71.04,17360,0.9,1343908.45,58.2803,24.38,1.45,338099.0
3/7/2026,41.41,67.87,17060,1.5,1030751.52,59.4069,25.24,0.58,338099.0
3/14/2026,42.31,67.87,17060,1.5,1030751.52,59.4069,23.3,2.32,338099.0
3/21/2026,42.9,67.87,17060,1.5,1030751.52,59.4069,23.38,0.8,338099.0
3/28/2026,43.22,67.87,17060,1.5,1030751.52,59.4069,25.07,0.54,338099.0
4/4/2026,43.28,67.99,15600,1.7,815346.38,60.2913,26.1,0.01,356076.21
4/11/2026,43.19,67.99,15600,1.7,815346.38,60.2913,27.64,0.07,356076.21
4/18/2026,43.25,67.99,15600,1.7,815346.38,60.2913,27.54,0.0,356076.21
4/25/2026,42.5,67.99,15600,1.7,815346.38,60.2913,28.01,0.33,356076.21
5/2/2026,42.5,64.54,15890,1.7,954908.93,61.441,28.49,1.1,356076.21
5/9/2026,42.5,64.54,15890,1.7,954908.93,61.441,28.39,1.58,356076.21
5/16/2026,42.5,64.54,15890,1.7,954908.93,61.441,30.32,2.51,356076.21
5/23/2026,42.5,64.54,15890,1.7,954908.93,61.441,29.36,3.48,356076.21
5/30/2026,45.3,64.54,15890,1.7,954908.93,61.441,30.7,2.29,356076.21
6/6/2026,42.5,63.8,15980,1.5,944142.43,61.2513,27.71,5.03,356076.21
6/13/2026,42.5,63.8,15980,1.5,944142.43,61.2513,29.31,3.04,356076.21
6/20/2026,42.5,63.8,15980,1.5,944142.43,61.2513,28.57,4.0,356076.21
6/27/2026,49.2,63.8,15980,1.5,944142.43,61.2513,28.13,3.6,356076.21
