Date,Special_PHP_kg_I,Price_Change_I01,Brent_Oil_USD,Farmgate_LCU_tonne,Inflation_Rate,Stocks_MT,Rainfall_mm,Special_PHP_kg_I_lag1,Price_Change_I01_lag1,Price_Change_I01_lag2,Price_Change_I01_lag3,Price_Change_I01_lag4,Brent_Oil_USD_lag1,Brent_Oil_USD_lag2,Brent_Oil_USD_lag3,Brent_Oil_USD_lag4,Farmgate_LCU_tonne_lag1,Farmgate_LCU_tonne_lag2,Farmgate_LCU_tonne_lag3,Farmgate_LCU_tonne_lag4,Inflation_Rate_lag1,Inflation_Rate_lag2,Inflation_Rate_lag3,Inflation_Rate_lag4,Stocks_MT_lag1,Stocks_MT_lag2,Stocks_MT_lag3,Stocks_MT_lag4,Rainfall_mm_lag1,Rainfall_mm_lag2,Rainfall_mm_lag3,Rainfall_mm_lag4
9/23/2023,56.94,0,82.59,18190,8.6,541210,8.84,56.94,-0.07,0.12,0.39,0.39,82.59,82.59,82.59,82.5,18190,18190,18190,17740,8.6,8.6,8.6,8.7,541210,541210,541210,651930,5.44,5.78,14.99,6.22
9/30/2023,56.78,-0.16,82.59,18190,8.6,541210,8.06,56.94,0,-0.07,0.12,0.39,82.59,82.59,82.59,82.59,18190,18190,18190,18190,8.6,8.6,8.6,8.6,541210,541210,541210,541210,8.84,5.44,5.78,14.99
10/7/2023,56.68,-0.1,78.43,18570,7.6,494252.94,6.55,56.78,-0.16,0,-0.07,0.12,82.59,82.59,82.59,82.59,18190,18190,18190,18190,8.6,8.6,8.6,8.6,541210,541210,541210,541210,8.06,8.84,5.44,5.78
10/14/2023,56.52,-0.16,78.43,18570,7.6,494252.94,9.55,56.68,-0.1,-0.16,0,-0.07,78.43,82.59,82.59,82.59,18570,18190,18190,18190,7.6,8.6,8.6,8.6,494252.94,541210,541210,541210,6.55,8.06,8.84,5.44
10/21/2023,56.57,0.05,78.43,18570,7.6,494252.94,12.1,56.52,-0.16,-0.1,-0.16,0,78.43,78.43,82.59,82.59,18570,18570,18190,18190,7.6,7.6,8.6,8.6,494252.94,494252.94,541210,541210,9.55,6.55,8.06,8.84
10/28/2023,56.75,0.18,78.43,18570,7.6,494252.94,6.27,56.57,0.05,-0.16,-0.1,-0.16,78.43,78.43,78.43,82.59,18570,18570,18570,18190,7.6,7.6,7.6,8.6,494252.94,494252.94,494252.94,541210,12.1,9.55,6.55,8.06
11/4/2023,57.03,0.28,84.64,18790,6.6,728730.7,7.62,56.75,0.18,0.05,-0.16,-0.1,78.43,78.43,78.43,78.43,18570,18570,18570,18570,7.6,7.6,7.6,7.6,494252.94,494252.94,494252.94,494252.94,6.27,12.1,9.55,6.55
11/11/2023,58.8,1.77,84.64,18790,6.6,728730.7,8.52,57.03,0.28,0.18,0.05,-0.16,84.64,78.43,78.43,78.43,18790,18570,18570,18570,6.6,7.6,7.6,7.6,728730.7,494252.94,494252.94,494252.94,7.62,6.27,12.1,9.55
11/18/2023,59.39,0.59,84.64,18790,6.6,728730.7,11.96,58.8,1.77,0.28,0.18,0.05,84.64,84.64,78.43,78.43,18790,18790,18570,18570,6.6,6.6,7.6,7.6,728730.7,728730.7,494252.94,494252.94,8.52,7.62,6.27,12.1
11/25/2023,60.48,1.09,84.64,18790,6.6,728730.7,12.02,59.39,0.59,1.77,0.28,0.18,84.64,84.64,84.64,78.43,18790,18790,18790,18570,6.6,6.6,6.6,7.6,728730.7,728730.7,728730.7,494252.94,11.96,8.52,7.62,6.27
12/2/2023,60.95,0.47,75.47,19060,6.1,787970.99,12.97,60.48,1.09,0.59,1.77,0.28,84.64,84.64,84.64,84.64,18790,18790,18790,18790,6.6,6.6,6.6,6.6,728730.7,728730.7,728730.7,728730.7,12.02,11.96,8.52,7.62
12/9/2023,61.17,0.22,75.47,19060,6.1,787970.99,6.3,60.95,0.47,1.09,0.59,1.77,75.47,84.64,84.64,84.64,19060,18790,18790,18790,6.1,6.6,6.6,6.6,787970.99,728730.7,728730.7,728730.7,12.97,12.02,11.96,8.52
12/16/2023,61.24,0.07,75.47,19060,6.1,787970.99,7.51,61.17,0.22,0.47,1.09,0.59,75.47,75.47,84.64,84.64,19060,19060,18790,18790,6.1,6.1,6.6,6.6,787970.99,787970.99,728730.7,728730.7,6.3,12.97,12.02,11.96
12/23/2023,61.23,-0.01,75.47,19060,6.1,787970.99,19.95,61.24,0.07,0.22,0.47,1.09,75.47,75.47,75.47,84.64,19060,19060,19060,18790,6.1,6.1,6.1,6.6,787970.99,787970.99,787970.99,728730.7,7.51,6.3,12.97,12.02
12/30/2023,61.23,0,75.47,19060,6.1,787970.99,9.35,61.23,-0.01,0.07,0.22,0.47,75.47,75.47,75.47,75.47,19060,19060,19060,19060,6.1,6.1,6.1,6.1,787970.99,787970.99,787970.99,787970.99,19.95,7.51,6.3,12.97
1/6/2024,61.04,-0.19,74.84,19230,5.4,848107.9,2.54,61.23,0,-0.01,0.07,0.22,75.47,75.47,75.47,75.47,19060,19060,19060,19060,6.1,6.1,6.1,6.1,787970.99,787970.99,787970.99,787970.99,9.35,19.95,7.51,6.3
1/13/2024,61.01,-0.03,74.84,19230,5.4,848107.9,3.43,61.04,-0.19,0,-0.01,0.07,74.84,75.47,75.47,75.47,19230,19060,19060,19060,5.4,6.1,6.1,6.1,848107.9,787970.99,787970.99,787970.99,2.54,9.35,19.95,7.51
1/20/2024,61.19,0.18,74.84,19230,5.4,848107.9,2.99,61.01,-0.03,-0.19,0,-0.01,74.84,74.84,75.47,75.47,19230,19230,19060,19060,5.4,5.4,6.1,6.1,848107.9,848107.9,787970.99,787970.99,3.43,2.54,9.35,19.95
1/27/2024,61,-0.19,74.84,19230,5.4,848107.9,4.14,61.19,0.18,-0.03,-0.19,0,74.84,74.84,74.84,75.47,19230,19230,19230,19060,5.4,5.4,5.4,6.1,848107.9,848107.9,848107.9,787970.99,2.99,3.43,2.54,9.35
2/3/2024,61.21,0.21,80.11,19440,4.7,984761.41,1.91,61,-0.19,0.18,-0.03,-0.19,74.84,74.84,74.84,74.84,19230,19230,19230,19230,5.4,5.4,5.4,5.4,848107.9,848107.9,848107.9,848107.9,4.14,2.99,3.43,2.54
2/10/2024,61.06,-0.15,80.11,19440,4.7,984761.41,0.48,61.21,0.21,-0.19,0.18,-0.03,80.11,74.84,74.84,74.84,19440,19230,19230,19230,4.7,5.4,5.4,5.4,984761.41,848107.9,848107.9,848107.9,1.91,4.14,2.99,3.43
2/17/2024,61,-0.06,80.11,19440,4.7,984761.41,1.43,61.06,-0.15,0.21,-0.19,0.18,80.11,80.11,74.84,74.84,19440,19440,19230,19230,4.7,4.7,5.4,5.4,984761.41,984761.41,848107.9,848107.9,0.48,1.91,4.14,2.99
2/24/2024,60.9,-0.1,80.11,19440,4.7,984761.41,1.45,61,-0.06,-0.15,0.21,-0.19,80.11,80.11,80.11,74.84,19440,19440,19440,19230,4.7,4.7,4.7,5.4,984761.41,984761.41,984761.41,848107.9,1.43,0.48,1.91,4.14
3/2/2024,60.99,0.09,86.15,22160,5.3,945096.67,0.91,60.9,-0.1,-0.06,-0.15,0.21,80.11,80.11,80.11,80.11,19440,19440,19440,19440,4.7,4.7,4.7,4.7,984761.41,984761.41,984761.41,984761.41,1.45,1.43,0.48,1.91
3/9/2024,60.95,-0.04,86.15,22160,5.3,945096.67,0.85,60.99,0.09,-0.1,-0.06,-0.15,86.15,80.11,80.11,80.11,22160,19440,19440,19440,5.3,4.7,4.7,4.7,945096.67,984761.41,984761.41,984761.41,0.91,1.45,1.43,0.48
3/16/2024,60.65,-0.3,86.15,22160,5.3,945096.67,3.46,60.95,-0.04,0.09,-0.1,-0.06,86.15,86.15,80.11,80.11,22160,22160,19440,19440,5.3,5.3,4.7,4.7,945096.67,945096.67,984761.41,984761.41,0.85,0.91,1.45,1.43
3/23/2024,60.46,-0.19,86.15,22160,5.3,945096.67,1.95,60.65,-0.3,-0.04,0.09,-0.1,86.15,86.15,86.15,80.11,22160,22160,22160,19440,5.3,5.3,5.3,4.7,945096.67,945096.67,945096.67,984761.41,3.46,0.85,0.91,1.45
3/30/2024,60.38,-0.08,86.15,22160,5.3,945096.67,3.7,60.46,-0.19,-0.3,-0.04,0.09,86.15,86.15,86.15,86.15,22160,22160,22160,22160,5.3,5.3,5.3,5.3,945096.67,945096.67,945096.67,945096.67,1.95,3.46,0.85,0.91
4/6/2024,60.28,-0.1,93.72,19910,6.1,902290.44,0.42,60.38,-0.08,-0.19,-0.3,-0.04,86.15,86.15,86.15,86.15,22160,22160,22160,22160,5.3,5.3,5.3,5.3,945096.67,945096.67,945096.67,945096.67,3.7,1.95,3.46,0.85
4/13/2024,60.24,-0.04,93.72,19910,6.1,902290.44,0.29,60.28,-0.1,-0.08,-0.19,-0.3,93.72,86.15,86.15,86.15,19910,22160,22160,22160,6.1,5.3,5.3,5.3,902290.44,945096.67,945096.67,945096.67,0.42,3.7,1.95,3.46
4/20/2024,60.16,-0.08,93.72,19910,6.1,902290.44,0.01,60.24,-0.04,-0.1,-0.08,-0.19,93.72,93.72,86.15,86.15,19910,19910,22160,22160,6.1,6.1,5.3,5.3,902290.44,902290.44,945096.67,945096.67,0.29,0.42,3.7,1.95
4/27/2024,60.29,0.13,93.72,19910,6.1,902290.44,0.99,60.16,-0.08,-0.04,-0.1,-0.08,93.72,93.72,93.72,86.15,19910,19910,19910,22160,6.1,6.1,6.1,5.3,902290.44,902290.44,902290.44,945096.67,0.01,0.29,0.42,3.7
5/4/2024,60.55,0.26,90.6,20600,4.9,1080905.36,0.16,60.29,0.13,-0.08,-0.04,-0.1,93.72,93.72,93.72,93.72,19910,19910,19910,19910,6.1,6.1,6.1,6.1,902290.44,902290.44,902290.44,902290.44,0.99,0.01,0.29,0.42
5/11/2024,60.57,0.02,90.6,20600,4.9,1080905.36,1.22,60.55,0.26,0.13,-0.08,-0.04,90.6,93.72,93.72,93.72,20600,19910,19910,19910,4.9,6.1,6.1,6.1,1080905.36,902290.44,902290.44,902290.44,0.16,0.99,0.01,0.29
5/18/2024,60.44,-0.13,90.6,20600,4.9,1080905.36,5.34,60.57,0.02,0.26,0.13,-0.08,90.6,90.6,93.72,93.72,20600,20600,19910,19910,4.9,4.9,6.1,6.1,1080905.36,1080905.36,902290.44,902290.44,1.22,0.16,0.99,0.01
5/25/2024,60.47,0.03,90.6,20600,4.9,1080905.36,10.36,60.44,-0.13,0.02,0.26,0.13,90.6,90.6,90.6,93.72,20600,20600,20600,19910,4.9,4.9,4.9,6.1,1080905.36,1080905.36,1080905.36,902290.44,5.34,1.22,0.16,0.99
6/1/2024,60.47,0,82.94,21950,4.1,901106.38,21.26,60.47,0.03,-0.13,0.02,0.26,90.6,90.6,90.6,90.6,20600,20600,20600,20600,4.9,4.9,4.9,4.9,1080905.36,1080905.36,1080905.36,1080905.36,10.36,5.34,1.22,0.16
6/8/2024,60.47,0,82.94,21950,4.1,901106.38,8.89,60.47,0,0.03,-0.13,0.02,82.94,90.6,90.6,90.6,21950,20600,20600,20600,4.1,4.9,4.9,4.9,901106.38,1080905.36,1080905.36,1080905.36,21.26,10.36,5.34,1.22
6/15/2024,60.59,0.12,82.94,21950,4.1,901106.38,4.54,60.47,0,0,0.03,-0.13,82.94,82.94,90.6,90.6,21950,21950,20600,20600,4.1,4.1,4.9,4.9,901106.38,901106.38,1080905.36,1080905.36,8.89,21.26,10.36,5.34
6/22/2024,60.65,0.06,82.94,21950,4.1,901106.38,11.37,60.59,0.12,0,0,0.03,82.94,82.94,82.94,90.6,21950,21950,21950,20600,4.1,4.1,4.1,4.9,901106.38,901106.38,901106.38,1080905.36,4.54,8.89,21.26,10.36
6/29/2024,60.49,-0.16,82.94,21950,4.1,901106.38,8.48,60.65,0.06,0.12,0,0,82.94,82.94,82.94,82.94,21950,21950,21950,21950,4.1,4.1,4.1,4.1,901106.38,901106.38,901106.38,901106.38,11.37,4.54,8.89,21.26
7/6/2024,60.36,-0.13,77.63,22890,3.9,851875.81,10.57,60.49,-0.16,0.06,0.12,0,82.94,82.94,82.94,82.94,21950,21950,21950,21950,4.1,4.1,4.1,4.1,901106.38,901106.38,901106.38,901106.38,8.48,11.37,4.54,8.89
7/13/2024,60.19,-0.17,77.63,22890,3.9,851875.81,11.51,60.36,-0.13,-0.16,0.06,0.12,77.63,82.94,82.94,82.94,22890,21950,21950,21950,3.9,4.1,4.1,4.1,851875.81,901106.38,901106.38,901106.38,10.57,8.48,11.37,4.54
7/20/2024,60.34,0.15,77.63,22890,3.9,851875.81,13.54,60.19,-0.17,-0.13,-0.16,0.06,77.63,77.63,82.94,82.94,22890,22890,21950,21950,3.9,3.9,4.1,4.1,851875.81,851875.81,901106.38,901106.38,11.51,10.57,8.48,11.37
7/27/2024,59.87,-0.47,77.63,22890,3.9,851875.81,37.74,60.34,0.15,-0.17,-0.13,-0.16,77.63,77.63,77.63,82.94,22890,22890,22890,21950,3.9,3.9,3.9,4.1,851875.81,851875.81,851875.81,901106.38,13.54,11.51,10.57,8.48
8/3/2024,59.79,-0.08,80.12,24920,2.8,978002.26,6.81,59.87,-0.47,0.15,-0.17,-0.13,77.63,77.63,77.63,77.63,22890,22890,22890,22890,3.9,3.9,3.9,3.9,851875.81,851875.81,851875.81,851875.81,37.74,13.54,11.51,10.57
8/10/2024,59.99,0.2,80.12,24920,2.8,978002.26,6.79,59.79,-0.08,-0.47,0.15,-0.17,80.12,77.63,77.63,77.63,24920,22890,22890,22890,2.8,3.9,3.9,3.9,978002.26,851875.81,851875.81,851875.81,6.81,37.74,13.54,11.51
8/17/2024,60.07,0.08,80.12,24920,2.8,978002.26,2.39,59.99,0.2,-0.08,-0.47,0.15,80.12,80.12,77.63,77.63,24920,24920,22890,22890,2.8,2.8,3.9,3.9,978002.26,978002.26,851875.81,851875.81,6.79,6.81,37.74,13.54
8/24/2024,60.24,0.17,80.12,24920,2.8,978002.26,7.33,60.07,0.08,0.2,-0.08,-0.47,80.12,80.12,80.12,77.63,24920,24920,24920,22890,2.8,2.8,2.8,3.9,978002.26,978002.26,978002.26,851875.81,2.39,6.79,6.81,37.74
8/31/2024,59.99,-0.25,80.12,24920,2.8,978002.26,10.82,60.24,0.17,0.08,0.2,-0.08,80.12,80.12,80.12,80.12,24920,24920,24920,24920,2.8,2.8,2.8,2.8,978002.26,978002.26,978002.26,978002.26,7.33,2.39,6.79,6.81
9/7/2024,60.37,0.38,83.48,25030,3.4,778887.55,31.59,59.99,-0.25,0.17,0.08,0.2,80.12,80.12,80.12,80.12,24920,24920,24920,24920,2.8,2.8,2.8,2.8,978002.26,978002.26,978002.26,978002.26,10.82,7.33,2.39,6.79
9/14/2024,60.25,-0.12,83.48,25030,3.4,778887.55,7.63,60.37,0.38,-0.25,0.17,0.08,83.48,80.12,80.12,80.12,25030,24920,24920,24920,3.4,2.8,2.8,2.8,778887.55,978002.26,978002.26,978002.26,31.59,10.82,7.33,2.39
9/21/2024,60.11,-0.14,83.48,25030,3.4,778887.55,11.91,60.25,-0.12,0.38,-0.25,0.17,83.48,83.48,80.12,80.12,25030,25030,24920,24920,3.4,3.4,2.8,2.8,778887.55,778887.55,978002.26,978002.26,7.63,31.59,10.82,7.33
9/28/2024,59.86,-0.25,83.48,25030,3.4,778887.55,1.88,60.11,-0.14,-0.12,0.38,-0.25,83.48,83.48,83.48,80.12,25030,25030,25030,24920,3.4,3.4,3.4,2.8,778887.55,778887.55,778887.55,978002.26,11.91,7.63,31.59,10.82
10/5/2024,59.89,0.03,85.41,24550,3.7,630285.38,5.6,59.86,-0.25,-0.14,-0.12,0.38,83.48,83.48,83.48,83.48,25030,25030,25030,25030,3.4,3.4,3.4,3.4,778887.55,778887.55,778887.55,778887.55,1.88,11.91,7.63,31.59
10/12/2024,59.9,0.01,85.41,24550,3.7,630285.38,11.93,59.89,0.03,-0.25,-0.14,-0.12,85.41,83.48,83.48,83.48,24550,25030,25030,25030,3.7,3.4,3.4,3.4,630285.38,778887.55,778887.55,778887.55,5.6,1.88,11.91,7.63
10/19/2024,59.88,-0.02,85.41,24550,3.7,630285.38,6.33,59.9,0.01,0.03,-0.25,-0.14,85.41,85.41,83.48,83.48,24550,24550,25030,25030,3.7,3.7,3.4,3.4,630285.38,630285.38,778887.55,778887.55,11.93,5.6,1.88,11.91
10/26/2024,59.71,-0.17,85.41,24550,3.7,630285.38,49.32,59.88,-0.02,0.01,0.03,-0.25,85.41,85.41,85.41,83.48,24550,24550,24550,25030,3.7,3.7,3.7,3.4,630285.38,630285.38,630285.38,778887.55,6.33,11.93,5.6,1.88
11/2/2024,59.51,-0.2,89.94,24510,3.8,876590,1.64,59.71,-0.17,-0.02,0.01,0.03,85.41,85.41,85.41,85.41,24550,24550,24550,24550,3.7,3.7,3.7,3.7,630285.38,630285.38,630285.38,630285.38,49.32,6.33,11.93,5.6
11/9/2024,59.31,-0.2,89.94,24510,3.8,876590,7.17,59.51,-0.2,-0.17,-0.02,0.01,89.94,85.41,85.41,85.41,24510,24550,24550,24550,3.8,3.7,3.7,3.7,876590,630285.38,630285.38,630285.38,1.64,49.32,6.33,11.93
11/16/2024,59.24,-0.07,89.94,24510,3.8,876590,2.29,59.31,-0.2,-0.2,-0.17,-0.02,89.94,89.94,85.41,85.41,24510,24510,24550,24550,3.8,3.8,3.7,3.7,876590,876590,630285.38,630285.38,7.17,1.64,49.32,6.33
11/23/2024,59.19,-0.05,89.94,24510,3.8,876590,6.41,59.24,-0.07,-0.2,-0.2,-0.17,89.94,89.94,89.94,85.41,24510,24510,24510,24550,3.8,3.8,3.8,3.7,876590,876590,876590,630285.38,2.29,7.17,1.64,49.32
11/30/2024,59.18,-0.01,89.94,24510,3.8,876590,7.08,59.19,-0.05,-0.07,-0.2,-0.2,89.94,89.94,89.94,89.94,24510,24510,24510,24510,3.8,3.8,3.8,3.8,876590,876590,876590,876590,6.41,2.29,7.17,1.64
12/7/2024,58.75,-0.43,81.75,24790,3.9,1142655.42,16.96,59.18,-0.01,-0.05,-0.07,-0.2,89.94,89.94,89.94,89.94,24510,24510,24510,24510,3.8,3.8,3.8,3.8,876590,876590,876590,876590,7.08,6.41,2.29,7.17
12/14/2024,58.8,0.05,81.75,24790,3.9,1142655.42,20.17,58.75,-0.43,-0.01,-0.05,-0.07,81.75,89.94,89.94,89.94,24790,24510,24510,24510,3.9,3.8,3.8,3.8,1142655.42,876590,876590,876590,16.96,7.08,6.41,2.29
12/21/2024,59.01,0.21,81.75,24790,3.9,1142655.42,11.81,58.8,0.05,-0.43,-0.01,-0.05,81.75,81.75,89.94,89.94,24790,24790,24510,24510,3.9,3.9,3.8,3.8,1142655.42,1142655.42,876590,876590,20.17,16.96,7.08,6.41
12/28/2024,58.59,-0.42,81.75,24790,3.9,1142655.42,22.59,59.01,0.21,0.05,-0.43,-0.01,81.75,81.75,81.75,89.94,24790,24790,24790,24510,3.9,3.9,3.9,3.8,1142655.42,1142655.42,1142655.42,876590,11.81,20.17,16.96,7.08
1/4/2025,58.58,-0.01,82.25,24650,3.7,1328853.71,15.1,58.59,-0.42,0.21,0.05,-0.43,81.75,81.75,81.75,81.75,24790,24790,24790,24790,3.9,3.9,3.9,3.9,1142655.42,1142655.42,1142655.42,1142655.42,22.59,11.81,20.17,16.96
1/11/2025,58.73,0.15,82.25,24650,3.7,1328853.71,6.07,58.58,-0.01,-0.42,0.21,0.05,82.25,81.75,81.75,81.75,24650,24790,24790,24790,3.7,3.9,3.9,3.9,1328853.71,1142655.42,1142655.42,1142655.42,15.1,22.59,11.81,20.17
1/18/2025,57.89,-0.84,82.25,24650,3.7,1328853.71,10.45,58.73,0.15,-0.01,-0.42,0.21,82.25,82.25,81.75,81.75,24650,24650,24790,24790,3.7,3.7,3.9,3.9,1328853.71,1328853.71,1142655.42,1142655.42,6.07,15.1,22.59,11.81
1/25/2025,57.52,-0.37,82.25,24650,3.7,1328853.71,1.97,57.89,-0.84,0.15,-0.01,-0.42,82.25,82.25,82.25,81.75,24650,24650,24650,24790,3.7,3.7,3.7,3.9,1328853.71,1328853.71,1328853.71,1142655.42,10.45,6.07,15.1,22.59
2/1/2025,57.05,-0.47,85.15,24360,4.4,1324469.14,6.95,57.52,-0.37,-0.84,0.15,-0.01,82.25,82.25,82.25,82.25,24650,24650,24650,24650,3.7,3.7,3.7,3.7,1328853.71,1328853.71,1328853.71,1328853.71,1.97,10.45,6.07,15.1
2/8/2025,56.69,-0.36,85.15,24360,4.4,1324469.14,10.05,57.05,-0.47,-0.37,-0.84,0.15,85.15,82.25,82.25,82.25,24360,24650,24650,24650,4.4,3.7,3.7,3.7,1324469.14,1328853.71,1328853.71,1328853.71,6.95,1.97,10.45,6.07
2/15/2025,56.49,-0.2,85.15,24360,4.4,1324469.14,12.28,56.69,-0.36,-0.47,-0.37,-0.84,85.15,85.15,82.25,82.25,24360,24360,24650,24650,4.4,4.4,3.7,3.7,1324469.14,1324469.14,1328853.71,1328853.71,10.05,6.95,1.97,10.45
2/22/2025,56.92,0.43,85.15,24360,4.4,1324469.14,7.24,56.49,-0.2,-0.36,-0.47,-0.37,85.15,85.15,85.15,82.25,24360,24360,24360,24650,4.4,4.4,4.4,3.7,1324469.14,1324469.14,1324469.14,1328853.71,12.28,10.05,6.95,1.97
3/1/2025,57.76,0.84,80.36,23440,3.3,1165003.64,1.93,56.92,0.43,-0.2,-0.36,-0.47,85.15,85.15,85.15,85.15,24360,24360,24360,24360,4.4,4.4,4.4,4.4,1324469.14,1324469.14,1324469.14,1324469.14,7.24,12.28,10.05,6.95
3/8/2025,57.27,-0.49,80.36,23440,3.3,1165003.64,4.8,57.76,0.84,0.43,-0.2,-0.36,80.36,85.15,85.15,85.15,23440,24360,24360,24360,3.3,4.4,4.4,4.4,1165003.64,1324469.14,1324469.14,1324469.14,1.93,7.24,12.28,10.05
3/15/2025,57.57,0.3,80.36,23440,3.3,1165003.64,5.38,57.27,-0.49,0.84,0.43,-0.2,80.36,80.36,85.15,85.15,23440,23440,24360,24360,3.3,3.3,4.4,4.4,1165003.64,1165003.64,1324469.14,1324469.14,4.8,1.93,7.24,12.28
3/22/2025,56.96,-0.61,80.36,23440,3.3,1165003.64,2.45,57.57,0.3,-0.49,0.84,0.43,80.36,80.36,80.36,85.15,23440,23440,23440,24360,3.3,3.3,3.3,4.4,1165003.64,1165003.64,1165003.64,1324469.14,5.38,4.8,1.93,7.24
3/29/2025,57.83,0.87,80.36,23440,3.3,1165003.64,3.58,56.96,-0.61,0.3,-0.49,0.84,80.36,80.36,80.36,80.36,23440,23440,23440,23440,3.3,3.3,3.3,3.3,1165003.64,1165003.64,1165003.64,1165003.64,2.45,5.38,4.8,1.93
4/5/2025,58.39,0.56,74.02,22330,1.9,1050261.77,7.15,57.83,0.87,-0.61,0.3,-0.49,80.36,80.36,80.36,80.36,23440,23440,23440,23440,3.3,3.3,3.3,3.3,1165003.64,1165003.64,1165003.64,1165003.64,3.58,2.45,5.38,4.8
4/12/2025,58.22,-0.17,74.02,22330,1.9,1050261.77,0.7,58.39,0.56,0.87,-0.61,0.3,74.02,80.36,80.36,80.36,22330,23440,23440,23440,1.9,3.3,3.3,3.3,1050261.77,1165003.64,1165003.64,1165003.64,7.15,3.58,2.45,5.38
4/19/2025,59.04,0.82,74.02,22330,1.9,1050261.77,0.45,58.22,-0.17,0.56,0.87,-0.61,74.02,74.02,80.36,80.36,22330,22330,23440,23440,1.9,1.9,3.3,3.3,1050261.77,1050261.77,1165003.64,1165003.64,0.7,7.15,3.58,2.45
4/26/2025,58.17,-0.87,74.02,22330,1.9,1050261.77,0.06,59.04,0.82,-0.17,0.56,0.87,74.02,74.02,74.02,80.36,22330,22330,22330,23440,1.9,1.9,1.9,3.3,1050261.77,1050261.77,1050261.77,1165003.64,0.45,0.7,7.15,3.58
5/3/2025,57.76,-0.41,75.63,20470,2.3,1210759.99,3.86,58.17,-0.87,0.82,-0.17,0.56,74.02,74.02,74.02,74.02,22330,22330,22330,22330,1.9,1.9,1.9,1.9,1050261.77,1050261.77,1050261.77,1050261.77,0.06,0.45,0.7,7.15
5/10/2025,58.45,0.69,75.63,20470,2.3,1210759.99,8.79,57.76,-0.41,-0.87,0.82,-0.17,75.63,74.02,74.02,74.02,20470,22330,22330,22330,2.3,1.9,1.9,1.9,1210759.99,1050261.77,1050261.77,1050261.77,3.86,0.06,0.45,0.7
5/17/2025,57.89,-0.56,75.63,20470,2.3,1210759.99,7.13,58.45,0.69,-0.41,-0.87,0.82,75.63,75.63,74.02,74.02,20470,20470,22330,22330,2.3,2.3,1.9,1.9,1210759.99,1210759.99,1050261.77,1050261.77,8.79,3.86,0.06,0.45
5/24/2025,57.91,0.02,75.63,20470,2.3,1210759.99,3.33,57.89,-0.56,0.69,-0.41,-0.87,75.63,75.63,75.63,74.02,20470,20470,20470,22330,2.3,2.3,2.3,1.9,1210759.99,1210759.99,1210759.99,1050261.77,7.13,8.79,3.86,0.06
5/31/2025,57.33,-0.58,75.63,20470,2.3,1210759.99,8.41,57.91,0.02,-0.56,0.69,-0.41,75.63,75.63,75.63,75.63,20470,20470,20470,20470,2.3,2.3,2.3,2.3,1210759.99,1210759.99,1210759.99,1210759.99,3.33,7.13,8.79,3.86
6/7/2025,58.24,0.91,74.35,20230,2.5,1418557.09,8.58,57.33,-0.58,0.02,-0.56,0.69,75.63,75.63,75.63,75.63,20470,20470,20470,20470,2.3,2.3,2.3,2.3,1210759.99,1210759.99,1210759.99,1210759.99,8.41,3.33,7.13,8.79
6/14/2025,57.1,-1.14,74.35,20230,2.5,1418557.09,8.21,58.24,0.91,-0.58,0.02,-0.56,74.35,75.63,75.63,75.63,20230,20470,20470,20470,2.5,2.3,2.3,2.3,1418557.09,1210759.99,1210759.99,1210759.99,8.58,8.41,3.33,7.13
6/21/2025,57.29,0.19,74.35,20230,2.5,1418557.09,11.4,57.1,-1.14,0.91,-0.58,0.02,74.35,74.35,75.63,75.63,20230,20230,20470,20470,2.5,2.5,2.3,2.3,1418557.09,1418557.09,1210759.99,1210759.99,8.21,8.58,8.41,3.33
6/28/2025,57.32,0.03,74.35,20230,2.5,1418557.09,12.81,57.29,0.19,-1.14,0.91,-0.58,74.35,74.35,74.35,75.63,20230,20230,20230,20470,2.5,2.5,2.5,2.3,1418557.09,1418557.09,1418557.09,1210759.99,11.4,8.21,8.58,8.41
7/5/2025,57.08,-0.24,73.86,20700,2.9,1514261.25,9.94,57.32,0.03,0.19,-1.14,0.91,74.35,74.35,74.35,74.35,20230,20230,20230,20230,2.5,2.5,2.5,2.5,1418557.09,1418557.09,1418557.09,1418557.09,12.81,11.4,8.21,8.58
7/12/2025,55.94,-1.14,73.86,20700,2.9,1514261.25,5.33,57.08,-0.24,0.03,0.19,-1.14,73.86,74.35,74.35,74.35,20700,20230,20230,20230,2.9,2.5,2.5,2.5,1514261.25,1418557.09,1418557.09,1418557.09,9.94,12.81,11.4,8.21
7/19/2025,56.06,0.12,73.86,20700,2.9,1514261.25,16.06,55.94,-1.14,-0.24,0.03,0.19,73.86,73.86,74.35,74.35,20700,20700,20230,20230,2.9,2.9,2.5,2.5,1514261.25,1514261.25,1418557.09,1418557.09,5.33,9.94,12.81,11.4
7/26/2025,55.94,-0.12,73.86,20700,2.9,1514261.25,43.26,56.06,0.12,-1.14,-0.24,0.03,73.86,73.86,73.86,74.35,20700,20700,20700,20230,2.9,2.9,2.9,2.5,1514261.25,1514261.25,1514261.25,1418557.09,16.06,5.33,9.94,12.81
8/2/2025,55.9,-0.04,79.27,20680,2.9,860797.99,3.56,55.94,-0.12,0.12,-1.14,-0.24,73.86,73.86,73.86,73.86,20700,20700,20700,20700,2.9,2.9,2.9,2.9,1514261.25,1514261.25,1514261.25,1514261.25,43.26,16.06,5.33,9.94
8/9/2025,55.9,0,79.27,20680,2.9,860797.99,3.63,55.9,-0.04,-0.12,0.12,-1.14,79.27,73.86,73.86,73.86,20680,20700,20700,20700,2.9,2.9,2.9,2.9,860797.99,1514261.25,1514261.25,1514261.25,3.56,43.26,16.06,5.33
8/16/2025,56.36,0.46,79.27,20680,2.9,860797.99,11.18,55.9,0,-0.04,-0.12,0.12,79.27,79.27,73.86,73.86,20680,20680,20700,20700,2.9,2.9,2.9,2.9,860797.99,860797.99,1514261.25,1514261.25,3.63,3.56,43.26,16.06
8/23/2025,56.25,-0.11,79.27,20680,2.9,860797.99,10.35,56.36,0.46,0,-0.04,-0.12,79.27,79.27,79.27,73.86,20680,20680,20680,20700,2.9,2.9,2.9,2.9,860797.99,860797.99,860797.99,1514261.25,11.18,3.63,3.56,43.26
8/30/2025,56.85,0.6,79.27,20680,2.9,860797.99,15.08,56.25,-0.11,0.46,0,-0.04,79.27,79.27,79.27,79.27,20680,20680,20680,20680,2.9,2.9,2.9,2.9,860797.99,860797.99,860797.99,860797.99,10.35,11.18,3.63,3.56
9/6/2025,56.81,-0.04,75.44,20290,2.1,922495.98,11.41,56.85,0.6,-0.11,0.46,0,79.27,79.27,79.27,79.27,20680,20680,20680,20680,2.9,2.9,2.9,2.9,860797.99,860797.99,860797.99,860797.99,15.08,10.35,11.18,3.63
9/13/2025,56.92,0.11,75.44,20290,2.1,922495.98,15.12,56.81,-0.04,0.6,-0.11,0.46,75.44,79.27,79.27,79.27,20290,20680,20680,20680,2.1,2.9,2.9,2.9,922495.98,860797.99,860797.99,860797.99,11.41,15.08,10.35,11.18
9/20/2025,57.73,0.81,75.44,20290,2.1,922495.98,14.93,56.92,0.11,-0.04,0.6,-0.11,75.44,75.44,79.27,79.27,20290,20290,20680,20680,2.1,2.1,2.9,2.9,922495.98,922495.98,860797.99,860797.99,15.12,11.41,15.08,10.35
9/27/2025,58.48,0.75,75.44,20290,2.1,922495.98,20.68,57.73,0.81,0.11,-0.04,0.6,75.44,75.44,75.44,79.27,20290,20290,20290,20680,2.1,2.1,2.1,2.9,922495.98,922495.98,922495.98,860797.99,14.93,15.12,11.41,15.08
10/4/2025,58.07,-0.41,72.73,18570,1.8,527777.55,13,58.48,0.75,0.81,0.11,-0.04,75.44,75.44,75.44,75.44,20290,20290,20290,20290,2.1,2.1,2.1,2.1,922495.98,922495.98,922495.98,922495.98,20.68,14.93,15.12,11.41
10/11/2025,57.56,-0.51,72.73,18570,1.8,527777.55,12.07,58.07,-0.41,0.75,0.81,0.11,72.73,75.44,75.44,75.44,18570,20290,20290,20290,1.8,2.1,2.1,2.1,527777.55,922495.98,922495.98,922495.98,13,20.68,14.93,15.12
10/18/2025,57.55,-0.01,72.73,18570,1.8,527777.55,14.21,57.56,-0.51,-0.41,0.75,0.81,72.73,72.73,75.44,75.44,18570,18570,20290,20290,1.8,1.8,2.1,2.1,527777.55,527777.55,922495.98,922495.98,12.07,13,20.68,14.93
10/25/2025,57.54,-0.01,72.73,18570,1.8,527777.55,14.96,57.55,-0.01,-0.51,-0.41,0.75,72.73,72.73,72.73,75.44,18570,18570,18570,20290,1.8,1.8,1.8,2.1,527777.55,527777.55,527777.55,922495.98,14.21,12.07,13,20.68
11/1/2025,57.76,0.22,68.13,17690,1.4,820838.11,13.94,57.54,-0.01,-0.01,-0.51,-0.41,72.73,72.73,72.73,72.73,18570,18570,18570,18570,1.8,1.8,1.8,1.8,527777.55,527777.55,527777.55,527777.55,14.96,14.21,12.07,13
11/8/2025,58.15,0.39,68.13,17690,1.4,820838.11,20.16,57.76,0.22,-0.01,-0.01,-0.51,68.13,72.73,72.73,72.73,17690,18570,18570,18570,1.4,1.8,1.8,1.8,820838.11,527777.55,527777.55,527777.55,13.94,14.96,14.21,12.07
11/15/2025,58.35,0.2,68.13,17690,1.4,820838.11,24.78,58.15,0.39,0.22,-0.01,-0.01,68.13,68.13,72.73,72.73,17690,17690,18570,18570,1.4,1.4,1.8,1.8,820838.11,820838.11,527777.55,527777.55,20.16,13.94,14.96,14.21
11/22/2025,58.79,0.44,68.13,17690,1.4,820838.11,12.22,58.35,0.2,0.39,0.22,-0.01,68.13,68.13,68.13,72.73,17690,17690,17690,18570,1.4,1.4,1.4,1.8,820838.11,820838.11,820838.11,527777.55,24.78,20.16,13.94,14.96
11/29/2025,58.83,0.04,68.13,17690,1.4,820838.11,18.43,58.79,0.44,0.2,0.39,0.22,68.13,68.13,68.13,68.13,17690,17690,17690,17690,1.4,1.4,1.4,1.4,820838.11,820838.11,820838.11,820838.11,12.22,24.78,20.16,13.94
12/6/2025,59.12,0.29,64.45,17750,1.3,803439.85,7.05,58.83,0.04,0.44,0.2,0.39,68.13,68.13,68.13,68.13,17690,17690,17690,17690,1.4,1.4,1.4,1.4,820838.11,820838.11,820838.11,820838.11,18.43,12.22,24.78,20.16
12/13/2025,59.49,0.37,64.45,17750,1.3,803439.85,14.98,59.12,0.29,0.04,0.44,0.2,64.45,68.13,68.13,68.13,17750,17690,17690,17690,1.3,1.4,1.4,1.4,803439.85,820838.11,820838.11,820838.11,7.05,18.43,12.22,24.78
12/20/2025,59.56,0.07,64.45,17750,1.3,803439.85,17.67,59.49,0.37,0.29,0.04,0.44,64.45,64.45,68.13,68.13,17750,17750,17690,17690,1.3,1.3,1.4,1.4,803439.85,803439.85,820838.11,820838.11,14.98,7.05,18.43,12.22
12/27/2025,59.45,-0.11,64.45,17750,1.3,803439.85,9.17,59.56,0.07,0.37,0.29,0.04,64.45,64.45,64.45,68.13,17750,17750,17750,17690,1.3,1.3,1.3,1.4,803439.85,803439.85,803439.85,820838.11,17.67,14.98,7.05,18.43
1/3/2026,59.45,0,71.44,16990,1.4,814385.31,6.82,59.45,-0.11,0.07,0.37,0.29,64.45,64.45,64.45,64.45,17750,17750,17750,17750,1.3,1.3,1.3,1.3,803439.85,803439.85,803439.85,803439.85,9.17,17.67,14.98,7.05
1/10/2026,59.67,0.22,71.44,16990,1.4,814385.31,13.86,59.45,0,-0.11,0.07,0.37,71.44,64.45,64.45,64.45,16990,17750,17750,17750,1.4,1.3,1.3,1.3,814385.31,803439.85,803439.85,803439.85,6.82,9.17,17.67,14.98
1/17/2026,59.72,0.05,71.44,16990,1.4,814385.31,5.24,59.67,0.22,0,-0.11,0.07,71.44,71.44,64.45,64.45,16990,16990,17750,17750,1.4,1.4,1.3,1.3,814385.31,814385.31,803439.85,803439.85,13.86,6.82,9.17,17.67
1/24/2026,59.93,0.21,71.44,16990,1.4,814385.31,1.55,59.72,0.05,0.22,0,-0.11,71.44,71.44,71.44,64.45,16990,16990,16990,17750,1.4,1.4,1.4,1.3,814385.31,814385.31,814385.31,803439.85,5.24,13.86,6.82,9.17
1/31/2026,60.63,0.7,71.44,16990,1.4,814385.31,4.21,59.93,0.21,0.05,0.22,0,71.44,71.44,71.44,71.44,16990,16990,16990,16990,1.4,1.4,1.4,1.4,814385.31,814385.31,814385.31,814385.31,1.55,5.24,13.86,6.82
2/7/2026,60.68,0.05,71.04,17360,0.9,1343908.45,1.84,60.63,0.7,0.21,0.05,0.22,71.44,71.44,71.44,71.44,16990,16990,16990,16990,1.4,1.4,1.4,1.4,814385.31,814385.31,814385.31,814385.31,4.21,1.55,5.24,13.86
2/14/2026,60.61,-0.07,71.04,17360,0.9,1343908.45,12.2,60.68,0.05,0.7,0.21,0.05,71.04,71.44,71.44,71.44,17360,16990,16990,16990,0.9,1.4,1.4,1.4,1343908.45,814385.31,814385.31,814385.31,1.84,4.21,1.55,5.24
2/21/2026,60.63,0.02,71.04,17360,0.9,1343908.45,3.4,60.61,-0.07,0.05,0.7,0.21,71.04,71.04,71.44,71.44,17360,17360,16990,16990,0.9,0.9,1.4,1.4,1343908.45,1343908.45,814385.31,814385.31,12.2,1.84,4.21,1.55
2/28/2026,60.8,0.17,71.04,17360,0.9,1343908.45,1.45,60.63,0.02,-0.07,0.05,0.7,71.04,71.04,71.04,71.44,17360,17360,17360,16990,0.9,0.9,0.9,1.4,1343908.45,1343908.45,1343908.45,814385.31,3.4,12.2,1.84,4.21
3/7/2026,60.63,-0.17,67.87,17060,1.5,1030751.52,0.58,60.8,0.17,0.02,-0.07,0.05,71.04,71.04,71.04,71.04,17360,17360,17360,17360,0.9,0.9,0.9,0.9,1343908.45,1343908.45,1343908.45,1343908.45,1.45,3.4,12.2,1.84
3/14/2026,60.6,-0.03,67.87,17060,1.5,1030751.52,2.32,60.63,-0.17,0.17,0.02,-0.07,67.87,71.04,71.04,71.04,17060,17360,17360,17360,1.5,0.9,0.9,0.9,1030751.52,1343908.45,1343908.45,1343908.45,0.58,1.45,3.4,12.2
3/21/2026,60.75,0.15,67.87,17060,1.5,1030751.52,0.8,60.6,-0.03,-0.17,0.17,0.02,67.87,67.87,71.04,71.04,17060,17060,17360,17360,1.5,1.5,0.9,0.9,1030751.52,1030751.52,1343908.45,1343908.45,2.32,0.58,1.45,3.4
3/28/2026,60.97,0.22,67.87,17060,1.5,1030751.52,0.54,60.75,0.15,-0.03,-0.17,0.17,67.87,67.87,67.87,71.04,17060,17060,17060,17360,1.5,1.5,1.5,0.9,1030751.52,1030751.52,1030751.52,1343908.45,0.8,2.32,0.58,1.45
4/4/2026,61.24,0.27,67.99,15600,1.7,815346.38,0.01,60.97,0.22,0.15,-0.03,-0.17,67.87,67.87,67.87,67.87,17060,17060,17060,17060,1.5,1.5,1.5,1.5,1030751.52,1030751.52,1030751.52,1030751.52,0.54,0.8,2.32,0.58
4/11/2026,61.17,-0.07,67.99,15600,1.7,815346.38,0.07,61.24,0.27,0.22,0.15,-0.03,67.99,67.87,67.87,67.87,15600,17060,17060,17060,1.7,1.5,1.5,1.5,815346.38,1030751.52,1030751.52,1030751.52,0.01,0.54,0.8,2.32
4/18/2026,61.17,0,67.99,15600,1.7,815346.38,0,61.17,-0.07,0.27,0.22,0.15,67.99,67.99,67.87,67.87,15600,15600,17060,17060,1.7,1.7,1.5,1.5,815346.38,815346.38,1030751.52,1030751.52,0.07,0.01,0.54,0.8
4/25/2026,61.12,-0.05,67.99,15600,1.7,815346.38,0.33,61.17,0,-0.07,0.27,0.22,67.99,67.99,67.99,67.87,15600,15600,15600,17060,1.7,1.7,1.7,1.5,815346.38,815346.38,815346.38,1030751.52,0,0.07,0.01,0.54
5/2/2026,61.09,-0.03,64.54,15890,1.7,954908.93,1.1,61.12,-0.05,0,-0.07,0.27,67.99,67.99,67.99,67.99,15600,15600,15600,15600,1.7,1.7,1.7,1.7,815346.38,815346.38,815346.38,815346.38,0.33,0,0.07,0.01
5/9/2026,60.27,-0.82,64.54,15890,1.7,954908.93,1.58,61.09,-0.03,-0.05,0,-0.07,64.54,67.99,67.99,67.99,15890,15600,15600,15600,1.7,1.7,1.7,1.7,954908.93,815346.38,815346.38,815346.38,1.1,0.33,0,0.07
5/16/2026,59.64,-0.63,64.54,15890,1.7,954908.93,2.51,60.27,-0.82,-0.03,-0.05,0,64.54,64.54,67.99,67.99,15890,15890,15600,15600,1.7,1.7,1.7,1.7,954908.93,954908.93,815346.38,815346.38,1.58,1.1,0.33,0
5/23/2026,59.72,0.08,64.54,15890,1.7,954908.93,3.48,59.64,-0.63,-0.82,-0.03,-0.05,64.54,64.54,64.54,67.99,15890,15890,15890,15600,1.7,1.7,1.7,1.7,954908.93,954908.93,954908.93,815346.38,2.51,1.58,1.1,0.33
5/30/2026,60.52,0.8,64.54,15890,1.7,954908.93,2.29,59.72,0.08,-0.63,-0.82,-0.03,64.54,64.54,64.54,64.54,15890,15890,15890,15890,1.7,1.7,1.7,1.7,954908.93,954908.93,954908.93,954908.93,3.48,2.51,1.58,1.1
6/6/2026,59.69,-0.83,63.8,15980,1.5,944142.43,5.03,60.52,0.8,0.08,-0.63,-0.82,64.54,64.54,64.54,64.54,15890,15890,15890,15890,1.7,1.7,1.7,1.7,954908.93,954908.93,954908.93,954908.93,2.29,3.48,2.51,1.58
6/13/2026,59.59,-0.1,63.8,15980,1.5,944142.43,3.04,59.69,-0.83,0.8,0.08,-0.63,63.8,64.54,64.54,64.54,15980,15890,15890,15890,1.5,1.7,1.7,1.7,944142.43,954908.93,954908.93,954908.93,5.03,2.29,3.48,2.51
6/20/2026,59.65,0.06,63.8,15980,1.5,944142.43,4,59.59,-0.1,-0.83,0.8,0.08,63.8,63.8,64.54,64.54,15980,15980,15890,15890,1.5,1.5,1.7,1.7,944142.43,944142.43,954908.93,954908.93,3.04,5.03,2.29,3.48
6/27/2026,59.57,-0.08,63.8,15980,1.5,944142.43,3.6,59.65,0.06,-0.1,-0.83,0.8,63.8,63.8,63.8,64.54,15980,15980,15980,15890,1.5,1.5,1.5,1.7,944142.43,944142.43,944142.43,954908.93,4,3.04,5.03,2.29
