Date,Premium_PHP_kg_L,Price_Change_L02,Brent_Oil_USD,Farmgate_LCU_tonne,Inflation_Rate,Stocks_MT,Rainfall_mm,Premium_PHP_kg_L_lag1,Premium_PHP_kg_L_lag2,Premium_PHP_kg_L_lag3,Premium_PHP_kg_L_lag4,Price_Change_L02_lag1,Price_Change_L02_lag2,Price_Change_L02_lag3,Price_Change_L02_lag4,Brent_Oil_USD_lag1,Brent_Oil_USD_lag2,Brent_Oil_USD_lag3,Brent_Oil_USD_lag4,Farmgate_LCU_tonne_lag1,Farmgate_LCU_tonne_lag2,Farmgate_LCU_tonne_lag3,Farmgate_LCU_tonne_lag4,Inflation_Rate_lag1,Inflation_Rate_lag2,Inflation_Rate_lag3,Inflation_Rate_lag4,Stocks_MT_lag1,Stocks_MT_lag2,Stocks_MT_lag3,Stocks_MT_lag4,Rainfall_mm_lag1,Rainfall_mm_lag2,Rainfall_mm_lag3,Rainfall_mm_lag4
9/23/2023,53.78,-0.34,82.59,18190,8.6,541210,8.84,54.12,54.21,54.29,53.35,-0.09,-0.08,0.94,0.94,82.59,82.59,82.59,82.5,18190,18190,18190,17740,8.6,8.6,8.6,8.7,541210,541210,541210,651930,5.44,5.78,14.99,6.22
9/30/2023,53.57,-0.21,82.59,18190,8.6,541210,8.06,53.78,54.12,54.21,54.29,-0.34,-0.09,-0.08,0.94,82.59,82.59,82.59,82.59,18190,18190,18190,18190,8.6,8.6,8.6,8.6,541210,541210,541210,541210,8.84,5.44,5.78,14.99
10/7/2023,53.42,-0.15,78.43,18570,7.6,494252.94,6.55,53.57,53.78,54.12,54.21,-0.21,-0.34,-0.09,-0.08,82.59,82.59,82.59,82.59,18190,18190,18190,18190,8.6,8.6,8.6,8.6,541210,541210,541210,541210,8.06,8.84,5.44,5.78
10/14/2023,52.8,-0.62,78.43,18570,7.6,494252.94,9.55,53.42,53.57,53.78,54.12,-0.15,-0.21,-0.34,-0.09,78.43,82.59,82.59,82.59,18570,18190,18190,18190,7.6,8.6,8.6,8.6,494252.94,541210,541210,541210,6.55,8.06,8.84,5.44
10/21/2023,52.54,-0.26,78.43,18570,7.6,494252.94,12.1,52.8,53.42,53.57,53.78,-0.62,-0.15,-0.21,-0.34,78.43,78.43,82.59,82.59,18570,18570,18190,18190,7.6,7.6,8.6,8.6,494252.94,494252.94,541210,541210,9.55,6.55,8.06,8.84
10/28/2023,52.71,0.17,78.43,18570,7.6,494252.94,6.27,52.54,52.8,53.42,53.57,-0.26,-0.62,-0.15,-0.21,78.43,78.43,78.43,82.59,18570,18570,18570,18190,7.6,7.6,7.6,8.6,494252.94,494252.94,494252.94,541210,12.1,9.55,6.55,8.06
11/4/2023,53.49,0.78,84.64,18790,6.6,728730.7,7.62,52.71,52.54,52.8,53.42,0.17,-0.26,-0.62,-0.15,78.43,78.43,78.43,78.43,18570,18570,18570,18570,7.6,7.6,7.6,7.6,494252.94,494252.94,494252.94,494252.94,6.27,12.1,9.55,6.55
11/11/2023,53.39,-0.1,84.64,18790,6.6,728730.7,8.52,53.49,52.71,52.54,52.8,0.78,0.17,-0.26,-0.62,84.64,78.43,78.43,78.43,18790,18570,18570,18570,6.6,7.6,7.6,7.6,728730.7,494252.94,494252.94,494252.94,7.62,6.27,12.1,9.55
11/18/2023,53.67,0.28,84.64,18790,6.6,728730.7,11.96,53.39,53.49,52.71,52.54,-0.1,0.78,0.17,-0.26,84.64,84.64,78.43,78.43,18790,18790,18570,18570,6.6,6.6,7.6,7.6,728730.7,728730.7,494252.94,494252.94,8.52,7.62,6.27,12.1
11/25/2023,54.18,0.51,84.64,18790,6.6,728730.7,12.02,53.67,53.39,53.49,52.71,0.28,-0.1,0.78,0.17,84.64,84.64,84.64,78.43,18790,18790,18790,18570,6.6,6.6,6.6,7.6,728730.7,728730.7,728730.7,494252.94,11.96,8.52,7.62,6.27
12/2/2023,54.51,0.33,75.47,19060,6.1,787970.99,12.97,54.18,53.67,53.39,53.49,0.51,0.28,-0.1,0.78,84.64,84.64,84.64,84.64,18790,18790,18790,18790,6.6,6.6,6.6,6.6,728730.7,728730.7,728730.7,728730.7,12.02,11.96,8.52,7.62
12/9/2023,54.38,-0.13,75.47,19060,6.1,787970.99,6.3,54.51,54.18,53.67,53.39,0.33,0.51,0.28,-0.1,75.47,84.64,84.64,84.64,19060,18790,18790,18790,6.1,6.6,6.6,6.6,787970.99,728730.7,728730.7,728730.7,12.97,12.02,11.96,8.52
12/16/2023,54.44,0.06,75.47,19060,6.1,787970.99,7.51,54.38,54.51,54.18,53.67,-0.13,0.33,0.51,0.28,75.47,75.47,84.64,84.64,19060,19060,18790,18790,6.1,6.1,6.6,6.6,787970.99,787970.99,728730.7,728730.7,6.3,12.97,12.02,11.96
12/23/2023,54.64,0.2,75.47,19060,6.1,787970.99,19.95,54.44,54.38,54.51,54.18,0.06,-0.13,0.33,0.51,75.47,75.47,75.47,84.64,19060,19060,19060,18790,6.1,6.1,6.1,6.6,787970.99,787970.99,787970.99,728730.7,7.51,6.3,12.97,12.02
12/30/2023,54.75,0.11,75.47,19060,6.1,787970.99,9.35,54.64,54.44,54.38,54.51,0.2,0.06,-0.13,0.33,75.47,75.47,75.47,75.47,19060,19060,19060,19060,6.1,6.1,6.1,6.1,787970.99,787970.99,787970.99,787970.99,19.95,7.51,6.3,12.97
1/6/2024,55.02,0.27,74.84,19230,5.4,848107.9,2.54,54.75,54.64,54.44,54.38,0.11,0.2,0.06,-0.13,75.47,75.47,75.47,75.47,19060,19060,19060,19060,6.1,6.1,6.1,6.1,787970.99,787970.99,787970.99,787970.99,9.35,19.95,7.51,6.3
1/13/2024,55.27,0.25,74.84,19230,5.4,848107.9,3.43,55.02,54.75,54.64,54.44,0.27,0.11,0.2,0.06,74.84,75.47,75.47,75.47,19230,19060,19060,19060,5.4,6.1,6.1,6.1,848107.9,787970.99,787970.99,787970.99,2.54,9.35,19.95,7.51
1/20/2024,55.21,-0.06,74.84,19230,5.4,848107.9,2.99,55.27,55.02,54.75,54.64,0.25,0.27,0.11,0.2,74.84,74.84,75.47,75.47,19230,19230,19060,19060,5.4,5.4,6.1,6.1,848107.9,848107.9,787970.99,787970.99,3.43,2.54,9.35,19.95
1/27/2024,55.18,-0.03,74.84,19230,5.4,848107.9,4.14,55.21,55.27,55.02,54.75,-0.06,0.25,0.27,0.11,74.84,74.84,74.84,75.47,19230,19230,19230,19060,5.4,5.4,5.4,6.1,848107.9,848107.9,848107.9,787970.99,2.99,3.43,2.54,9.35
2/3/2024,55.33,0.15,80.11,19440,4.7,984761.41,1.91,55.18,55.21,55.27,55.02,-0.03,-0.06,0.25,0.27,74.84,74.84,74.84,74.84,19230,19230,19230,19230,5.4,5.4,5.4,5.4,848107.9,848107.9,848107.9,848107.9,4.14,2.99,3.43,2.54
2/10/2024,55.21,-0.12,80.11,19440,4.7,984761.41,0.48,55.33,55.18,55.21,55.27,0.15,-0.03,-0.06,0.25,80.11,74.84,74.84,74.84,19440,19230,19230,19230,4.7,5.4,5.4,5.4,984761.41,848107.9,848107.9,848107.9,1.91,4.14,2.99,3.43
2/17/2024,55.27,0.06,80.11,19440,4.7,984761.41,1.43,55.21,55.33,55.18,55.21,-0.12,0.15,-0.03,-0.06,80.11,80.11,74.84,74.84,19440,19440,19230,19230,4.7,4.7,5.4,5.4,984761.41,984761.41,848107.9,848107.9,0.48,1.91,4.14,2.99
2/24/2024,55.46,0.19,80.11,19440,4.7,984761.41,1.45,55.27,55.21,55.33,55.18,0.06,-0.12,0.15,-0.03,80.11,80.11,80.11,74.84,19440,19440,19440,19230,4.7,4.7,4.7,5.4,984761.41,984761.41,984761.41,848107.9,1.43,0.48,1.91,4.14
3/2/2024,55.29,-0.17,86.15,22160,5.3,945096.67,0.91,55.46,55.27,55.21,55.33,0.19,0.06,-0.12,0.15,80.11,80.11,80.11,80.11,19440,19440,19440,19440,4.7,4.7,4.7,4.7,984761.41,984761.41,984761.41,984761.41,1.45,1.43,0.48,1.91
3/9/2024,55.37,0.08,86.15,22160,5.3,945096.67,0.85,55.29,55.46,55.27,55.21,-0.17,0.19,0.06,-0.12,86.15,80.11,80.11,80.11,22160,19440,19440,19440,5.3,4.7,4.7,4.7,945096.67,984761.41,984761.41,984761.41,0.91,1.45,1.43,0.48
3/16/2024,55.41,0.04,86.15,22160,5.3,945096.67,3.46,55.37,55.29,55.46,55.27,0.08,-0.17,0.19,0.06,86.15,86.15,80.11,80.11,22160,22160,19440,19440,5.3,5.3,4.7,4.7,945096.67,945096.67,984761.41,984761.41,0.85,0.91,1.45,1.43
3/23/2024,55.49,0.08,86.15,22160,5.3,945096.67,1.95,55.41,55.37,55.29,55.46,0.04,0.08,-0.17,0.19,86.15,86.15,86.15,80.11,22160,22160,22160,19440,5.3,5.3,5.3,4.7,945096.67,945096.67,945096.67,984761.41,3.46,0.85,0.91,1.45
3/30/2024,55.48,-0.01,86.15,22160,5.3,945096.67,3.7,55.49,55.41,55.37,55.29,0.08,0.04,0.08,-0.17,86.15,86.15,86.15,86.15,22160,22160,22160,22160,5.3,5.3,5.3,5.3,945096.67,945096.67,945096.67,945096.67,1.95,3.46,0.85,0.91
4/6/2024,55.46,-0.02,93.72,19910,6.1,902290.44,0.42,55.48,55.49,55.41,55.37,-0.01,0.08,0.04,0.08,86.15,86.15,86.15,86.15,22160,22160,22160,22160,5.3,5.3,5.3,5.3,945096.67,945096.67,945096.67,945096.67,3.7,1.95,3.46,0.85
4/13/2024,55.27,-0.19,93.72,19910,6.1,902290.44,0.29,55.46,55.48,55.49,55.41,-0.02,-0.01,0.08,0.04,93.72,86.15,86.15,86.15,19910,22160,22160,22160,6.1,5.3,5.3,5.3,902290.44,945096.67,945096.67,945096.67,0.42,3.7,1.95,3.46
4/20/2024,55.12,-0.15,93.72,19910,6.1,902290.44,0.01,55.27,55.46,55.48,55.49,-0.19,-0.02,-0.01,0.08,93.72,93.72,86.15,86.15,19910,19910,22160,22160,6.1,6.1,5.3,5.3,902290.44,902290.44,945096.67,945096.67,0.29,0.42,3.7,1.95
4/27/2024,55.12,0,93.72,19910,6.1,902290.44,0.99,55.12,55.27,55.46,55.48,-0.15,-0.19,-0.02,-0.01,93.72,93.72,93.72,86.15,19910,19910,19910,22160,6.1,6.1,6.1,5.3,902290.44,902290.44,902290.44,945096.67,0.01,0.29,0.42,3.7
5/4/2024,55.06,-0.06,90.6,20600,4.9,1080905.36,0.16,55.12,55.12,55.27,55.46,0,-0.15,-0.19,-0.02,93.72,93.72,93.72,93.72,19910,19910,19910,19910,6.1,6.1,6.1,6.1,902290.44,902290.44,902290.44,902290.44,0.99,0.01,0.29,0.42
5/11/2024,55.01,-0.05,90.6,20600,4.9,1080905.36,1.22,55.06,55.12,55.12,55.27,-0.06,0,-0.15,-0.19,90.6,93.72,93.72,93.72,20600,19910,19910,19910,4.9,6.1,6.1,6.1,1080905.36,902290.44,902290.44,902290.44,0.16,0.99,0.01,0.29
5/18/2024,54.78,-0.23,90.6,20600,4.9,1080905.36,5.34,55.01,55.06,55.12,55.12,-0.05,-0.06,0,-0.15,90.6,90.6,93.72,93.72,20600,20600,19910,19910,4.9,4.9,6.1,6.1,1080905.36,1080905.36,902290.44,902290.44,1.22,0.16,0.99,0.01
5/25/2024,54.77,-0.01,90.6,20600,4.9,1080905.36,10.36,54.78,55.01,55.06,55.12,-0.23,-0.05,-0.06,0,90.6,90.6,90.6,93.72,20600,20600,20600,19910,4.9,4.9,4.9,6.1,1080905.36,1080905.36,1080905.36,902290.44,5.34,1.22,0.16,0.99
6/1/2024,54.77,0,82.94,21950,4.1,901106.38,21.26,54.77,54.78,55.01,55.06,-0.01,-0.23,-0.05,-0.06,90.6,90.6,90.6,90.6,20600,20600,20600,20600,4.9,4.9,4.9,4.9,1080905.36,1080905.36,1080905.36,1080905.36,10.36,5.34,1.22,0.16
6/8/2024,54.77,0,82.94,21950,4.1,901106.38,8.89,54.77,54.77,54.78,55.01,0,-0.01,-0.23,-0.05,82.94,90.6,90.6,90.6,21950,20600,20600,20600,4.1,4.9,4.9,4.9,901106.38,1080905.36,1080905.36,1080905.36,21.26,10.36,5.34,1.22
6/15/2024,54.81,0.04,82.94,21950,4.1,901106.38,4.54,54.77,54.77,54.77,54.78,0,0,-0.01,-0.23,82.94,82.94,90.6,90.6,21950,21950,20600,20600,4.1,4.1,4.9,4.9,901106.38,901106.38,1080905.36,1080905.36,8.89,21.26,10.36,5.34
6/22/2024,54.82,0.01,82.94,21950,4.1,901106.38,11.37,54.81,54.77,54.77,54.77,0.04,0,0,-0.01,82.94,82.94,82.94,90.6,21950,21950,21950,20600,4.1,4.1,4.1,4.9,901106.38,901106.38,901106.38,1080905.36,4.54,8.89,21.26,10.36
6/29/2024,54.85,0.03,82.94,21950,4.1,901106.38,8.48,54.82,54.81,54.77,54.77,0.01,0.04,0,0,82.94,82.94,82.94,82.94,21950,21950,21950,21950,4.1,4.1,4.1,4.1,901106.38,901106.38,901106.38,901106.38,11.37,4.54,8.89,21.26
7/6/2024,54.79,-0.06,77.63,22890,3.9,851875.81,10.57,54.85,54.82,54.81,54.77,0.03,0.01,0.04,0,82.94,82.94,82.94,82.94,21950,21950,21950,21950,4.1,4.1,4.1,4.1,901106.38,901106.38,901106.38,901106.38,8.48,11.37,4.54,8.89
7/13/2024,54.66,-0.13,77.63,22890,3.9,851875.81,11.51,54.79,54.85,54.82,54.81,-0.06,0.03,0.01,0.04,77.63,82.94,82.94,82.94,22890,21950,21950,21950,3.9,4.1,4.1,4.1,851875.81,901106.38,901106.38,901106.38,10.57,8.48,11.37,4.54
7/20/2024,54.31,-0.35,77.63,22890,3.9,851875.81,13.54,54.66,54.79,54.85,54.82,-0.13,-0.06,0.03,0.01,77.63,77.63,82.94,82.94,22890,22890,21950,21950,3.9,3.9,4.1,4.1,851875.81,851875.81,901106.38,901106.38,11.51,10.57,8.48,11.37
7/27/2024,54.46,0.15,77.63,22890,3.9,851875.81,37.74,54.31,54.66,54.79,54.85,-0.35,-0.13,-0.06,0.03,77.63,77.63,77.63,82.94,22890,22890,22890,21950,3.9,3.9,3.9,4.1,851875.81,851875.81,851875.81,901106.38,13.54,11.51,10.57,8.48
8/3/2024,54.47,0.01,80.12,24920,2.8,978002.26,6.81,54.46,54.31,54.66,54.79,0.15,-0.35,-0.13,-0.06,77.63,77.63,77.63,77.63,22890,22890,22890,22890,3.9,3.9,3.9,3.9,851875.81,851875.81,851875.81,851875.81,37.74,13.54,11.51,10.57
8/10/2024,54.43,-0.04,80.12,24920,2.8,978002.26,6.79,54.47,54.46,54.31,54.66,0.01,0.15,-0.35,-0.13,80.12,77.63,77.63,77.63,24920,22890,22890,22890,2.8,3.9,3.9,3.9,978002.26,851875.81,851875.81,851875.81,6.81,37.74,13.54,11.51
8/17/2024,54.34,-0.09,80.12,24920,2.8,978002.26,2.39,54.43,54.47,54.46,54.31,-0.04,0.01,0.15,-0.35,80.12,80.12,77.63,77.63,24920,24920,22890,22890,2.8,2.8,3.9,3.9,978002.26,978002.26,851875.81,851875.81,6.79,6.81,37.74,13.54
8/24/2024,54.41,0.07,80.12,24920,2.8,978002.26,7.33,54.34,54.43,54.47,54.46,-0.09,-0.04,0.01,0.15,80.12,80.12,80.12,77.63,24920,24920,24920,22890,2.8,2.8,2.8,3.9,978002.26,978002.26,978002.26,851875.81,2.39,6.79,6.81,37.74
8/31/2024,54.27,-0.14,80.12,24920,2.8,978002.26,10.82,54.41,54.34,54.43,54.47,0.07,-0.09,-0.04,0.01,80.12,80.12,80.12,80.12,24920,24920,24920,24920,2.8,2.8,2.8,2.8,978002.26,978002.26,978002.26,978002.26,7.33,2.39,6.79,6.81
9/7/2024,54.53,0.26,83.48,25030,3.4,778887.55,31.59,54.27,54.41,54.34,54.43,-0.14,0.07,-0.09,-0.04,80.12,80.12,80.12,80.12,24920,24920,24920,24920,2.8,2.8,2.8,2.8,978002.26,978002.26,978002.26,978002.26,10.82,7.33,2.39,6.79
9/14/2024,54.69,0.16,83.48,25030,3.4,778887.55,7.63,54.53,54.27,54.41,54.34,0.26,-0.14,0.07,-0.09,83.48,80.12,80.12,80.12,25030,24920,24920,24920,3.4,2.8,2.8,2.8,778887.55,978002.26,978002.26,978002.26,31.59,10.82,7.33,2.39
9/21/2024,54.25,-0.44,83.48,25030,3.4,778887.55,11.91,54.69,54.53,54.27,54.41,0.16,0.26,-0.14,0.07,83.48,83.48,80.12,80.12,25030,25030,24920,24920,3.4,3.4,2.8,2.8,778887.55,778887.55,978002.26,978002.26,7.63,31.59,10.82,7.33
9/28/2024,54.46,0.21,83.48,25030,3.4,778887.55,1.88,54.25,54.69,54.53,54.27,-0.44,0.16,0.26,-0.14,83.48,83.48,83.48,80.12,25030,25030,25030,24920,3.4,3.4,3.4,2.8,778887.55,778887.55,778887.55,978002.26,11.91,7.63,31.59,10.82
10/5/2024,54.57,0.11,85.41,24550,3.7,630285.38,5.6,54.46,54.25,54.69,54.53,0.21,-0.44,0.16,0.26,83.48,83.48,83.48,83.48,25030,25030,25030,25030,3.4,3.4,3.4,3.4,778887.55,778887.55,778887.55,778887.55,1.88,11.91,7.63,31.59
10/12/2024,54.59,0.02,85.41,24550,3.7,630285.38,11.93,54.57,54.46,54.25,54.69,0.11,0.21,-0.44,0.16,85.41,83.48,83.48,83.48,24550,25030,25030,25030,3.7,3.4,3.4,3.4,630285.38,778887.55,778887.55,778887.55,5.6,1.88,11.91,7.63
10/19/2024,54.87,0.28,85.41,24550,3.7,630285.38,6.33,54.59,54.57,54.46,54.25,0.02,0.11,0.21,-0.44,85.41,85.41,83.48,83.48,24550,24550,25030,25030,3.7,3.7,3.4,3.4,630285.38,630285.38,778887.55,778887.55,11.93,5.6,1.88,11.91
10/26/2024,54.86,-0.01,85.41,24550,3.7,630285.38,49.32,54.87,54.59,54.57,54.46,0.28,0.02,0.11,0.21,85.41,85.41,85.41,83.48,24550,24550,24550,25030,3.7,3.7,3.7,3.4,630285.38,630285.38,630285.38,778887.55,6.33,11.93,5.6,1.88
11/2/2024,54.64,-0.22,89.94,24510,3.8,876590,1.64,54.86,54.87,54.59,54.57,-0.01,0.28,0.02,0.11,85.41,85.41,85.41,85.41,24550,24550,24550,24550,3.7,3.7,3.7,3.7,630285.38,630285.38,630285.38,630285.38,49.32,6.33,11.93,5.6
11/9/2024,54.61,-0.03,89.94,24510,3.8,876590,7.17,54.64,54.86,54.87,54.59,-0.22,-0.01,0.28,0.02,89.94,85.41,85.41,85.41,24510,24550,24550,24550,3.8,3.7,3.7,3.7,876590,630285.38,630285.38,630285.38,1.64,49.32,6.33,11.93
11/16/2024,54.4,-0.21,89.94,24510,3.8,876590,2.29,54.61,54.64,54.86,54.87,-0.03,-0.22,-0.01,0.28,89.94,89.94,85.41,85.41,24510,24510,24550,24550,3.8,3.8,3.7,3.7,876590,876590,630285.38,630285.38,7.17,1.64,49.32,6.33
11/23/2024,54.14,-0.26,89.94,24510,3.8,876590,6.41,54.4,54.61,54.64,54.86,-0.21,-0.03,-0.22,-0.01,89.94,89.94,89.94,85.41,24510,24510,24510,24550,3.8,3.8,3.8,3.7,876590,876590,876590,630285.38,2.29,7.17,1.64,49.32
11/30/2024,54.46,0.32,89.94,24510,3.8,876590,7.08,54.14,54.4,54.61,54.64,-0.26,-0.21,-0.03,-0.22,89.94,89.94,89.94,89.94,24510,24510,24510,24510,3.8,3.8,3.8,3.8,876590,876590,876590,876590,6.41,2.29,7.17,1.64
12/7/2024,54.29,-0.17,81.75,24790,3.9,1142655.42,16.96,54.46,54.14,54.4,54.61,0.32,-0.26,-0.21,-0.03,89.94,89.94,89.94,89.94,24510,24510,24510,24510,3.8,3.8,3.8,3.8,876590,876590,876590,876590,7.08,6.41,2.29,7.17
12/14/2024,54.14,-0.15,81.75,24790,3.9,1142655.42,20.17,54.29,54.46,54.14,54.4,-0.17,0.32,-0.26,-0.21,81.75,89.94,89.94,89.94,24790,24510,24510,24510,3.9,3.8,3.8,3.8,1142655.42,876590,876590,876590,16.96,7.08,6.41,2.29
12/21/2024,54.04,-0.1,81.75,24790,3.9,1142655.42,11.81,54.14,54.29,54.46,54.14,-0.15,-0.17,0.32,-0.26,81.75,81.75,89.94,89.94,24790,24790,24510,24510,3.9,3.9,3.8,3.8,1142655.42,1142655.42,876590,876590,20.17,16.96,7.08,6.41
12/28/2024,53.86,-0.18,81.75,24790,3.9,1142655.42,22.59,54.04,54.14,54.29,54.46,-0.1,-0.15,-0.17,0.32,81.75,81.75,81.75,89.94,24790,24790,24790,24510,3.9,3.9,3.9,3.8,1142655.42,1142655.42,1142655.42,876590,11.81,20.17,16.96,7.08
1/4/2025,53.39,-0.47,82.25,24650,3.7,1328853.71,15.1,53.86,54.04,54.14,54.29,-0.18,-0.1,-0.15,-0.17,81.75,81.75,81.75,81.75,24790,24790,24790,24790,3.9,3.9,3.9,3.9,1142655.42,1142655.42,1142655.42,1142655.42,22.59,11.81,20.17,16.96
1/11/2025,53.35,-0.04,82.25,24650,3.7,1328853.71,6.07,53.39,53.86,54.04,54.14,-0.47,-0.18,-0.1,-0.15,82.25,81.75,81.75,81.75,24650,24790,24790,24790,3.7,3.9,3.9,3.9,1328853.71,1142655.42,1142655.42,1142655.42,15.1,22.59,11.81,20.17
1/18/2025,53.15,-0.2,82.25,24650,3.7,1328853.71,10.45,53.35,53.39,53.86,54.04,-0.04,-0.47,-0.18,-0.1,82.25,82.25,81.75,81.75,24650,24650,24790,24790,3.7,3.7,3.9,3.9,1328853.71,1328853.71,1142655.42,1142655.42,6.07,15.1,22.59,11.81
1/25/2025,53,-0.15,82.25,24650,3.7,1328853.71,1.97,53.15,53.35,53.39,53.86,-0.2,-0.04,-0.47,-0.18,82.25,82.25,82.25,81.75,24650,24650,24650,24790,3.7,3.7,3.7,3.9,1328853.71,1328853.71,1328853.71,1142655.42,10.45,6.07,15.1,22.59
2/1/2025,52.8,-0.2,85.15,24360,4.4,1324469.14,6.95,53,53.15,53.35,53.39,-0.15,-0.2,-0.04,-0.47,82.25,82.25,82.25,82.25,24650,24650,24650,24650,3.7,3.7,3.7,3.7,1328853.71,1328853.71,1328853.71,1328853.71,1.97,10.45,6.07,15.1
2/8/2025,52.49,-0.31,85.15,24360,4.4,1324469.14,10.05,52.8,53,53.15,53.35,-0.2,-0.15,-0.2,-0.04,85.15,82.25,82.25,82.25,24360,24650,24650,24650,4.4,3.7,3.7,3.7,1324469.14,1328853.71,1328853.71,1328853.71,6.95,1.97,10.45,6.07
2/15/2025,52.82,0.33,85.15,24360,4.4,1324469.14,12.28,52.49,52.8,53,53.15,-0.31,-0.2,-0.15,-0.2,85.15,85.15,82.25,82.25,24360,24360,24650,24650,4.4,4.4,3.7,3.7,1324469.14,1324469.14,1328853.71,1328853.71,10.05,6.95,1.97,10.45
2/22/2025,52.73,-0.09,85.15,24360,4.4,1324469.14,7.24,52.82,52.49,52.8,53,0.33,-0.31,-0.2,-0.15,85.15,85.15,85.15,82.25,24360,24360,24360,24650,4.4,4.4,4.4,3.7,1324469.14,1324469.14,1324469.14,1328853.71,12.28,10.05,6.95,1.97
3/1/2025,52.96,0.23,80.36,23440,3.3,1165003.64,1.93,52.73,52.82,52.49,52.8,-0.09,0.33,-0.31,-0.2,85.15,85.15,85.15,85.15,24360,24360,24360,24360,4.4,4.4,4.4,4.4,1324469.14,1324469.14,1324469.14,1324469.14,7.24,12.28,10.05,6.95
3/8/2025,52.74,-0.22,80.36,23440,3.3,1165003.64,4.8,52.96,52.73,52.82,52.49,0.23,-0.09,0.33,-0.31,80.36,85.15,85.15,85.15,23440,24360,24360,24360,3.3,4.4,4.4,4.4,1165003.64,1324469.14,1324469.14,1324469.14,1.93,7.24,12.28,10.05
3/15/2025,52.7,-0.04,80.36,23440,3.3,1165003.64,5.38,52.74,52.96,52.73,52.82,-0.22,0.23,-0.09,0.33,80.36,80.36,85.15,85.15,23440,23440,24360,24360,3.3,3.3,4.4,4.4,1165003.64,1165003.64,1324469.14,1324469.14,4.8,1.93,7.24,12.28
3/22/2025,52.62,-0.08,80.36,23440,3.3,1165003.64,2.45,52.7,52.74,52.96,52.73,-0.04,-0.22,0.23,-0.09,80.36,80.36,80.36,85.15,23440,23440,23440,24360,3.3,3.3,3.3,4.4,1165003.64,1165003.64,1165003.64,1324469.14,5.38,4.8,1.93,7.24
3/29/2025,52.47,-0.15,80.36,23440,3.3,1165003.64,3.58,52.62,52.7,52.74,52.96,-0.08,-0.04,-0.22,0.23,80.36,80.36,80.36,80.36,23440,23440,23440,23440,3.3,3.3,3.3,3.3,1165003.64,1165003.64,1165003.64,1165003.64,2.45,5.38,4.8,1.93
4/5/2025,52.13,-0.34,74.02,22330,1.9,1050261.77,7.15,52.47,52.62,52.7,52.74,-0.15,-0.08,-0.04,-0.22,80.36,80.36,80.36,80.36,23440,23440,23440,23440,3.3,3.3,3.3,3.3,1165003.64,1165003.64,1165003.64,1165003.64,3.58,2.45,5.38,4.8
4/12/2025,51.95,-0.18,74.02,22330,1.9,1050261.77,0.7,52.13,52.47,52.62,52.7,-0.34,-0.15,-0.08,-0.04,74.02,80.36,80.36,80.36,22330,23440,23440,23440,1.9,3.3,3.3,3.3,1050261.77,1165003.64,1165003.64,1165003.64,7.15,3.58,2.45,5.38
4/19/2025,51.91,-0.04,74.02,22330,1.9,1050261.77,0.45,51.95,52.13,52.47,52.62,-0.18,-0.34,-0.15,-0.08,74.02,74.02,80.36,80.36,22330,22330,23440,23440,1.9,1.9,3.3,3.3,1050261.77,1050261.77,1165003.64,1165003.64,0.7,7.15,3.58,2.45
4/26/2025,51.82,-0.09,74.02,22330,1.9,1050261.77,0.06,51.91,51.95,52.13,52.47,-0.04,-0.18,-0.34,-0.15,74.02,74.02,74.02,80.36,22330,22330,22330,23440,1.9,1.9,1.9,3.3,1050261.77,1050261.77,1050261.77,1165003.64,0.45,0.7,7.15,3.58
5/3/2025,51.88,0.06,75.63,20470,2.3,1210759.99,3.86,51.82,51.91,51.95,52.13,-0.09,-0.04,-0.18,-0.34,74.02,74.02,74.02,74.02,22330,22330,22330,22330,1.9,1.9,1.9,1.9,1050261.77,1050261.77,1050261.77,1050261.77,0.06,0.45,0.7,7.15
5/10/2025,51.7,-0.18,75.63,20470,2.3,1210759.99,8.79,51.88,51.82,51.91,51.95,0.06,-0.09,-0.04,-0.18,75.63,74.02,74.02,74.02,20470,22330,22330,22330,2.3,1.9,1.9,1.9,1210759.99,1050261.77,1050261.77,1050261.77,3.86,0.06,0.45,0.7
5/17/2025,51.45,-0.25,75.63,20470,2.3,1210759.99,7.13,51.7,51.88,51.82,51.91,-0.18,0.06,-0.09,-0.04,75.63,75.63,74.02,74.02,20470,20470,22330,22330,2.3,2.3,1.9,1.9,1210759.99,1210759.99,1050261.77,1050261.77,8.79,3.86,0.06,0.45
5/24/2025,51.74,0.29,75.63,20470,2.3,1210759.99,3.33,51.45,51.7,51.88,51.82,-0.25,-0.18,0.06,-0.09,75.63,75.63,75.63,74.02,20470,20470,20470,22330,2.3,2.3,2.3,1.9,1210759.99,1210759.99,1210759.99,1050261.77,7.13,8.79,3.86,0.06
5/31/2025,51.63,-0.11,75.63,20470,2.3,1210759.99,8.41,51.74,51.45,51.7,51.88,0.29,-0.25,-0.18,0.06,75.63,75.63,75.63,75.63,20470,20470,20470,20470,2.3,2.3,2.3,2.3,1210759.99,1210759.99,1210759.99,1210759.99,3.33,7.13,8.79,3.86
6/7/2025,51.49,-0.14,74.35,20230,2.5,1418557.09,8.58,51.63,51.74,51.45,51.7,-0.11,0.29,-0.25,-0.18,75.63,75.63,75.63,75.63,20470,20470,20470,20470,2.3,2.3,2.3,2.3,1210759.99,1210759.99,1210759.99,1210759.99,8.41,3.33,7.13,8.79
6/14/2025,51.55,0.06,74.35,20230,2.5,1418557.09,8.21,51.49,51.63,51.74,51.45,-0.14,-0.11,0.29,-0.25,74.35,75.63,75.63,75.63,20230,20470,20470,20470,2.5,2.3,2.3,2.3,1418557.09,1210759.99,1210759.99,1210759.99,8.58,8.41,3.33,7.13
6/21/2025,51.61,0.06,74.35,20230,2.5,1418557.09,11.4,51.55,51.49,51.63,51.74,0.06,-0.14,-0.11,0.29,74.35,74.35,75.63,75.63,20230,20230,20470,20470,2.5,2.5,2.3,2.3,1418557.09,1418557.09,1210759.99,1210759.99,8.21,8.58,8.41,3.33
6/28/2025,51.35,-0.26,74.35,20230,2.5,1418557.09,12.81,51.61,51.55,51.49,51.63,0.06,0.06,-0.14,-0.11,74.35,74.35,74.35,75.63,20230,20230,20230,20470,2.5,2.5,2.5,2.3,1418557.09,1418557.09,1418557.09,1210759.99,11.4,8.21,8.58,8.41
7/5/2025,51.01,-0.34,73.86,20700,2.9,1514261.25,9.94,51.35,51.61,51.55,51.49,-0.26,0.06,0.06,-0.14,74.35,74.35,74.35,74.35,20230,20230,20230,20230,2.5,2.5,2.5,2.5,1418557.09,1418557.09,1418557.09,1418557.09,12.81,11.4,8.21,8.58
7/12/2025,50.96,-0.05,73.86,20700,2.9,1514261.25,5.33,51.01,51.35,51.61,51.55,-0.34,-0.26,0.06,0.06,73.86,74.35,74.35,74.35,20700,20230,20230,20230,2.9,2.5,2.5,2.5,1514261.25,1418557.09,1418557.09,1418557.09,9.94,12.81,11.4,8.21
7/19/2025,51.08,0.12,73.86,20700,2.9,1514261.25,16.06,50.96,51.01,51.35,51.61,-0.05,-0.34,-0.26,0.06,73.86,73.86,74.35,74.35,20700,20700,20230,20230,2.9,2.9,2.5,2.5,1514261.25,1514261.25,1418557.09,1418557.09,5.33,9.94,12.81,11.4
7/26/2025,51.06,-0.02,73.86,20700,2.9,1514261.25,43.26,51.08,50.96,51.01,51.35,0.12,-0.05,-0.34,-0.26,73.86,73.86,73.86,74.35,20700,20700,20700,20230,2.9,2.9,2.9,2.5,1514261.25,1514261.25,1514261.25,1418557.09,16.06,5.33,9.94,12.81
8/2/2025,50.93,-0.13,79.27,20680,2.9,860797.99,3.56,51.06,51.08,50.96,51.01,-0.02,0.12,-0.05,-0.34,73.86,73.86,73.86,73.86,20700,20700,20700,20700,2.9,2.9,2.9,2.9,1514261.25,1514261.25,1514261.25,1514261.25,43.26,16.06,5.33,9.94
8/9/2025,50.83,-0.1,79.27,20680,2.9,860797.99,3.63,50.93,51.06,51.08,50.96,-0.13,-0.02,0.12,-0.05,79.27,73.86,73.86,73.86,20680,20700,20700,20700,2.9,2.9,2.9,2.9,860797.99,1514261.25,1514261.25,1514261.25,3.56,43.26,16.06,5.33
8/16/2025,50.76,-0.07,79.27,20680,2.9,860797.99,11.18,50.83,50.93,51.06,51.08,-0.1,-0.13,-0.02,0.12,79.27,79.27,73.86,73.86,20680,20680,20700,20700,2.9,2.9,2.9,2.9,860797.99,860797.99,1514261.25,1514261.25,3.63,3.56,43.26,16.06
8/23/2025,50.54,-0.22,79.27,20680,2.9,860797.99,10.35,50.76,50.83,50.93,51.06,-0.07,-0.1,-0.13,-0.02,79.27,79.27,79.27,73.86,20680,20680,20680,20700,2.9,2.9,2.9,2.9,860797.99,860797.99,860797.99,1514261.25,11.18,3.63,3.56,43.26
8/30/2025,50.29,-0.25,79.27,20680,2.9,860797.99,15.08,50.54,50.76,50.83,50.93,-0.22,-0.07,-0.1,-0.13,79.27,79.27,79.27,79.27,20680,20680,20680,20680,2.9,2.9,2.9,2.9,860797.99,860797.99,860797.99,860797.99,10.35,11.18,3.63,3.56
9/6/2025,50.08,-0.21,75.44,20290,2.1,922495.98,11.41,50.29,50.54,50.76,50.83,-0.25,-0.22,-0.07,-0.1,79.27,79.27,79.27,79.27,20680,20680,20680,20680,2.9,2.9,2.9,2.9,860797.99,860797.99,860797.99,860797.99,15.08,10.35,11.18,3.63
9/13/2025,49.86,-0.22,75.44,20290,2.1,922495.98,15.12,50.08,50.29,50.54,50.76,-0.21,-0.25,-0.22,-0.07,75.44,79.27,79.27,79.27,20290,20680,20680,20680,2.1,2.9,2.9,2.9,922495.98,860797.99,860797.99,860797.99,11.41,15.08,10.35,11.18
9/20/2025,49.69,-0.17,75.44,20290,2.1,922495.98,14.93,49.86,50.08,50.29,50.54,-0.22,-0.21,-0.25,-0.22,75.44,75.44,79.27,79.27,20290,20290,20680,20680,2.1,2.1,2.9,2.9,922495.98,922495.98,860797.99,860797.99,15.12,11.41,15.08,10.35
9/27/2025,49.76,0.07,75.44,20290,2.1,922495.98,20.68,49.69,49.86,50.08,50.29,-0.17,-0.22,-0.21,-0.25,75.44,75.44,75.44,79.27,20290,20290,20290,20680,2.1,2.1,2.1,2.9,922495.98,922495.98,922495.98,860797.99,14.93,15.12,11.41,15.08
10/4/2025,49.79,0.03,72.73,18570,1.8,527777.55,13,49.76,49.69,49.86,50.08,0.07,-0.17,-0.22,-0.21,75.44,75.44,75.44,75.44,20290,20290,20290,20290,2.1,2.1,2.1,2.1,922495.98,922495.98,922495.98,922495.98,20.68,14.93,15.12,11.41
10/11/2025,49.45,-0.34,72.73,18570,1.8,527777.55,12.07,49.79,49.76,49.69,49.86,0.03,0.07,-0.17,-0.22,72.73,75.44,75.44,75.44,18570,20290,20290,20290,1.8,2.1,2.1,2.1,527777.55,922495.98,922495.98,922495.98,13,20.68,14.93,15.12
10/18/2025,48.98,-0.47,72.73,18570,1.8,527777.55,14.21,49.45,49.79,49.76,49.69,-0.34,0.03,0.07,-0.17,72.73,72.73,75.44,75.44,18570,18570,20290,20290,1.8,1.8,2.1,2.1,527777.55,527777.55,922495.98,922495.98,12.07,13,20.68,14.93
10/25/2025,48.87,-0.11,72.73,18570,1.8,527777.55,14.96,48.98,49.45,49.79,49.76,-0.47,-0.34,0.03,0.07,72.73,72.73,72.73,75.44,18570,18570,18570,20290,1.8,1.8,1.8,2.1,527777.55,527777.55,527777.55,922495.98,14.21,12.07,13,20.68
11/1/2025,48.64,-0.23,68.13,17690,1.4,820838.11,13.94,48.87,48.98,49.45,49.79,-0.11,-0.47,-0.34,0.03,72.73,72.73,72.73,72.73,18570,18570,18570,18570,1.8,1.8,1.8,1.8,527777.55,527777.55,527777.55,527777.55,14.96,14.21,12.07,13
11/8/2025,48.52,-0.12,68.13,17690,1.4,820838.11,20.16,48.64,48.87,48.98,49.45,-0.23,-0.11,-0.47,-0.34,68.13,72.73,72.73,72.73,17690,18570,18570,18570,1.4,1.8,1.8,1.8,820838.11,527777.55,527777.55,527777.55,13.94,14.96,14.21,12.07
11/15/2025,48.64,0.12,68.13,17690,1.4,820838.11,24.78,48.52,48.64,48.87,48.98,-0.12,-0.23,-0.11,-0.47,68.13,68.13,72.73,72.73,17690,17690,18570,18570,1.4,1.4,1.8,1.8,820838.11,820838.11,527777.55,527777.55,20.16,13.94,14.96,14.21
11/22/2025,49.11,0.47,68.13,17690,1.4,820838.11,12.22,48.64,48.52,48.64,48.87,0.12,-0.12,-0.23,-0.11,68.13,68.13,68.13,72.73,17690,17690,17690,18570,1.4,1.4,1.4,1.8,820838.11,820838.11,820838.11,527777.55,24.78,20.16,13.94,14.96
11/29/2025,49.34,0.23,68.13,17690,1.4,820838.11,18.43,49.11,48.64,48.52,48.64,0.47,0.12,-0.12,-0.23,68.13,68.13,68.13,68.13,17690,17690,17690,17690,1.4,1.4,1.4,1.4,820838.11,820838.11,820838.11,820838.11,12.22,24.78,20.16,13.94
12/6/2025,49.82,0.48,64.45,17750,1.3,803439.85,7.05,49.34,49.11,48.64,48.52,0.23,0.47,0.12,-0.12,68.13,68.13,68.13,68.13,17690,17690,17690,17690,1.4,1.4,1.4,1.4,820838.11,820838.11,820838.11,820838.11,18.43,12.22,24.78,20.16
12/13/2025,50.04,0.22,64.45,17750,1.3,803439.85,14.98,49.82,49.34,49.11,48.64,0.48,0.23,0.47,0.12,64.45,68.13,68.13,68.13,17750,17690,17690,17690,1.3,1.4,1.4,1.4,803439.85,820838.11,820838.11,820838.11,7.05,18.43,12.22,24.78
12/20/2025,50.43,0.39,64.45,17750,1.3,803439.85,17.67,50.04,49.82,49.34,49.11,0.22,0.48,0.23,0.47,64.45,64.45,68.13,68.13,17750,17750,17690,17690,1.3,1.3,1.4,1.4,803439.85,803439.85,820838.11,820838.11,14.98,7.05,18.43,12.22
12/27/2025,50.56,0.13,64.45,17750,1.3,803439.85,9.17,50.43,50.04,49.82,49.34,0.39,0.22,0.48,0.23,64.45,64.45,64.45,68.13,17750,17750,17750,17690,1.3,1.3,1.3,1.4,803439.85,803439.85,803439.85,820838.11,17.67,14.98,7.05,18.43
1/3/2026,50.56,0,71.44,16990,1.4,814385.31,6.82,50.56,50.43,50.04,49.82,0.13,0.39,0.22,0.48,64.45,64.45,64.45,64.45,17750,17750,17750,17750,1.3,1.3,1.3,1.3,803439.85,803439.85,803439.85,803439.85,9.17,17.67,14.98,7.05
1/10/2026,50.76,0.2,71.44,16990,1.4,814385.31,13.86,50.56,50.56,50.43,50.04,0,0.13,0.39,0.22,71.44,64.45,64.45,64.45,16990,17750,17750,17750,1.4,1.3,1.3,1.3,814385.31,803439.85,803439.85,803439.85,6.82,9.17,17.67,14.98
1/17/2026,50.98,0.22,71.44,16990,1.4,814385.31,5.24,50.76,50.56,50.56,50.43,0.2,0,0.13,0.39,71.44,71.44,64.45,64.45,16990,16990,17750,17750,1.4,1.4,1.3,1.3,814385.31,814385.31,803439.85,803439.85,13.86,6.82,9.17,17.67
1/24/2026,51.12,0.14,71.44,16990,1.4,814385.31,1.55,50.98,50.76,50.56,50.56,0.22,0.2,0,0.13,71.44,71.44,71.44,64.45,16990,16990,16990,17750,1.4,1.4,1.4,1.3,814385.31,814385.31,814385.31,803439.85,5.24,13.86,6.82,9.17
1/31/2026,51.46,0.34,71.44,16990,1.4,814385.31,4.21,51.12,50.98,50.76,50.56,0.14,0.22,0.2,0,71.44,71.44,71.44,71.44,16990,16990,16990,16990,1.4,1.4,1.4,1.4,814385.31,814385.31,814385.31,814385.31,1.55,5.24,13.86,6.82
2/7/2026,51.92,0.46,71.04,17360,0.9,1343908.45,1.84,51.46,51.12,50.98,50.76,0.34,0.14,0.22,0.2,71.44,71.44,71.44,71.44,16990,16990,16990,16990,1.4,1.4,1.4,1.4,814385.31,814385.31,814385.31,814385.31,4.21,1.55,5.24,13.86
2/14/2026,51.87,-0.05,71.04,17360,0.9,1343908.45,12.2,51.92,51.46,51.12,50.98,0.46,0.34,0.14,0.22,71.04,71.44,71.44,71.44,17360,16990,16990,16990,0.9,1.4,1.4,1.4,1343908.45,814385.31,814385.31,814385.31,1.84,4.21,1.55,5.24
2/21/2026,52.07,0.2,71.04,17360,0.9,1343908.45,3.4,51.87,51.92,51.46,51.12,-0.05,0.46,0.34,0.14,71.04,71.04,71.44,71.44,17360,17360,16990,16990,0.9,0.9,1.4,1.4,1343908.45,1343908.45,814385.31,814385.31,12.2,1.84,4.21,1.55
2/28/2026,52.46,0.39,71.04,17360,0.9,1343908.45,1.45,52.07,51.87,51.92,51.46,0.2,-0.05,0.46,0.34,71.04,71.04,71.04,71.44,17360,17360,17360,16990,0.9,0.9,0.9,1.4,1343908.45,1343908.45,1343908.45,814385.31,3.4,12.2,1.84,4.21
3/7/2026,53.3,0.84,67.87,17060,1.5,1030751.52,0.58,52.46,52.07,51.87,51.92,0.39,0.2,-0.05,0.46,71.04,71.04,71.04,71.04,17360,17360,17360,17360,0.9,0.9,0.9,0.9,1343908.45,1343908.45,1343908.45,1343908.45,1.45,3.4,12.2,1.84
3/14/2026,53.52,0.22,67.87,17060,1.5,1030751.52,2.32,53.3,52.46,52.07,51.87,0.84,0.39,0.2,-0.05,67.87,71.04,71.04,71.04,17060,17360,17360,17360,1.5,0.9,0.9,0.9,1030751.52,1343908.45,1343908.45,1343908.45,0.58,1.45,3.4,12.2
3/21/2026,54.2,0.68,67.87,17060,1.5,1030751.52,0.8,53.52,53.3,52.46,52.07,0.22,0.84,0.39,0.2,67.87,67.87,71.04,71.04,17060,17060,17360,17360,1.5,1.5,0.9,0.9,1030751.52,1030751.52,1343908.45,1343908.45,2.32,0.58,1.45,3.4
3/28/2026,55.06,0.86,67.87,17060,1.5,1030751.52,0.54,54.2,53.52,53.3,52.46,0.68,0.22,0.84,0.39,67.87,67.87,67.87,71.04,17060,17060,17060,17360,1.5,1.5,1.5,0.9,1030751.52,1030751.52,1030751.52,1343908.45,0.8,2.32,0.58,1.45
4/4/2026,55.59,0.53,67.99,15600,1.7,815346.38,0.01,55.06,54.2,53.52,53.3,0.86,0.68,0.22,0.84,67.87,67.87,67.87,67.87,17060,17060,17060,17060,1.5,1.5,1.5,1.5,1030751.52,1030751.52,1030751.52,1030751.52,0.54,0.8,2.32,0.58
4/11/2026,55.9,0.31,67.99,15600,1.7,815346.38,0.07,55.59,55.06,54.2,53.52,0.53,0.86,0.68,0.22,67.99,67.87,67.87,67.87,15600,17060,17060,17060,1.7,1.5,1.5,1.5,815346.38,1030751.52,1030751.52,1030751.52,0.01,0.54,0.8,2.32
4/18/2026,55.88,-0.02,67.99,15600,1.7,815346.38,0,55.9,55.59,55.06,54.2,0.31,0.53,0.86,0.68,67.99,67.99,67.87,67.87,15600,15600,17060,17060,1.7,1.7,1.5,1.5,815346.38,815346.38,1030751.52,1030751.52,0.07,0.01,0.54,0.8
4/25/2026,55.87,-0.01,67.99,15600,1.7,815346.38,0.33,55.88,55.9,55.59,55.06,-0.02,0.31,0.53,0.86,67.99,67.99,67.99,67.87,15600,15600,15600,17060,1.7,1.7,1.7,1.5,815346.38,815346.38,815346.38,1030751.52,0,0.07,0.01,0.54
5/2/2026,55.8,-0.07,64.54,15890,1.7,954908.93,1.1,55.87,55.88,55.9,55.59,-0.01,-0.02,0.31,0.53,67.99,67.99,67.99,67.99,15600,15600,15600,15600,1.7,1.7,1.7,1.7,815346.38,815346.38,815346.38,815346.38,0.33,0,0.07,0.01
5/9/2026,55.73,-0.07,64.54,15890,1.7,954908.93,1.58,55.8,55.87,55.88,55.9,-0.07,-0.01,-0.02,0.31,64.54,67.99,67.99,67.99,15890,15600,15600,15600,1.7,1.7,1.7,1.7,954908.93,815346.38,815346.38,815346.38,1.1,0.33,0,0.07
5/16/2026,55.6,-0.13,64.54,15890,1.7,954908.93,2.51,55.73,55.8,55.87,55.88,-0.07,-0.07,-0.01,-0.02,64.54,64.54,67.99,67.99,15890,15890,15600,15600,1.7,1.7,1.7,1.7,954908.93,954908.93,815346.38,815346.38,1.58,1.1,0.33,0
5/23/2026,55.31,-0.29,64.54,15890,1.7,954908.93,3.48,55.6,55.73,55.8,55.87,-0.13,-0.07,-0.07,-0.01,64.54,64.54,64.54,67.99,15890,15890,15890,15600,1.7,1.7,1.7,1.7,954908.93,954908.93,954908.93,815346.38,2.51,1.58,1.1,0.33
5/30/2026,54.93,-0.38,64.54,15890,1.7,954908.93,2.29,55.31,55.6,55.73,55.8,-0.29,-0.13,-0.07,-0.07,64.54,64.54,64.54,64.54,15890,15890,15890,15890,1.7,1.7,1.7,1.7,954908.93,954908.93,954908.93,954908.93,3.48,2.51,1.58,1.1
6/6/2026,54.78,-0.15,63.8,15980,1.5,944142.43,5.03,54.93,55.31,55.6,55.73,-0.38,-0.29,-0.13,-0.07,64.54,64.54,64.54,64.54,15890,15890,15890,15890,1.7,1.7,1.7,1.7,954908.93,954908.93,954908.93,954908.93,2.29,3.48,2.51,1.58
6/13/2026,54.76,-0.02,63.8,15980,1.5,944142.43,3.04,54.78,54.93,55.31,55.6,-0.15,-0.38,-0.29,-0.13,63.8,64.54,64.54,64.54,15980,15890,15890,15890,1.5,1.7,1.7,1.7,944142.43,954908.93,954908.93,954908.93,5.03,2.29,3.48,2.51
6/20/2026,54.53,-0.23,63.8,15980,1.5,944142.43,4,54.76,54.78,54.93,55.31,-0.02,-0.15,-0.38,-0.29,63.8,63.8,64.54,64.54,15980,15980,15890,15890,1.5,1.5,1.7,1.7,944142.43,944142.43,954908.93,954908.93,3.04,5.03,2.29,3.48
6/27/2026,54.28,-0.25,63.8,15980,1.5,944142.43,3.6,54.53,54.76,54.78,54.93,-0.23,-0.02,-0.15,-0.38,63.8,63.8,63.8,64.54,15980,15980,15980,15890,1.5,1.5,1.5,1.7,944142.43,944142.43,944142.43,954908.93,4,3.04,5.03,2.29
