Date,Special_PHP_kg_L,Price_Change_L01,Brent_Oil_USD,Farmgate_LCU_tonne,Inflation_Rate,Stocks_MT,Rainfall_mm,Special_PHP_kg_L_lag1,Special_PHP_kg_L_lag2,Special_PHP_kg_L_lag3,Special_PHP_kg_L_lag4,Price_Change_L01_lag1,Price_Change_L01_lag2,Price_Change_L01_lag3,Price_Change_L01_lag4,Brent_Oil_USD_lag1,Brent_Oil_USD_lag2,Brent_Oil_USD_lag3,Brent_Oil_USD_lag4,Farmgate_LCU_tonne_lag1,Farmgate_LCU_tonne_lag2,Farmgate_LCU_tonne_lag3,Farmgate_LCU_tonne_lag4,Inflation_Rate_lag1,Inflation_Rate_lag2,Inflation_Rate_lag3,Inflation_Rate_lag4,Stocks_MT_lag1,Stocks_MT_lag2,Stocks_MT_lag3,Stocks_MT_lag4,Rainfall_mm_lag1,Rainfall_mm_lag2,Rainfall_mm_lag3,Rainfall_mm_lag4
9/23/2023,58.24,-0.22,82.59,18190,8.6,541210,8.84,58.46,58.25,58.51,57.8,0.21,-0.26,0.71,0.71,82.59,82.59,82.59,82.5,18190,18190,18190,17740,8.6,8.6,8.6,8.7,541210,541210,541210,651930,5.44,5.78,14.99,6.22
9/30/2023,58.37,0.13,82.59,18190,8.6,541210,8.06,58.24,58.46,58.25,58.51,-0.22,0.21,-0.26,0.71,82.59,82.59,82.59,82.59,18190,18190,18190,18190,8.6,8.6,8.6,8.6,541210,541210,541210,541210,8.84,5.44,5.78,14.99
10/7/2023,58.27,-0.1,78.43,18570,7.6,494252.94,6.55,58.37,58.24,58.46,58.25,0.13,-0.22,0.21,-0.26,82.59,82.59,82.59,82.59,18190,18190,18190,18190,8.6,8.6,8.6,8.6,541210,541210,541210,541210,8.06,8.84,5.44,5.78
10/14/2023,58.12,-0.15,78.43,18570,7.6,494252.94,9.55,58.27,58.37,58.24,58.46,-0.1,0.13,-0.22,0.21,78.43,82.59,82.59,82.59,18570,18190,18190,18190,7.6,8.6,8.6,8.6,494252.94,541210,541210,541210,6.55,8.06,8.84,5.44
10/21/2023,58.02,-0.1,78.43,18570,7.6,494252.94,12.1,58.12,58.27,58.37,58.24,-0.15,-0.1,0.13,-0.22,78.43,78.43,82.59,82.59,18570,18570,18190,18190,7.6,7.6,8.6,8.6,494252.94,494252.94,541210,541210,9.55,6.55,8.06,8.84
10/28/2023,58.17,0.15,78.43,18570,7.6,494252.94,6.27,58.02,58.12,58.27,58.37,-0.1,-0.15,-0.1,0.13,78.43,78.43,78.43,82.59,18570,18570,18570,18190,7.6,7.6,7.6,8.6,494252.94,494252.94,494252.94,541210,12.1,9.55,6.55,8.06
11/4/2023,58.39,0.22,84.64,18790,6.6,728730.7,7.62,58.17,58.02,58.12,58.27,0.15,-0.1,-0.15,-0.1,78.43,78.43,78.43,78.43,18570,18570,18570,18570,7.6,7.6,7.6,7.6,494252.94,494252.94,494252.94,494252.94,6.27,12.1,9.55,6.55
11/11/2023,59.28,0.89,84.64,18790,6.6,728730.7,8.52,58.39,58.17,58.02,58.12,0.22,0.15,-0.1,-0.15,84.64,78.43,78.43,78.43,18790,18570,18570,18570,6.6,7.6,7.6,7.6,728730.7,494252.94,494252.94,494252.94,7.62,6.27,12.1,9.55
11/18/2023,59.68,0.4,84.64,18790,6.6,728730.7,11.96,59.28,58.39,58.17,58.02,0.89,0.22,0.15,-0.1,84.64,84.64,78.43,78.43,18790,18790,18570,18570,6.6,6.6,7.6,7.6,728730.7,728730.7,494252.94,494252.94,8.52,7.62,6.27,12.1
11/25/2023,60.4,0.72,84.64,18790,6.6,728730.7,12.02,59.68,59.28,58.39,58.17,0.4,0.89,0.22,0.15,84.64,84.64,84.64,78.43,18790,18790,18790,18570,6.6,6.6,6.6,7.6,728730.7,728730.7,728730.7,494252.94,11.96,8.52,7.62,6.27
12/2/2023,60.66,0.26,75.47,19060,6.1,787970.99,12.97,60.4,59.68,59.28,58.39,0.72,0.4,0.89,0.22,84.64,84.64,84.64,84.64,18790,18790,18790,18790,6.6,6.6,6.6,6.6,728730.7,728730.7,728730.7,728730.7,12.02,11.96,8.52,7.62
12/9/2023,60.98,0.32,75.47,19060,6.1,787970.99,6.3,60.66,60.4,59.68,59.28,0.26,0.72,0.4,0.89,75.47,84.64,84.64,84.64,19060,18790,18790,18790,6.1,6.6,6.6,6.6,787970.99,728730.7,728730.7,728730.7,12.97,12.02,11.96,8.52
12/16/2023,61.11,0.13,75.47,19060,6.1,787970.99,7.51,60.98,60.66,60.4,59.68,0.32,0.26,0.72,0.4,75.47,75.47,84.64,84.64,19060,19060,18790,18790,6.1,6.1,6.6,6.6,787970.99,787970.99,728730.7,728730.7,6.3,12.97,12.02,11.96
12/23/2023,61.01,-0.1,75.47,19060,6.1,787970.99,19.95,61.11,60.98,60.66,60.4,0.13,0.32,0.26,0.72,75.47,75.47,75.47,84.64,19060,19060,19060,18790,6.1,6.1,6.1,6.6,787970.99,787970.99,787970.99,728730.7,7.51,6.3,12.97,12.02
12/30/2023,61.07,0.06,75.47,19060,6.1,787970.99,9.35,61.01,61.11,60.98,60.66,-0.1,0.13,0.32,0.26,75.47,75.47,75.47,75.47,19060,19060,19060,19060,6.1,6.1,6.1,6.1,787970.99,787970.99,787970.99,787970.99,19.95,7.51,6.3,12.97
1/6/2024,61.05,-0.02,74.84,19230,5.4,848107.9,2.54,61.07,61.01,61.11,60.98,0.06,-0.1,0.13,0.32,75.47,75.47,75.47,75.47,19060,19060,19060,19060,6.1,6.1,6.1,6.1,787970.99,787970.99,787970.99,787970.99,9.35,19.95,7.51,6.3
1/13/2024,61.27,0.22,74.84,19230,5.4,848107.9,3.43,61.05,61.07,61.01,61.11,-0.02,0.06,-0.1,0.13,74.84,75.47,75.47,75.47,19230,19060,19060,19060,5.4,6.1,6.1,6.1,848107.9,787970.99,787970.99,787970.99,2.54,9.35,19.95,7.51
1/20/2024,61.38,0.11,74.84,19230,5.4,848107.9,2.99,61.27,61.05,61.07,61.01,0.22,-0.02,0.06,-0.1,74.84,74.84,75.47,75.47,19230,19230,19060,19060,5.4,5.4,6.1,6.1,848107.9,848107.9,787970.99,787970.99,3.43,2.54,9.35,19.95
1/27/2024,61.32,-0.06,74.84,19230,5.4,848107.9,4.14,61.38,61.27,61.05,61.07,0.11,0.22,-0.02,0.06,74.84,74.84,74.84,75.47,19230,19230,19230,19060,5.4,5.4,5.4,6.1,848107.9,848107.9,848107.9,787970.99,2.99,3.43,2.54,9.35
2/3/2024,61.25,-0.07,80.11,19440,4.7,984761.41,1.91,61.32,61.38,61.27,61.05,-0.06,0.11,0.22,-0.02,74.84,74.84,74.84,74.84,19230,19230,19230,19230,5.4,5.4,5.4,5.4,848107.9,848107.9,848107.9,848107.9,4.14,2.99,3.43,2.54
2/10/2024,61.19,-0.06,80.11,19440,4.7,984761.41,0.48,61.25,61.32,61.38,61.27,-0.07,-0.06,0.11,0.22,80.11,74.84,74.84,74.84,19440,19230,19230,19230,4.7,5.4,5.4,5.4,984761.41,848107.9,848107.9,848107.9,1.91,4.14,2.99,3.43
2/17/2024,61.19,0,80.11,19440,4.7,984761.41,1.43,61.19,61.25,61.32,61.38,-0.06,-0.07,-0.06,0.11,80.11,80.11,74.84,74.84,19440,19440,19230,19230,4.7,4.7,5.4,5.4,984761.41,984761.41,848107.9,848107.9,0.48,1.91,4.14,2.99
2/24/2024,61.29,0.1,80.11,19440,4.7,984761.41,1.45,61.19,61.19,61.25,61.32,0,-0.06,-0.07,-0.06,80.11,80.11,80.11,74.84,19440,19440,19440,19230,4.7,4.7,4.7,5.4,984761.41,984761.41,984761.41,848107.9,1.43,0.48,1.91,4.14
3/2/2024,61.06,-0.23,86.15,22160,5.3,945096.67,0.91,61.29,61.19,61.19,61.25,0.1,0,-0.06,-0.07,80.11,80.11,80.11,80.11,19440,19440,19440,19440,4.7,4.7,4.7,4.7,984761.41,984761.41,984761.41,984761.41,1.45,1.43,0.48,1.91
3/9/2024,61.03,-0.03,86.15,22160,5.3,945096.67,0.85,61.06,61.29,61.19,61.19,-0.23,0.1,0,-0.06,86.15,80.11,80.11,80.11,22160,19440,19440,19440,5.3,4.7,4.7,4.7,945096.67,984761.41,984761.41,984761.41,0.91,1.45,1.43,0.48
3/16/2024,60.92,-0.11,86.15,22160,5.3,945096.67,3.46,61.03,61.06,61.29,61.19,-0.03,-0.23,0.1,0,86.15,86.15,80.11,80.11,22160,22160,19440,19440,5.3,5.3,4.7,4.7,945096.67,945096.67,984761.41,984761.41,0.85,0.91,1.45,1.43
3/23/2024,60.89,-0.03,86.15,22160,5.3,945096.67,1.95,60.92,61.03,61.06,61.29,-0.11,-0.03,-0.23,0.1,86.15,86.15,86.15,80.11,22160,22160,22160,19440,5.3,5.3,5.3,4.7,945096.67,945096.67,945096.67,984761.41,3.46,0.85,0.91,1.45
3/30/2024,60.75,-0.14,86.15,22160,5.3,945096.67,3.7,60.89,60.92,61.03,61.06,-0.03,-0.11,-0.03,-0.23,86.15,86.15,86.15,86.15,22160,22160,22160,22160,5.3,5.3,5.3,5.3,945096.67,945096.67,945096.67,945096.67,1.95,3.46,0.85,0.91
4/6/2024,60.9,0.15,93.72,19910,6.1,902290.44,0.42,60.75,60.89,60.92,61.03,-0.14,-0.03,-0.11,-0.03,86.15,86.15,86.15,86.15,22160,22160,22160,22160,5.3,5.3,5.3,5.3,945096.67,945096.67,945096.67,945096.67,3.7,1.95,3.46,0.85
4/13/2024,60.98,0.08,93.72,19910,6.1,902290.44,0.29,60.9,60.75,60.89,60.92,0.15,-0.14,-0.03,-0.11,93.72,86.15,86.15,86.15,19910,22160,22160,22160,6.1,5.3,5.3,5.3,902290.44,945096.67,945096.67,945096.67,0.42,3.7,1.95,3.46
4/20/2024,61.04,0.06,93.72,19910,6.1,902290.44,0.01,60.98,60.9,60.75,60.89,0.08,0.15,-0.14,-0.03,93.72,93.72,86.15,86.15,19910,19910,22160,22160,6.1,6.1,5.3,5.3,902290.44,902290.44,945096.67,945096.67,0.29,0.42,3.7,1.95
4/27/2024,60.93,-0.11,93.72,19910,6.1,902290.44,0.99,61.04,60.98,60.9,60.75,0.06,0.08,0.15,-0.14,93.72,93.72,93.72,86.15,19910,19910,19910,22160,6.1,6.1,6.1,5.3,902290.44,902290.44,902290.44,945096.67,0.01,0.29,0.42,3.7
5/4/2024,60.81,-0.12,90.6,20600,4.9,1080905.36,0.16,60.93,61.04,60.98,60.9,-0.11,0.06,0.08,0.15,93.72,93.72,93.72,93.72,19910,19910,19910,19910,6.1,6.1,6.1,6.1,902290.44,902290.44,902290.44,902290.44,0.99,0.01,0.29,0.42
5/11/2024,60.79,-0.02,90.6,20600,4.9,1080905.36,1.22,60.81,60.93,61.04,60.98,-0.12,-0.11,0.06,0.08,90.6,93.72,93.72,93.72,20600,19910,19910,19910,4.9,6.1,6.1,6.1,1080905.36,902290.44,902290.44,902290.44,0.16,0.99,0.01,0.29
5/18/2024,60.65,-0.14,90.6,20600,4.9,1080905.36,5.34,60.79,60.81,60.93,61.04,-0.02,-0.12,-0.11,0.06,90.6,90.6,93.72,93.72,20600,20600,19910,19910,4.9,4.9,6.1,6.1,1080905.36,1080905.36,902290.44,902290.44,1.22,0.16,0.99,0.01
5/25/2024,60.67,0.02,90.6,20600,4.9,1080905.36,10.36,60.65,60.79,60.81,60.93,-0.14,-0.02,-0.12,-0.11,90.6,90.6,90.6,93.72,20600,20600,20600,19910,4.9,4.9,4.9,6.1,1080905.36,1080905.36,1080905.36,902290.44,5.34,1.22,0.16,0.99
6/1/2024,60.67,0,82.94,21950,4.1,901106.38,21.26,60.67,60.65,60.79,60.81,0.02,-0.14,-0.02,-0.12,90.6,90.6,90.6,90.6,20600,20600,20600,20600,4.9,4.9,4.9,4.9,1080905.36,1080905.36,1080905.36,1080905.36,10.36,5.34,1.22,0.16
6/8/2024,60.67,0,82.94,21950,4.1,901106.38,8.89,60.67,60.67,60.65,60.79,0,0.02,-0.14,-0.02,82.94,90.6,90.6,90.6,21950,20600,20600,20600,4.1,4.9,4.9,4.9,901106.38,1080905.36,1080905.36,1080905.36,21.26,10.36,5.34,1.22
6/15/2024,60.62,-0.05,82.94,21950,4.1,901106.38,4.54,60.67,60.67,60.67,60.65,0,0,0.02,-0.14,82.94,82.94,90.6,90.6,21950,21950,20600,20600,4.1,4.1,4.9,4.9,901106.38,901106.38,1080905.36,1080905.36,8.89,21.26,10.36,5.34
6/22/2024,60.65,0.03,82.94,21950,4.1,901106.38,11.37,60.62,60.67,60.67,60.67,-0.05,0,0,0.02,82.94,82.94,82.94,90.6,21950,21950,21950,20600,4.1,4.1,4.1,4.9,901106.38,901106.38,901106.38,1080905.36,4.54,8.89,21.26,10.36
6/29/2024,60.7,0.05,82.94,21950,4.1,901106.38,8.48,60.65,60.62,60.67,60.67,0.03,-0.05,0,0,82.94,82.94,82.94,82.94,21950,21950,21950,21950,4.1,4.1,4.1,4.1,901106.38,901106.38,901106.38,901106.38,11.37,4.54,8.89,21.26
7/6/2024,60.69,-0.01,77.63,22890,3.9,851875.81,10.57,60.7,60.65,60.62,60.67,0.05,0.03,-0.05,0,82.94,82.94,82.94,82.94,21950,21950,21950,21950,4.1,4.1,4.1,4.1,901106.38,901106.38,901106.38,901106.38,8.48,11.37,4.54,8.89
7/13/2024,60.32,-0.37,77.63,22890,3.9,851875.81,11.51,60.69,60.7,60.65,60.62,-0.01,0.05,0.03,-0.05,77.63,82.94,82.94,82.94,22890,21950,21950,21950,3.9,4.1,4.1,4.1,851875.81,901106.38,901106.38,901106.38,10.57,8.48,11.37,4.54
7/20/2024,60.33,0.01,77.63,22890,3.9,851875.81,13.54,60.32,60.69,60.7,60.65,-0.37,-0.01,0.05,0.03,77.63,77.63,82.94,82.94,22890,22890,21950,21950,3.9,3.9,4.1,4.1,851875.81,851875.81,901106.38,901106.38,11.51,10.57,8.48,11.37
7/27/2024,59.96,-0.37,77.63,22890,3.9,851875.81,37.74,60.33,60.32,60.69,60.7,0.01,-0.37,-0.01,0.05,77.63,77.63,77.63,82.94,22890,22890,22890,21950,3.9,3.9,3.9,4.1,851875.81,851875.81,851875.81,901106.38,13.54,11.51,10.57,8.48
8/3/2024,59.98,0.02,80.12,24920,2.8,978002.26,6.81,59.96,60.33,60.32,60.69,-0.37,0.01,-0.37,-0.01,77.63,77.63,77.63,77.63,22890,22890,22890,22890,3.9,3.9,3.9,3.9,851875.81,851875.81,851875.81,851875.81,37.74,13.54,11.51,10.57
8/10/2024,59.83,-0.15,80.12,24920,2.8,978002.26,6.79,59.98,59.96,60.33,60.32,0.02,-0.37,0.01,-0.37,80.12,77.63,77.63,77.63,24920,22890,22890,22890,2.8,3.9,3.9,3.9,978002.26,851875.81,851875.81,851875.81,6.81,37.74,13.54,11.51
8/17/2024,59.95,0.12,80.12,24920,2.8,978002.26,2.39,59.83,59.98,59.96,60.33,-0.15,0.02,-0.37,0.01,80.12,80.12,77.63,77.63,24920,24920,22890,22890,2.8,2.8,3.9,3.9,978002.26,978002.26,851875.81,851875.81,6.79,6.81,37.74,13.54
8/24/2024,60.12,0.17,80.12,24920,2.8,978002.26,7.33,59.95,59.83,59.98,59.96,0.12,-0.15,0.02,-0.37,80.12,80.12,80.12,77.63,24920,24920,24920,22890,2.8,2.8,2.8,3.9,978002.26,978002.26,978002.26,851875.81,2.39,6.79,6.81,37.74
8/31/2024,60.1,-0.02,80.12,24920,2.8,978002.26,10.82,60.12,59.95,59.83,59.98,0.17,0.12,-0.15,0.02,80.12,80.12,80.12,80.12,24920,24920,24920,24920,2.8,2.8,2.8,2.8,978002.26,978002.26,978002.26,978002.26,7.33,2.39,6.79,6.81
9/7/2024,60.2,0.1,83.48,25030,3.4,778887.55,31.59,60.1,60.12,59.95,59.83,-0.02,0.17,0.12,-0.15,80.12,80.12,80.12,80.12,24920,24920,24920,24920,2.8,2.8,2.8,2.8,978002.26,978002.26,978002.26,978002.26,10.82,7.33,2.39,6.79
9/14/2024,60.15,-0.05,83.48,25030,3.4,778887.55,7.63,60.2,60.1,60.12,59.95,0.1,-0.02,0.17,0.12,83.48,80.12,80.12,80.12,25030,24920,24920,24920,3.4,2.8,2.8,2.8,778887.55,978002.26,978002.26,978002.26,31.59,10.82,7.33,2.39
9/21/2024,60.22,0.07,83.48,25030,3.4,778887.55,11.91,60.15,60.2,60.1,60.12,-0.05,0.1,-0.02,0.17,83.48,83.48,80.12,80.12,25030,25030,24920,24920,3.4,3.4,2.8,2.8,778887.55,778887.55,978002.26,978002.26,7.63,31.59,10.82,7.33
9/28/2024,60.21,-0.01,83.48,25030,3.4,778887.55,1.88,60.22,60.15,60.2,60.1,0.07,-0.05,0.1,-0.02,83.48,83.48,83.48,80.12,25030,25030,25030,24920,3.4,3.4,3.4,2.8,778887.55,778887.55,778887.55,978002.26,11.91,7.63,31.59,10.82
10/5/2024,60.24,0.03,85.41,24550,3.7,630285.38,5.6,60.21,60.22,60.15,60.2,-0.01,0.07,-0.05,0.1,83.48,83.48,83.48,83.48,25030,25030,25030,25030,3.4,3.4,3.4,3.4,778887.55,778887.55,778887.55,778887.55,1.88,11.91,7.63,31.59
10/12/2024,60.22,-0.02,85.41,24550,3.7,630285.38,11.93,60.24,60.21,60.22,60.15,0.03,-0.01,0.07,-0.05,85.41,83.48,83.48,83.48,24550,25030,25030,25030,3.7,3.4,3.4,3.4,630285.38,778887.55,778887.55,778887.55,5.6,1.88,11.91,7.63
10/19/2024,60.44,0.22,85.41,24550,3.7,630285.38,6.33,60.22,60.24,60.21,60.22,-0.02,0.03,-0.01,0.07,85.41,85.41,83.48,83.48,24550,24550,25030,25030,3.7,3.7,3.4,3.4,630285.38,630285.38,778887.55,778887.55,11.93,5.6,1.88,11.91
10/26/2024,60.32,-0.12,85.41,24550,3.7,630285.38,49.32,60.44,60.22,60.24,60.21,0.22,-0.02,0.03,-0.01,85.41,85.41,85.41,83.48,24550,24550,24550,25030,3.7,3.7,3.7,3.4,630285.38,630285.38,630285.38,778887.55,6.33,11.93,5.6,1.88
11/2/2024,60.11,-0.21,89.94,24510,3.8,876590,1.64,60.32,60.44,60.22,60.24,-0.12,0.22,-0.02,0.03,85.41,85.41,85.41,85.41,24550,24550,24550,24550,3.7,3.7,3.7,3.7,630285.38,630285.38,630285.38,630285.38,49.32,6.33,11.93,5.6
11/9/2024,60.03,-0.08,89.94,24510,3.8,876590,7.17,60.11,60.32,60.44,60.22,-0.21,-0.12,0.22,-0.02,89.94,85.41,85.41,85.41,24510,24550,24550,24550,3.8,3.7,3.7,3.7,876590,630285.38,630285.38,630285.38,1.64,49.32,6.33,11.93
11/16/2024,59.99,-0.04,89.94,24510,3.8,876590,2.29,60.03,60.11,60.32,60.44,-0.08,-0.21,-0.12,0.22,89.94,89.94,85.41,85.41,24510,24510,24550,24550,3.8,3.8,3.7,3.7,876590,876590,630285.38,630285.38,7.17,1.64,49.32,6.33
11/23/2024,59.86,-0.13,89.94,24510,3.8,876590,6.41,59.99,60.03,60.11,60.32,-0.04,-0.08,-0.21,-0.12,89.94,89.94,89.94,85.41,24510,24510,24510,24550,3.8,3.8,3.8,3.7,876590,876590,876590,630285.38,2.29,7.17,1.64,49.32
11/30/2024,59.82,-0.04,89.94,24510,3.8,876590,7.08,59.86,59.99,60.03,60.11,-0.13,-0.04,-0.08,-0.21,89.94,89.94,89.94,89.94,24510,24510,24510,24510,3.8,3.8,3.8,3.8,876590,876590,876590,876590,6.41,2.29,7.17,1.64
12/7/2024,59.71,-0.11,81.75,24790,3.9,1142655.42,16.96,59.82,59.86,59.99,60.03,-0.04,-0.13,-0.04,-0.08,89.94,89.94,89.94,89.94,24510,24510,24510,24510,3.8,3.8,3.8,3.8,876590,876590,876590,876590,7.08,6.41,2.29,7.17
12/14/2024,59.64,-0.07,81.75,24790,3.9,1142655.42,20.17,59.71,59.82,59.86,59.99,-0.11,-0.04,-0.13,-0.04,81.75,89.94,89.94,89.94,24790,24510,24510,24510,3.9,3.8,3.8,3.8,1142655.42,876590,876590,876590,16.96,7.08,6.41,2.29
12/21/2024,59.57,-0.07,81.75,24790,3.9,1142655.42,11.81,59.64,59.71,59.82,59.86,-0.07,-0.11,-0.04,-0.13,81.75,81.75,89.94,89.94,24790,24790,24510,24510,3.9,3.9,3.8,3.8,1142655.42,1142655.42,876590,876590,20.17,16.96,7.08,6.41
12/28/2024,59.36,-0.21,81.75,24790,3.9,1142655.42,22.59,59.57,59.64,59.71,59.82,-0.07,-0.07,-0.11,-0.04,81.75,81.75,81.75,89.94,24790,24790,24790,24510,3.9,3.9,3.9,3.8,1142655.42,1142655.42,1142655.42,876590,11.81,20.17,16.96,7.08
1/4/2025,59.23,-0.13,82.25,24650,3.7,1328853.71,15.1,59.36,59.57,59.64,59.71,-0.21,-0.07,-0.07,-0.11,81.75,81.75,81.75,81.75,24790,24790,24790,24790,3.9,3.9,3.9,3.9,1142655.42,1142655.42,1142655.42,1142655.42,22.59,11.81,20.17,16.96
1/11/2025,59.77,0.54,82.25,24650,3.7,1328853.71,6.07,59.23,59.36,59.57,59.64,-0.13,-0.21,-0.07,-0.07,82.25,81.75,81.75,81.75,24650,24790,24790,24790,3.7,3.9,3.9,3.9,1328853.71,1142655.42,1142655.42,1142655.42,15.1,22.59,11.81,20.17
1/18/2025,59.49,-0.28,82.25,24650,3.7,1328853.71,10.45,59.77,59.23,59.36,59.57,0.54,-0.13,-0.21,-0.07,82.25,82.25,81.75,81.75,24650,24650,24790,24790,3.7,3.7,3.9,3.9,1328853.71,1328853.71,1142655.42,1142655.42,6.07,15.1,22.59,11.81
1/25/2025,59.18,-0.31,82.25,24650,3.7,1328853.71,1.97,59.49,59.77,59.23,59.36,-0.28,0.54,-0.13,-0.21,82.25,82.25,82.25,81.75,24650,24650,24650,24790,3.7,3.7,3.7,3.9,1328853.71,1328853.71,1328853.71,1142655.42,10.45,6.07,15.1,22.59
2/1/2025,59.14,-0.04,85.15,24360,4.4,1324469.14,6.95,59.18,59.49,59.77,59.23,-0.31,-0.28,0.54,-0.13,82.25,82.25,82.25,82.25,24650,24650,24650,24650,3.7,3.7,3.7,3.7,1328853.71,1328853.71,1328853.71,1328853.71,1.97,10.45,6.07,15.1
2/8/2025,59.06,-0.08,85.15,24360,4.4,1324469.14,10.05,59.14,59.18,59.49,59.77,-0.04,-0.31,-0.28,0.54,85.15,82.25,82.25,82.25,24360,24650,24650,24650,4.4,3.7,3.7,3.7,1324469.14,1328853.71,1328853.71,1328853.71,6.95,1.97,10.45,6.07
2/15/2025,59.06,0,85.15,24360,4.4,1324469.14,12.28,59.06,59.14,59.18,59.49,-0.08,-0.04,-0.31,-0.28,85.15,85.15,82.25,82.25,24360,24360,24650,24650,4.4,4.4,3.7,3.7,1324469.14,1324469.14,1328853.71,1328853.71,10.05,6.95,1.97,10.45
2/22/2025,58.65,-0.41,85.15,24360,4.4,1324469.14,7.24,59.06,59.06,59.14,59.18,0,-0.08,-0.04,-0.31,85.15,85.15,85.15,82.25,24360,24360,24360,24650,4.4,4.4,4.4,3.7,1324469.14,1324469.14,1324469.14,1328853.71,12.28,10.05,6.95,1.97
3/1/2025,58.76,0.11,80.36,23440,3.3,1165003.64,1.93,58.65,59.06,59.06,59.14,-0.41,0,-0.08,-0.04,85.15,85.15,85.15,85.15,24360,24360,24360,24360,4.4,4.4,4.4,4.4,1324469.14,1324469.14,1324469.14,1324469.14,7.24,12.28,10.05,6.95
3/8/2025,53.64,-5.12,80.36,23440,3.3,1165003.64,4.8,58.76,58.65,59.06,59.06,0.11,-0.41,0,-0.08,80.36,85.15,85.15,85.15,23440,24360,24360,24360,3.3,4.4,4.4,4.4,1165003.64,1324469.14,1324469.14,1324469.14,1.93,7.24,12.28,10.05
3/15/2025,58.63,4.99,80.36,23440,3.3,1165003.64,5.38,53.64,58.76,58.65,59.06,-5.12,0.11,-0.41,0,80.36,80.36,85.15,85.15,23440,23440,24360,24360,3.3,3.3,4.4,4.4,1165003.64,1165003.64,1324469.14,1324469.14,4.8,1.93,7.24,12.28
3/22/2025,58.34,-0.29,80.36,23440,3.3,1165003.64,2.45,58.63,53.64,58.76,58.65,4.99,-5.12,0.11,-0.41,80.36,80.36,80.36,85.15,23440,23440,23440,24360,3.3,3.3,3.3,4.4,1165003.64,1165003.64,1165003.64,1324469.14,5.38,4.8,1.93,7.24
3/29/2025,58.24,-0.1,80.36,23440,3.3,1165003.64,3.58,58.34,58.63,53.64,58.76,-0.29,4.99,-5.12,0.11,80.36,80.36,80.36,80.36,23440,23440,23440,23440,3.3,3.3,3.3,3.3,1165003.64,1165003.64,1165003.64,1165003.64,2.45,5.38,4.8,1.93
4/5/2025,58.03,-0.21,74.02,22330,1.9,1050261.77,7.15,58.24,58.34,58.63,53.64,-0.1,-0.29,4.99,-5.12,80.36,80.36,80.36,80.36,23440,23440,23440,23440,3.3,3.3,3.3,3.3,1165003.64,1165003.64,1165003.64,1165003.64,3.58,2.45,5.38,4.8
4/12/2025,58.09,0.06,74.02,22330,1.9,1050261.77,0.7,58.03,58.24,58.34,58.63,-0.21,-0.1,-0.29,4.99,74.02,80.36,80.36,80.36,22330,23440,23440,23440,1.9,3.3,3.3,3.3,1050261.77,1165003.64,1165003.64,1165003.64,7.15,3.58,2.45,5.38
4/19/2025,58.3,0.21,74.02,22330,1.9,1050261.77,0.45,58.09,58.03,58.24,58.34,0.06,-0.21,-0.1,-0.29,74.02,74.02,80.36,80.36,22330,22330,23440,23440,1.9,1.9,3.3,3.3,1050261.77,1050261.77,1165003.64,1165003.64,0.7,7.15,3.58,2.45
4/26/2025,57.94,-0.36,74.02,22330,1.9,1050261.77,0.06,58.3,58.09,58.03,58.24,0.21,0.06,-0.21,-0.1,74.02,74.02,74.02,80.36,22330,22330,22330,23440,1.9,1.9,1.9,3.3,1050261.77,1050261.77,1050261.77,1165003.64,0.45,0.7,7.15,3.58
5/3/2025,57.69,-0.25,75.63,20470,2.3,1210759.99,3.86,57.94,58.3,58.09,58.03,-0.36,0.21,0.06,-0.21,74.02,74.02,74.02,74.02,22330,22330,22330,22330,1.9,1.9,1.9,1.9,1050261.77,1050261.77,1050261.77,1050261.77,0.06,0.45,0.7,7.15
5/10/2025,57.9,0.21,75.63,20470,2.3,1210759.99,8.79,57.69,57.94,58.3,58.09,-0.25,-0.36,0.21,0.06,75.63,74.02,74.02,74.02,20470,22330,22330,22330,2.3,1.9,1.9,1.9,1210759.99,1050261.77,1050261.77,1050261.77,3.86,0.06,0.45,0.7
5/17/2025,57.92,0.02,75.63,20470,2.3,1210759.99,7.13,57.9,57.69,57.94,58.3,0.21,-0.25,-0.36,0.21,75.63,75.63,74.02,74.02,20470,20470,22330,22330,2.3,2.3,1.9,1.9,1210759.99,1210759.99,1050261.77,1050261.77,8.79,3.86,0.06,0.45
5/24/2025,58.04,0.12,75.63,20470,2.3,1210759.99,3.33,57.92,57.9,57.69,57.94,0.02,0.21,-0.25,-0.36,75.63,75.63,75.63,74.02,20470,20470,20470,22330,2.3,2.3,2.3,1.9,1210759.99,1210759.99,1210759.99,1050261.77,7.13,8.79,3.86,0.06
5/31/2025,57.85,-0.19,75.63,20470,2.3,1210759.99,8.41,58.04,57.92,57.9,57.69,0.12,0.02,0.21,-0.25,75.63,75.63,75.63,75.63,20470,20470,20470,20470,2.3,2.3,2.3,2.3,1210759.99,1210759.99,1210759.99,1210759.99,3.33,7.13,8.79,3.86
6/7/2025,57.83,-0.02,74.35,20230,2.5,1418557.09,8.58,57.85,58.04,57.92,57.9,-0.19,0.12,0.02,0.21,75.63,75.63,75.63,75.63,20470,20470,20470,20470,2.3,2.3,2.3,2.3,1210759.99,1210759.99,1210759.99,1210759.99,8.41,3.33,7.13,8.79
6/14/2025,57.9,0.07,74.35,20230,2.5,1418557.09,8.21,57.83,57.85,58.04,57.92,-0.02,-0.19,0.12,0.02,74.35,75.63,75.63,75.63,20230,20470,20470,20470,2.5,2.3,2.3,2.3,1418557.09,1210759.99,1210759.99,1210759.99,8.58,8.41,3.33,7.13
6/21/2025,57.57,-0.33,74.35,20230,2.5,1418557.09,11.4,57.9,57.83,57.85,58.04,0.07,-0.02,-0.19,0.12,74.35,74.35,75.63,75.63,20230,20230,20470,20470,2.5,2.5,2.3,2.3,1418557.09,1418557.09,1210759.99,1210759.99,8.21,8.58,8.41,3.33
6/28/2025,57.71,0.14,74.35,20230,2.5,1418557.09,12.81,57.57,57.9,57.83,57.85,-0.33,0.07,-0.02,-0.19,74.35,74.35,74.35,75.63,20230,20230,20230,20470,2.5,2.5,2.5,2.3,1418557.09,1418557.09,1418557.09,1210759.99,11.4,8.21,8.58,8.41
7/5/2025,57.68,-0.03,73.86,20700,2.9,1514261.25,9.94,57.71,57.57,57.9,57.83,0.14,-0.33,0.07,-0.02,74.35,74.35,74.35,74.35,20230,20230,20230,20230,2.5,2.5,2.5,2.5,1418557.09,1418557.09,1418557.09,1418557.09,12.81,11.4,8.21,8.58
7/12/2025,57.79,0.11,73.86,20700,2.9,1514261.25,5.33,57.68,57.71,57.57,57.9,-0.03,0.14,-0.33,0.07,73.86,74.35,74.35,74.35,20700,20230,20230,20230,2.9,2.5,2.5,2.5,1514261.25,1418557.09,1418557.09,1418557.09,9.94,12.81,11.4,8.21
7/19/2025,57.73,-0.06,73.86,20700,2.9,1514261.25,16.06,57.79,57.68,57.71,57.57,0.11,-0.03,0.14,-0.33,73.86,73.86,74.35,74.35,20700,20700,20230,20230,2.9,2.9,2.5,2.5,1514261.25,1514261.25,1418557.09,1418557.09,5.33,9.94,12.81,11.4
7/26/2025,57.7,-0.03,73.86,20700,2.9,1514261.25,43.26,57.73,57.79,57.68,57.71,-0.06,0.11,-0.03,0.14,73.86,73.86,73.86,74.35,20700,20700,20700,20230,2.9,2.9,2.9,2.5,1514261.25,1514261.25,1514261.25,1418557.09,16.06,5.33,9.94,12.81
8/2/2025,57.54,-0.16,79.27,20680,2.9,860797.99,3.56,57.7,57.73,57.79,57.68,-0.03,-0.06,0.11,-0.03,73.86,73.86,73.86,73.86,20700,20700,20700,20700,2.9,2.9,2.9,2.9,1514261.25,1514261.25,1514261.25,1514261.25,43.26,16.06,5.33,9.94
8/9/2025,57.42,-0.12,79.27,20680,2.9,860797.99,3.63,57.54,57.7,57.73,57.79,-0.16,-0.03,-0.06,0.11,79.27,73.86,73.86,73.86,20680,20700,20700,20700,2.9,2.9,2.9,2.9,860797.99,1514261.25,1514261.25,1514261.25,3.56,43.26,16.06,5.33
8/16/2025,57.17,-0.25,79.27,20680,2.9,860797.99,11.18,57.42,57.54,57.7,57.73,-0.12,-0.16,-0.03,-0.06,79.27,79.27,73.86,73.86,20680,20680,20700,20700,2.9,2.9,2.9,2.9,860797.99,860797.99,1514261.25,1514261.25,3.63,3.56,43.26,16.06
8/23/2025,57.16,-0.01,79.27,20680,2.9,860797.99,10.35,57.17,57.42,57.54,57.7,-0.25,-0.12,-0.16,-0.03,79.27,79.27,79.27,73.86,20680,20680,20680,20700,2.9,2.9,2.9,2.9,860797.99,860797.99,860797.99,1514261.25,11.18,3.63,3.56,43.26
8/30/2025,56.99,-0.17,79.27,20680,2.9,860797.99,15.08,57.16,57.17,57.42,57.54,-0.01,-0.25,-0.12,-0.16,79.27,79.27,79.27,79.27,20680,20680,20680,20680,2.9,2.9,2.9,2.9,860797.99,860797.99,860797.99,860797.99,10.35,11.18,3.63,3.56
9/6/2025,57.19,0.2,75.44,20290,2.1,922495.98,11.41,56.99,57.16,57.17,57.42,-0.17,-0.01,-0.25,-0.12,79.27,79.27,79.27,79.27,20680,20680,20680,20680,2.9,2.9,2.9,2.9,860797.99,860797.99,860797.99,860797.99,15.08,10.35,11.18,3.63
9/13/2025,57.11,-0.08,75.44,20290,2.1,922495.98,15.12,57.19,56.99,57.16,57.17,0.2,-0.17,-0.01,-0.25,75.44,79.27,79.27,79.27,20290,20680,20680,20680,2.1,2.9,2.9,2.9,922495.98,860797.99,860797.99,860797.99,11.41,15.08,10.35,11.18
9/20/2025,57.09,-0.02,75.44,20290,2.1,922495.98,14.93,57.11,57.19,56.99,57.16,-0.08,0.2,-0.17,-0.01,75.44,75.44,79.27,79.27,20290,20290,20680,20680,2.1,2.1,2.9,2.9,922495.98,922495.98,860797.99,860797.99,15.12,11.41,15.08,10.35
9/27/2025,57.1,0.01,75.44,20290,2.1,922495.98,20.68,57.09,57.11,57.19,56.99,-0.02,-0.08,0.2,-0.17,75.44,75.44,75.44,79.27,20290,20290,20290,20680,2.1,2.1,2.1,2.9,922495.98,922495.98,922495.98,860797.99,14.93,15.12,11.41,15.08
10/4/2025,57.23,0.13,72.73,18570,1.8,527777.55,13,57.1,57.09,57.11,57.19,0.01,-0.02,-0.08,0.2,75.44,75.44,75.44,75.44,20290,20290,20290,20290,2.1,2.1,2.1,2.1,922495.98,922495.98,922495.98,922495.98,20.68,14.93,15.12,11.41
10/11/2025,57.05,-0.18,72.73,18570,1.8,527777.55,12.07,57.23,57.1,57.09,57.11,0.13,0.01,-0.02,-0.08,72.73,75.44,75.44,75.44,18570,20290,20290,20290,1.8,2.1,2.1,2.1,527777.55,922495.98,922495.98,922495.98,13,20.68,14.93,15.12
10/18/2025,57,-0.05,72.73,18570,1.8,527777.55,14.21,57.05,57.23,57.1,57.09,-0.18,0.13,0.01,-0.02,72.73,72.73,75.44,75.44,18570,18570,20290,20290,1.8,1.8,2.1,2.1,527777.55,527777.55,922495.98,922495.98,12.07,13,20.68,14.93
10/25/2025,56.92,-0.08,72.73,18570,1.8,527777.55,14.96,57,57.05,57.23,57.1,-0.05,-0.18,0.13,0.01,72.73,72.73,72.73,75.44,18570,18570,18570,20290,1.8,1.8,1.8,2.1,527777.55,527777.55,527777.55,922495.98,14.21,12.07,13,20.68
11/1/2025,57.09,0.17,68.13,17690,1.4,820838.11,13.94,56.92,57,57.05,57.23,-0.08,-0.05,-0.18,0.13,72.73,72.73,72.73,72.73,18570,18570,18570,18570,1.8,1.8,1.8,1.8,527777.55,527777.55,527777.55,527777.55,14.96,14.21,12.07,13
11/8/2025,57.02,-0.07,68.13,17690,1.4,820838.11,20.16,57.09,56.92,57,57.05,0.17,-0.08,-0.05,-0.18,68.13,72.73,72.73,72.73,17690,18570,18570,18570,1.4,1.8,1.8,1.8,820838.11,527777.55,527777.55,527777.55,13.94,14.96,14.21,12.07
11/15/2025,56.92,-0.1,68.13,17690,1.4,820838.11,24.78,57.02,57.09,56.92,57,-0.07,0.17,-0.08,-0.05,68.13,68.13,72.73,72.73,17690,17690,18570,18570,1.4,1.4,1.8,1.8,820838.11,820838.11,527777.55,527777.55,20.16,13.94,14.96,14.21
11/22/2025,56.74,-0.18,68.13,17690,1.4,820838.11,12.22,56.92,57.02,57.09,56.92,-0.1,-0.07,0.17,-0.08,68.13,68.13,68.13,72.73,17690,17690,17690,18570,1.4,1.4,1.4,1.8,820838.11,820838.11,820838.11,527777.55,24.78,20.16,13.94,14.96
11/29/2025,57.1,0.36,68.13,17690,1.4,820838.11,18.43,56.74,56.92,57.02,57.09,-0.18,-0.1,-0.07,0.17,68.13,68.13,68.13,68.13,17690,17690,17690,17690,1.4,1.4,1.4,1.4,820838.11,820838.11,820838.11,820838.11,12.22,24.78,20.16,13.94
12/6/2025,57.22,0.12,64.45,17750,1.3,803439.85,7.05,57.1,56.74,56.92,57.02,0.36,-0.18,-0.1,-0.07,68.13,68.13,68.13,68.13,17690,17690,17690,17690,1.4,1.4,1.4,1.4,820838.11,820838.11,820838.11,820838.11,18.43,12.22,24.78,20.16
12/13/2025,57.31,0.09,64.45,17750,1.3,803439.85,14.98,57.22,57.1,56.74,56.92,0.12,0.36,-0.18,-0.1,64.45,68.13,68.13,68.13,17750,17690,17690,17690,1.3,1.4,1.4,1.4,803439.85,820838.11,820838.11,820838.11,7.05,18.43,12.22,24.78
12/20/2025,57.71,0.4,64.45,17750,1.3,803439.85,17.67,57.31,57.22,57.1,56.74,0.09,0.12,0.36,-0.18,64.45,64.45,68.13,68.13,17750,17750,17690,17690,1.3,1.3,1.4,1.4,803439.85,803439.85,820838.11,820838.11,14.98,7.05,18.43,12.22
12/27/2025,57.65,-0.06,64.45,17750,1.3,803439.85,9.17,57.71,57.31,57.22,57.1,0.4,0.09,0.12,0.36,64.45,64.45,64.45,68.13,17750,17750,17750,17690,1.3,1.3,1.3,1.4,803439.85,803439.85,803439.85,820838.11,17.67,14.98,7.05,18.43
1/3/2026,57.65,0,71.44,16990,1.4,814385.31,6.82,57.65,57.71,57.31,57.22,-0.06,0.4,0.09,0.12,64.45,64.45,64.45,64.45,17750,17750,17750,17750,1.3,1.3,1.3,1.3,803439.85,803439.85,803439.85,803439.85,9.17,17.67,14.98,7.05
1/10/2026,57.71,0.06,71.44,16990,1.4,814385.31,13.86,57.65,57.65,57.71,57.31,0,-0.06,0.4,0.09,71.44,64.45,64.45,64.45,16990,17750,17750,17750,1.4,1.3,1.3,1.3,814385.31,803439.85,803439.85,803439.85,6.82,9.17,17.67,14.98
1/17/2026,57.95,0.24,71.44,16990,1.4,814385.31,5.24,57.71,57.65,57.65,57.71,0.06,0,-0.06,0.4,71.44,71.44,64.45,64.45,16990,16990,17750,17750,1.4,1.4,1.3,1.3,814385.31,814385.31,803439.85,803439.85,13.86,6.82,9.17,17.67
1/24/2026,57.99,0.04,71.44,16990,1.4,814385.31,1.55,57.95,57.71,57.65,57.65,0.24,0.06,0,-0.06,71.44,71.44,71.44,64.45,16990,16990,16990,17750,1.4,1.4,1.4,1.3,814385.31,814385.31,814385.31,803439.85,5.24,13.86,6.82,9.17
1/31/2026,58.47,0.48,71.44,16990,1.4,814385.31,4.21,57.99,57.95,57.71,57.65,0.04,0.24,0.06,0,71.44,71.44,71.44,71.44,16990,16990,16990,16990,1.4,1.4,1.4,1.4,814385.31,814385.31,814385.31,814385.31,1.55,5.24,13.86,6.82
2/7/2026,58.86,0.39,71.04,17360,0.9,1343908.45,1.84,58.47,57.99,57.95,57.71,0.48,0.04,0.24,0.06,71.44,71.44,71.44,71.44,16990,16990,16990,16990,1.4,1.4,1.4,1.4,814385.31,814385.31,814385.31,814385.31,4.21,1.55,5.24,13.86
2/14/2026,58.93,0.07,71.04,17360,0.9,1343908.45,12.2,58.86,58.47,57.99,57.95,0.39,0.48,0.04,0.24,71.04,71.44,71.44,71.44,17360,16990,16990,16990,0.9,1.4,1.4,1.4,1343908.45,814385.31,814385.31,814385.31,1.84,4.21,1.55,5.24
2/21/2026,58.86,-0.07,71.04,17360,0.9,1343908.45,3.4,58.93,58.86,58.47,57.99,0.07,0.39,0.48,0.04,71.04,71.04,71.44,71.44,17360,17360,16990,16990,0.9,0.9,1.4,1.4,1343908.45,1343908.45,814385.31,814385.31,12.2,1.84,4.21,1.55
2/28/2026,58.95,0.09,71.04,17360,0.9,1343908.45,1.45,58.86,58.93,58.86,58.47,-0.07,0.07,0.39,0.48,71.04,71.04,71.04,71.44,17360,17360,17360,16990,0.9,0.9,0.9,1.4,1343908.45,1343908.45,1343908.45,814385.31,3.4,12.2,1.84,4.21
3/7/2026,59.42,0.47,67.87,17060,1.5,1030751.52,0.58,58.95,58.86,58.93,58.86,0.09,-0.07,0.07,0.39,71.04,71.04,71.04,71.04,17360,17360,17360,17360,0.9,0.9,0.9,0.9,1343908.45,1343908.45,1343908.45,1343908.45,1.45,3.4,12.2,1.84
3/14/2026,59.58,0.16,67.87,17060,1.5,1030751.52,2.32,59.42,58.95,58.86,58.93,0.47,0.09,-0.07,0.07,67.87,71.04,71.04,71.04,17060,17360,17360,17360,1.5,0.9,0.9,0.9,1030751.52,1343908.45,1343908.45,1343908.45,0.58,1.45,3.4,12.2
3/21/2026,59.91,0.33,67.87,17060,1.5,1030751.52,0.8,59.58,59.42,58.95,58.86,0.16,0.47,0.09,-0.07,67.87,67.87,71.04,71.04,17060,17060,17360,17360,1.5,1.5,0.9,0.9,1030751.52,1030751.52,1343908.45,1343908.45,2.32,0.58,1.45,3.4
3/28/2026,60.37,0.46,67.87,17060,1.5,1030751.52,0.54,59.91,59.58,59.42,58.95,0.33,0.16,0.47,0.09,67.87,67.87,67.87,71.04,17060,17060,17060,17360,1.5,1.5,1.5,0.9,1030751.52,1030751.52,1030751.52,1343908.45,0.8,2.32,0.58,1.45
4/4/2026,60.56,0.19,67.99,15600,1.7,815346.38,0.01,60.37,59.91,59.58,59.42,0.46,0.33,0.16,0.47,67.87,67.87,67.87,67.87,17060,17060,17060,17060,1.5,1.5,1.5,1.5,1030751.52,1030751.52,1030751.52,1030751.52,0.54,0.8,2.32,0.58
4/11/2026,60.56,0,67.99,15600,1.7,815346.38,0.07,60.56,60.37,59.91,59.58,0.19,0.46,0.33,0.16,67.99,67.87,67.87,67.87,15600,17060,17060,17060,1.7,1.5,1.5,1.5,815346.38,1030751.52,1030751.52,1030751.52,0.01,0.54,0.8,2.32
4/18/2026,60.76,0.2,67.99,15600,1.7,815346.38,0,60.56,60.56,60.37,59.91,0,0.19,0.46,0.33,67.99,67.99,67.87,67.87,15600,15600,17060,17060,1.7,1.7,1.5,1.5,815346.38,815346.38,1030751.52,1030751.52,0.07,0.01,0.54,0.8
4/25/2026,60.68,-0.08,67.99,15600,1.7,815346.38,0.33,60.76,60.56,60.56,60.37,0.2,0,0.19,0.46,67.99,67.99,67.99,67.87,15600,15600,15600,17060,1.7,1.7,1.7,1.5,815346.38,815346.38,815346.38,1030751.52,0,0.07,0.01,0.54
5/2/2026,60.66,-0.02,64.54,15890,1.7,954908.93,1.1,60.68,60.76,60.56,60.56,-0.08,0.2,0,0.19,67.99,67.99,67.99,67.99,15600,15600,15600,15600,1.7,1.7,1.7,1.7,815346.38,815346.38,815346.38,815346.38,0.33,0,0.07,0.01
5/9/2026,60.52,-0.14,64.54,15890,1.7,954908.93,1.58,60.66,60.68,60.76,60.56,-0.02,-0.08,0.2,0,64.54,67.99,67.99,67.99,15890,15600,15600,15600,1.7,1.7,1.7,1.7,954908.93,815346.38,815346.38,815346.38,1.1,0.33,0,0.07
5/16/2026,60.38,-0.14,64.54,15890,1.7,954908.93,2.51,60.52,60.66,60.68,60.76,-0.14,-0.02,-0.08,0.2,64.54,64.54,67.99,67.99,15890,15890,15600,15600,1.7,1.7,1.7,1.7,954908.93,954908.93,815346.38,815346.38,1.58,1.1,0.33,0
5/23/2026,60.52,0.14,64.54,15890,1.7,954908.93,3.48,60.38,60.52,60.66,60.68,-0.14,-0.14,-0.02,-0.08,64.54,64.54,64.54,67.99,15890,15890,15890,15600,1.7,1.7,1.7,1.7,954908.93,954908.93,954908.93,815346.38,2.51,1.58,1.1,0.33
5/30/2026,60.3,-0.22,64.54,15890,1.7,954908.93,2.29,60.52,60.38,60.52,60.66,0.14,-0.14,-0.14,-0.02,64.54,64.54,64.54,64.54,15890,15890,15890,15890,1.7,1.7,1.7,1.7,954908.93,954908.93,954908.93,954908.93,3.48,2.51,1.58,1.1
6/6/2026,60.16,-0.14,63.8,15980,1.5,944142.43,5.03,60.3,60.52,60.38,60.52,-0.22,0.14,-0.14,-0.14,64.54,64.54,64.54,64.54,15890,15890,15890,15890,1.7,1.7,1.7,1.7,954908.93,954908.93,954908.93,954908.93,2.29,3.48,2.51,1.58
6/13/2026,59.93,-0.23,63.8,15980,1.5,944142.43,3.04,60.16,60.3,60.52,60.38,-0.14,-0.22,0.14,-0.14,63.8,64.54,64.54,64.54,15980,15890,15890,15890,1.5,1.7,1.7,1.7,944142.43,954908.93,954908.93,954908.93,5.03,2.29,3.48,2.51
6/20/2026,59.99,0.06,63.8,15980,1.5,944142.43,4,59.93,60.16,60.3,60.52,-0.23,-0.14,-0.22,0.14,63.8,63.8,64.54,64.54,15980,15980,15890,15890,1.5,1.5,1.7,1.7,944142.43,944142.43,954908.93,954908.93,3.04,5.03,2.29,3.48
6/27/2026,59.78,-0.21,63.8,15980,1.5,944142.43,3.6,59.99,59.93,60.16,60.3,0.06,-0.23,-0.14,-0.22,63.8,63.8,63.8,64.54,15980,15980,15980,15890,1.5,1.5,1.5,1.7,944142.43,944142.43,944142.43,954908.93,4,3.04,5.03,2.29
