Date,Regular-milled_PHP_kg_L,Price_Change_L04,Brent_Oil_USD,Farmgate_LCU_tonne,Inflation_Rate,Stocks_MT,Rainfall_mm,Regular-milled_PHP_kg_L_lag1,Regular-milled_PHP_kg_L_lag2,Regular-milled_PHP_kg_L_lag3,Regular-milled_PHP_kg_L_lag4,Price_Change_L04_lag1,Price_Change_L04_lag2,Price_Change_L04_lag3,Price_Change_L04_lag4,Brent_Oil_USD_lag1,Brent_Oil_USD_lag2,Brent_Oil_USD_lag3,Brent_Oil_USD_lag4,Farmgate_LCU_tonne_lag1,Farmgate_LCU_tonne_lag2,Farmgate_LCU_tonne_lag3,Farmgate_LCU_tonne_lag4,Inflation_Rate_lag1,Inflation_Rate_lag2,Inflation_Rate_lag3,Inflation_Rate_lag4,Stocks_MT_lag1,Stocks_MT_lag2,Stocks_MT_lag3,Stocks_MT_lag4,Rainfall_mm_lag1,Rainfall_mm_lag2,Rainfall_mm_lag3,Rainfall_mm_lag4
9/23/2023,41.14,-0.16,82.59,18190,8.6,541210,8.84,41.3,45.86,51.22,50.84,-4.56,-5.36,0.38,0.38,82.59,82.59,82.59,82.5,18190,18190,18190,17740,8.6,8.6,8.6,8.7,541210,541210,541210,651930,5.44,5.78,14.99,6.22
9/30/2023,41.04,-0.1,82.59,18190,8.6,541210,8.06,41.14,41.3,45.86,51.22,-0.16,-4.56,-5.36,0.38,82.59,82.59,82.59,82.59,18190,18190,18190,18190,8.6,8.6,8.6,8.6,541210,541210,541210,541210,8.84,5.44,5.78,14.99
10/7/2023,41.22,0.18,78.43,18570,7.6,494252.94,6.55,41.04,41.14,41.3,45.86,-0.1,-0.16,-4.56,-5.36,82.59,82.59,82.59,82.59,18190,18190,18190,18190,8.6,8.6,8.6,8.6,541210,541210,541210,541210,8.06,8.84,5.44,5.78
10/14/2023,41.64,0.42,78.43,18570,7.6,494252.94,9.55,41.22,41.04,41.14,41.3,0.18,-0.1,-0.16,-4.56,78.43,82.59,82.59,82.59,18570,18190,18190,18190,7.6,8.6,8.6,8.6,494252.94,541210,541210,541210,6.55,8.06,8.84,5.44
10/21/2023,41.68,0.04,78.43,18570,7.6,494252.94,12.1,41.64,41.22,41.04,41.14,0.42,0.18,-0.1,-0.16,78.43,78.43,82.59,82.59,18570,18570,18190,18190,7.6,7.6,8.6,8.6,494252.94,494252.94,541210,541210,9.55,6.55,8.06,8.84
10/28/2023,41.81,0.13,78.43,18570,7.6,494252.94,6.27,41.68,41.64,41.22,41.04,0.04,0.42,0.18,-0.1,78.43,78.43,78.43,82.59,18570,18570,18570,18190,7.6,7.6,7.6,8.6,494252.94,494252.94,494252.94,541210,12.1,9.55,6.55,8.06
11/4/2023,42.19,0.38,84.64,18790,6.6,728730.7,7.62,41.81,41.68,41.64,41.22,0.13,0.04,0.42,0.18,78.43,78.43,78.43,78.43,18570,18570,18570,18570,7.6,7.6,7.6,7.6,494252.94,494252.94,494252.94,494252.94,6.27,12.1,9.55,6.55
11/11/2023,43.7,1.51,84.64,18790,6.6,728730.7,8.52,42.19,41.81,41.68,41.64,0.38,0.13,0.04,0.42,84.64,78.43,78.43,78.43,18790,18570,18570,18570,6.6,7.6,7.6,7.6,728730.7,494252.94,494252.94,494252.94,7.62,6.27,12.1,9.55
11/18/2023,43.78,0.08,84.64,18790,6.6,728730.7,11.96,43.7,42.19,41.81,41.68,1.51,0.38,0.13,0.04,84.64,84.64,78.43,78.43,18790,18790,18570,18570,6.6,6.6,7.6,7.6,728730.7,728730.7,494252.94,494252.94,8.52,7.62,6.27,12.1
11/25/2023,45.35,1.57,84.64,18790,6.6,728730.7,12.02,43.78,43.7,42.19,41.81,0.08,1.51,0.38,0.13,84.64,84.64,84.64,78.43,18790,18790,18790,18570,6.6,6.6,6.6,7.6,728730.7,728730.7,728730.7,494252.94,11.96,8.52,7.62,6.27
12/2/2023,45.68,0.33,75.47,19060,6.1,787970.99,12.97,45.35,43.78,43.7,42.19,1.57,0.08,1.51,0.38,84.64,84.64,84.64,84.64,18790,18790,18790,18790,6.6,6.6,6.6,6.6,728730.7,728730.7,728730.7,728730.7,12.02,11.96,8.52,7.62
12/9/2023,45.33,-0.35,75.47,19060,6.1,787970.99,6.3,45.68,45.35,43.78,43.7,0.33,1.57,0.08,1.51,75.47,84.64,84.64,84.64,19060,18790,18790,18790,6.1,6.6,6.6,6.6,787970.99,728730.7,728730.7,728730.7,12.97,12.02,11.96,8.52
12/16/2023,47.07,1.74,75.47,19060,6.1,787970.99,7.51,45.33,45.68,45.35,43.78,-0.35,0.33,1.57,0.08,75.47,75.47,84.64,84.64,19060,19060,18790,18790,6.1,6.1,6.6,6.6,787970.99,787970.99,728730.7,728730.7,6.3,12.97,12.02,11.96
12/23/2023,48.87,1.8,75.47,19060,6.1,787970.99,19.95,47.07,45.33,45.68,45.35,1.74,-0.35,0.33,1.57,75.47,75.47,75.47,84.64,19060,19060,19060,18790,6.1,6.1,6.1,6.6,787970.99,787970.99,787970.99,728730.7,7.51,6.3,12.97,12.02
12/30/2023,50.95,2.08,75.47,19060,6.1,787970.99,9.35,48.87,47.07,45.33,45.68,1.8,1.74,-0.35,0.33,75.47,75.47,75.47,75.47,19060,19060,19060,19060,6.1,6.1,6.1,6.1,787970.99,787970.99,787970.99,787970.99,19.95,7.51,6.3,12.97
1/6/2024,51.83,0.88,74.84,19230,5.4,848107.9,2.54,50.95,48.87,47.07,45.33,2.08,1.8,1.74,-0.35,75.47,75.47,75.47,75.47,19060,19060,19060,19060,6.1,6.1,6.1,6.1,787970.99,787970.99,787970.99,787970.99,9.35,19.95,7.51,6.3
1/13/2024,49.96,-1.87,74.84,19230,5.4,848107.9,3.43,51.83,50.95,48.87,47.07,0.88,2.08,1.8,1.74,74.84,75.47,75.47,75.47,19230,19060,19060,19060,5.4,6.1,6.1,6.1,848107.9,787970.99,787970.99,787970.99,2.54,9.35,19.95,7.51
1/20/2024,49.92,-0.04,74.84,19230,5.4,848107.9,2.99,49.96,51.83,50.95,48.87,-1.87,0.88,2.08,1.8,74.84,74.84,75.47,75.47,19230,19230,19060,19060,5.4,5.4,6.1,6.1,848107.9,848107.9,787970.99,787970.99,3.43,2.54,9.35,19.95
1/27/2024,50.12,0.2,74.84,19230,5.4,848107.9,4.14,49.92,49.96,51.83,50.95,-0.04,-1.87,0.88,2.08,74.84,74.84,74.84,75.47,19230,19230,19230,19060,5.4,5.4,5.4,6.1,848107.9,848107.9,848107.9,787970.99,2.99,3.43,2.54,9.35
2/3/2024,50.55,0.43,80.11,19440,4.7,984761.41,1.91,50.12,49.92,49.96,51.83,0.2,-0.04,-1.87,0.88,74.84,74.84,74.84,74.84,19230,19230,19230,19230,5.4,5.4,5.4,5.4,848107.9,848107.9,848107.9,848107.9,4.14,2.99,3.43,2.54
2/10/2024,50.96,0.41,80.11,19440,4.7,984761.41,0.48,50.55,50.12,49.92,49.96,0.43,0.2,-0.04,-1.87,80.11,74.84,74.84,74.84,19440,19230,19230,19230,4.7,5.4,5.4,5.4,984761.41,848107.9,848107.9,848107.9,1.91,4.14,2.99,3.43
2/17/2024,50.35,-0.61,80.11,19440,4.7,984761.41,1.43,50.96,50.55,50.12,49.92,0.41,0.43,0.2,-0.04,80.11,80.11,74.84,74.84,19440,19440,19230,19230,4.7,4.7,5.4,5.4,984761.41,984761.41,848107.9,848107.9,0.48,1.91,4.14,2.99
2/24/2024,50,-0.35,80.11,19440,4.7,984761.41,1.45,50.35,50.96,50.55,50.12,-0.61,0.41,0.43,0.2,80.11,80.11,80.11,74.84,19440,19440,19440,19230,4.7,4.7,4.7,5.4,984761.41,984761.41,984761.41,848107.9,1.43,0.48,1.91,4.14
3/2/2024,49.79,-0.21,86.15,22160,5.3,945096.67,0.91,50,50.35,50.96,50.55,-0.35,-0.61,0.41,0.43,80.11,80.11,80.11,80.11,19440,19440,19440,19440,4.7,4.7,4.7,4.7,984761.41,984761.41,984761.41,984761.41,1.45,1.43,0.48,1.91
3/9/2024,49.67,-0.12,86.15,22160,5.3,945096.67,0.85,49.79,50,50.35,50.96,-0.21,-0.35,-0.61,0.41,86.15,80.11,80.11,80.11,22160,19440,19440,19440,5.3,4.7,4.7,4.7,945096.67,984761.41,984761.41,984761.41,0.91,1.45,1.43,0.48
3/16/2024,49.5,-0.17,86.15,22160,5.3,945096.67,3.46,49.67,49.79,50,50.35,-0.12,-0.21,-0.35,-0.61,86.15,86.15,80.11,80.11,22160,22160,19440,19440,5.3,5.3,4.7,4.7,945096.67,945096.67,984761.41,984761.41,0.85,0.91,1.45,1.43
3/23/2024,49.66,0.16,86.15,22160,5.3,945096.67,1.95,49.5,49.67,49.79,50,-0.17,-0.12,-0.21,-0.35,86.15,86.15,86.15,80.11,22160,22160,22160,19440,5.3,5.3,5.3,4.7,945096.67,945096.67,945096.67,984761.41,3.46,0.85,0.91,1.45
3/30/2024,49.59,-0.07,86.15,22160,5.3,945096.67,3.7,49.66,49.5,49.67,49.79,0.16,-0.17,-0.12,-0.21,86.15,86.15,86.15,86.15,22160,22160,22160,22160,5.3,5.3,5.3,5.3,945096.67,945096.67,945096.67,945096.67,1.95,3.46,0.85,0.91
4/6/2024,49.86,0.27,93.72,19910,6.1,902290.44,0.42,49.59,49.66,49.5,49.67,-0.07,0.16,-0.17,-0.12,86.15,86.15,86.15,86.15,22160,22160,22160,22160,5.3,5.3,5.3,5.3,945096.67,945096.67,945096.67,945096.67,3.7,1.95,3.46,0.85
4/13/2024,49.25,-0.61,93.72,19910,6.1,902290.44,0.29,49.86,49.59,49.66,49.5,0.27,-0.07,0.16,-0.17,93.72,86.15,86.15,86.15,19910,22160,22160,22160,6.1,5.3,5.3,5.3,902290.44,945096.67,945096.67,945096.67,0.42,3.7,1.95,3.46
4/20/2024,48.96,-0.29,93.72,19910,6.1,902290.44,0.01,49.25,49.86,49.59,49.66,-0.61,0.27,-0.07,0.16,93.72,93.72,86.15,86.15,19910,19910,22160,22160,6.1,6.1,5.3,5.3,902290.44,902290.44,945096.67,945096.67,0.29,0.42,3.7,1.95
4/27/2024,49.44,0.48,93.72,19910,6.1,902290.44,0.99,48.96,49.25,49.86,49.59,-0.29,-0.61,0.27,-0.07,93.72,93.72,93.72,86.15,19910,19910,19910,22160,6.1,6.1,6.1,5.3,902290.44,902290.44,902290.44,945096.67,0.01,0.29,0.42,3.7
5/4/2024,49.81,0.37,90.6,20600,4.9,1080905.36,0.16,49.44,48.96,49.25,49.86,0.48,-0.29,-0.61,0.27,93.72,93.72,93.72,93.72,19910,19910,19910,19910,6.1,6.1,6.1,6.1,902290.44,902290.44,902290.44,902290.44,0.99,0.01,0.29,0.42
5/11/2024,49.41,-0.4,90.6,20600,4.9,1080905.36,1.22,49.81,49.44,48.96,49.25,0.37,0.48,-0.29,-0.61,90.6,93.72,93.72,93.72,20600,19910,19910,19910,4.9,6.1,6.1,6.1,1080905.36,902290.44,902290.44,902290.44,0.16,0.99,0.01,0.29
5/18/2024,49.37,-0.04,90.6,20600,4.9,1080905.36,5.34,49.41,49.81,49.44,48.96,-0.4,0.37,0.48,-0.29,90.6,90.6,93.72,93.72,20600,20600,19910,19910,4.9,4.9,6.1,6.1,1080905.36,1080905.36,902290.44,902290.44,1.22,0.16,0.99,0.01
5/25/2024,49.55,0.18,90.6,20600,4.9,1080905.36,10.36,49.37,49.41,49.81,49.44,-0.04,-0.4,0.37,0.48,90.6,90.6,90.6,93.72,20600,20600,20600,19910,4.9,4.9,4.9,6.1,1080905.36,1080905.36,1080905.36,902290.44,5.34,1.22,0.16,0.99
6/1/2024,49.55,0,82.94,21950,4.1,901106.38,21.26,49.55,49.37,49.41,49.81,0.18,-0.04,-0.4,0.37,90.6,90.6,90.6,90.6,20600,20600,20600,20600,4.9,4.9,4.9,4.9,1080905.36,1080905.36,1080905.36,1080905.36,10.36,5.34,1.22,0.16
6/8/2024,49.55,0,82.94,21950,4.1,901106.38,8.89,49.55,49.55,49.37,49.41,0,0.18,-0.04,-0.4,82.94,90.6,90.6,90.6,21950,20600,20600,20600,4.1,4.9,4.9,4.9,901106.38,1080905.36,1080905.36,1080905.36,21.26,10.36,5.34,1.22
6/15/2024,48.88,-0.67,82.94,21950,4.1,901106.38,4.54,49.55,49.55,49.55,49.37,0,0,0.18,-0.04,82.94,82.94,90.6,90.6,21950,21950,20600,20600,4.1,4.1,4.9,4.9,901106.38,901106.38,1080905.36,1080905.36,8.89,21.26,10.36,5.34
6/22/2024,49.24,0.36,82.94,21950,4.1,901106.38,11.37,48.88,49.55,49.55,49.55,-0.67,0,0,0.18,82.94,82.94,82.94,90.6,21950,21950,21950,20600,4.1,4.1,4.1,4.9,901106.38,901106.38,901106.38,1080905.36,4.54,8.89,21.26,10.36
6/29/2024,49.03,-0.21,82.94,21950,4.1,901106.38,8.48,49.24,48.88,49.55,49.55,0.36,-0.67,0,0,82.94,82.94,82.94,82.94,21950,21950,21950,21950,4.1,4.1,4.1,4.1,901106.38,901106.38,901106.38,901106.38,11.37,4.54,8.89,21.26
7/6/2024,49.16,0.13,77.63,22890,3.9,851875.81,10.57,49.03,49.24,48.88,49.55,-0.21,0.36,-0.67,0,82.94,82.94,82.94,82.94,21950,21950,21950,21950,4.1,4.1,4.1,4.1,901106.38,901106.38,901106.38,901106.38,8.48,11.37,4.54,8.89
7/13/2024,48.55,-0.61,77.63,22890,3.9,851875.81,11.51,49.16,49.03,49.24,48.88,0.13,-0.21,0.36,-0.67,77.63,82.94,82.94,82.94,22890,21950,21950,21950,3.9,4.1,4.1,4.1,851875.81,901106.38,901106.38,901106.38,10.57,8.48,11.37,4.54
7/20/2024,47.9,-0.65,77.63,22890,3.9,851875.81,13.54,48.55,49.16,49.03,49.24,-0.61,0.13,-0.21,0.36,77.63,77.63,82.94,82.94,22890,22890,21950,21950,3.9,3.9,4.1,4.1,851875.81,851875.81,901106.38,901106.38,11.51,10.57,8.48,11.37
7/27/2024,47.88,-0.02,77.63,22890,3.9,851875.81,37.74,47.9,48.55,49.16,49.03,-0.65,-0.61,0.13,-0.21,77.63,77.63,77.63,82.94,22890,22890,22890,21950,3.9,3.9,3.9,4.1,851875.81,851875.81,851875.81,901106.38,13.54,11.51,10.57,8.48
8/3/2024,47.92,0.04,80.12,24920,2.8,978002.26,6.81,47.88,47.9,48.55,49.16,-0.02,-0.65,-0.61,0.13,77.63,77.63,77.63,77.63,22890,22890,22890,22890,3.9,3.9,3.9,3.9,851875.81,851875.81,851875.81,851875.81,37.74,13.54,11.51,10.57
8/10/2024,47.93,0.01,80.12,24920,2.8,978002.26,6.79,47.92,47.88,47.9,48.55,0.04,-0.02,-0.65,-0.61,80.12,77.63,77.63,77.63,24920,22890,22890,22890,2.8,3.9,3.9,3.9,978002.26,851875.81,851875.81,851875.81,6.81,37.74,13.54,11.51
8/17/2024,48.13,0.2,80.12,24920,2.8,978002.26,2.39,47.93,47.92,47.88,47.9,0.01,0.04,-0.02,-0.65,80.12,80.12,77.63,77.63,24920,24920,22890,22890,2.8,2.8,3.9,3.9,978002.26,978002.26,851875.81,851875.81,6.79,6.81,37.74,13.54
8/24/2024,47.58,-0.55,80.12,24920,2.8,978002.26,7.33,48.13,47.93,47.92,47.88,0.2,0.01,0.04,-0.02,80.12,80.12,80.12,77.63,24920,24920,24920,22890,2.8,2.8,2.8,3.9,978002.26,978002.26,978002.26,851875.81,2.39,6.79,6.81,37.74
8/31/2024,47.32,-0.26,80.12,24920,2.8,978002.26,10.82,47.58,48.13,47.93,47.92,-0.55,0.2,0.01,0.04,80.12,80.12,80.12,80.12,24920,24920,24920,24920,2.8,2.8,2.8,2.8,978002.26,978002.26,978002.26,978002.26,7.33,2.39,6.79,6.81
9/7/2024,47.54,0.22,83.48,25030,3.4,778887.55,31.59,47.32,47.58,48.13,47.93,-0.26,-0.55,0.2,0.01,80.12,80.12,80.12,80.12,24920,24920,24920,24920,2.8,2.8,2.8,2.8,978002.26,978002.26,978002.26,978002.26,10.82,7.33,2.39,6.79
9/14/2024,47.97,0.43,83.48,25030,3.4,778887.55,7.63,47.54,47.32,47.58,48.13,0.22,-0.26,-0.55,0.2,83.48,80.12,80.12,80.12,25030,24920,24920,24920,3.4,2.8,2.8,2.8,778887.55,978002.26,978002.26,978002.26,31.59,10.82,7.33,2.39
9/21/2024,47.83,-0.14,83.48,25030,3.4,778887.55,11.91,47.97,47.54,47.32,47.58,0.43,0.22,-0.26,-0.55,83.48,83.48,80.12,80.12,25030,25030,24920,24920,3.4,3.4,2.8,2.8,778887.55,778887.55,978002.26,978002.26,7.63,31.59,10.82,7.33
9/28/2024,48.12,0.29,83.48,25030,3.4,778887.55,1.88,47.83,47.97,47.54,47.32,-0.14,0.43,0.22,-0.26,83.48,83.48,83.48,80.12,25030,25030,25030,24920,3.4,3.4,3.4,2.8,778887.55,778887.55,778887.55,978002.26,11.91,7.63,31.59,10.82
10/5/2024,47.97,-0.15,85.41,24550,3.7,630285.38,5.6,48.12,47.83,47.97,47.54,0.29,-0.14,0.43,0.22,83.48,83.48,83.48,83.48,25030,25030,25030,25030,3.4,3.4,3.4,3.4,778887.55,778887.55,778887.55,778887.55,1.88,11.91,7.63,31.59
10/12/2024,47.69,-0.28,85.41,24550,3.7,630285.38,11.93,47.97,48.12,47.83,47.97,-0.15,0.29,-0.14,0.43,85.41,83.48,83.48,83.48,24550,25030,25030,25030,3.7,3.4,3.4,3.4,630285.38,778887.55,778887.55,778887.55,5.6,1.88,11.91,7.63
10/19/2024,46.77,-0.92,85.41,24550,3.7,630285.38,6.33,47.69,47.97,48.12,47.83,-0.28,-0.15,0.29,-0.14,85.41,85.41,83.48,83.48,24550,24550,25030,25030,3.7,3.7,3.4,3.4,630285.38,630285.38,778887.55,778887.55,11.93,5.6,1.88,11.91
10/26/2024,45.97,-0.8,85.41,24550,3.7,630285.38,49.32,46.77,47.69,47.97,48.12,-0.92,-0.28,-0.15,0.29,85.41,85.41,85.41,83.48,24550,24550,24550,25030,3.7,3.7,3.7,3.4,630285.38,630285.38,630285.38,778887.55,6.33,11.93,5.6,1.88
11/2/2024,45.62,-0.35,89.94,24510,3.8,876590,1.64,45.97,46.77,47.69,47.97,-0.8,-0.92,-0.28,-0.15,85.41,85.41,85.41,85.41,24550,24550,24550,24550,3.7,3.7,3.7,3.7,630285.38,630285.38,630285.38,630285.38,49.32,6.33,11.93,5.6
11/9/2024,45.65,0.03,89.94,24510,3.8,876590,7.17,45.62,45.97,46.77,47.69,-0.35,-0.8,-0.92,-0.28,89.94,85.41,85.41,85.41,24510,24550,24550,24550,3.8,3.7,3.7,3.7,876590,630285.38,630285.38,630285.38,1.64,49.32,6.33,11.93
11/16/2024,44.62,-1.03,89.94,24510,3.8,876590,2.29,45.65,45.62,45.97,46.77,0.03,-0.35,-0.8,-0.92,89.94,89.94,85.41,85.41,24510,24510,24550,24550,3.8,3.8,3.7,3.7,876590,876590,630285.38,630285.38,7.17,1.64,49.32,6.33
11/23/2024,43.35,-1.27,89.94,24510,3.8,876590,6.41,44.62,45.65,45.62,45.97,-1.03,0.03,-0.35,-0.8,89.94,89.94,89.94,85.41,24510,24510,24510,24550,3.8,3.8,3.8,3.7,876590,876590,876590,630285.38,2.29,7.17,1.64,49.32
11/30/2024,43.55,0.2,89.94,24510,3.8,876590,7.08,43.35,44.62,45.65,45.62,-1.27,-1.03,0.03,-0.35,89.94,89.94,89.94,89.94,24510,24510,24510,24510,3.8,3.8,3.8,3.8,876590,876590,876590,876590,6.41,2.29,7.17,1.64
12/7/2024,43.6,0.05,81.75,24790,3.9,1142655.42,16.96,43.55,43.35,44.62,45.65,0.2,-1.27,-1.03,0.03,89.94,89.94,89.94,89.94,24510,24510,24510,24510,3.8,3.8,3.8,3.8,876590,876590,876590,876590,7.08,6.41,2.29,7.17
12/14/2024,43.54,-0.06,81.75,24790,3.9,1142655.42,20.17,43.6,43.55,43.35,44.62,0.05,0.2,-1.27,-1.03,81.75,89.94,89.94,89.94,24790,24510,24510,24510,3.9,3.8,3.8,3.8,1142655.42,876590,876590,876590,16.96,7.08,6.41,2.29
12/21/2024,42.95,-0.59,81.75,24790,3.9,1142655.42,11.81,43.54,43.6,43.55,43.35,-0.06,0.05,0.2,-1.27,81.75,81.75,89.94,89.94,24790,24790,24510,24510,3.9,3.9,3.8,3.8,1142655.42,1142655.42,876590,876590,20.17,16.96,7.08,6.41
12/28/2024,42.6,-0.35,81.75,24790,3.9,1142655.42,22.59,42.95,43.54,43.6,43.55,-0.59,-0.06,0.05,0.2,81.75,81.75,81.75,89.94,24790,24790,24790,24510,3.9,3.9,3.9,3.8,1142655.42,1142655.42,1142655.42,876590,11.81,20.17,16.96,7.08
1/4/2025,42.65,0.05,82.25,24650,3.7,1328853.71,15.1,42.6,42.95,43.54,43.6,-0.35,-0.59,-0.06,0.05,81.75,81.75,81.75,81.75,24790,24790,24790,24790,3.9,3.9,3.9,3.9,1142655.42,1142655.42,1142655.42,1142655.42,22.59,11.81,20.17,16.96
1/11/2025,42.19,-0.46,82.25,24650,3.7,1328853.71,6.07,42.65,42.6,42.95,43.54,0.05,-0.35,-0.59,-0.06,82.25,81.75,81.75,81.75,24650,24790,24790,24790,3.7,3.9,3.9,3.9,1328853.71,1142655.42,1142655.42,1142655.42,15.1,22.59,11.81,20.17
1/18/2025,42.17,-0.02,82.25,24650,3.7,1328853.71,10.45,42.19,42.65,42.6,42.95,-0.46,0.05,-0.35,-0.59,82.25,82.25,81.75,81.75,24650,24650,24790,24790,3.7,3.7,3.9,3.9,1328853.71,1328853.71,1142655.42,1142655.42,6.07,15.1,22.59,11.81
1/25/2025,41.68,-0.49,82.25,24650,3.7,1328853.71,1.97,42.17,42.19,42.65,42.6,-0.02,-0.46,0.05,-0.35,82.25,82.25,82.25,81.75,24650,24650,24650,24790,3.7,3.7,3.7,3.9,1328853.71,1328853.71,1328853.71,1142655.42,10.45,6.07,15.1,22.59
2/1/2025,41.24,-0.44,85.15,24360,4.4,1324469.14,6.95,41.68,42.17,42.19,42.65,-0.49,-0.02,-0.46,0.05,82.25,82.25,82.25,82.25,24650,24650,24650,24650,3.7,3.7,3.7,3.7,1328853.71,1328853.71,1328853.71,1328853.71,1.97,10.45,6.07,15.1
2/8/2025,41.22,-0.02,85.15,24360,4.4,1324469.14,10.05,41.24,41.68,42.17,42.19,-0.44,-0.49,-0.02,-0.46,85.15,82.25,82.25,82.25,24360,24650,24650,24650,4.4,3.7,3.7,3.7,1324469.14,1328853.71,1328853.71,1328853.71,6.95,1.97,10.45,6.07
2/15/2025,41.53,0.31,85.15,24360,4.4,1324469.14,12.28,41.22,41.24,41.68,42.17,-0.02,-0.44,-0.49,-0.02,85.15,85.15,82.25,82.25,24360,24360,24650,24650,4.4,4.4,3.7,3.7,1324469.14,1324469.14,1328853.71,1328853.71,10.05,6.95,1.97,10.45
2/22/2025,41.27,-0.26,85.15,24360,4.4,1324469.14,7.24,41.53,41.22,41.24,41.68,0.31,-0.02,-0.44,-0.49,85.15,85.15,85.15,82.25,24360,24360,24360,24650,4.4,4.4,4.4,3.7,1324469.14,1324469.14,1324469.14,1328853.71,12.28,10.05,6.95,1.97
3/1/2025,40.83,-0.44,80.36,23440,3.3,1165003.64,1.93,41.27,41.53,41.22,41.24,-0.26,0.31,-0.02,-0.44,85.15,85.15,85.15,85.15,24360,24360,24360,24360,4.4,4.4,4.4,4.4,1324469.14,1324469.14,1324469.14,1324469.14,7.24,12.28,10.05,6.95
3/8/2025,40.72,-0.11,80.36,23440,3.3,1165003.64,4.8,40.83,41.27,41.53,41.22,-0.44,-0.26,0.31,-0.02,80.36,85.15,85.15,85.15,23440,24360,24360,24360,3.3,4.4,4.4,4.4,1165003.64,1324469.14,1324469.14,1324469.14,1.93,7.24,12.28,10.05
3/15/2025,40.51,-0.21,80.36,23440,3.3,1165003.64,5.38,40.72,40.83,41.27,41.53,-0.11,-0.44,-0.26,0.31,80.36,80.36,85.15,85.15,23440,23440,24360,24360,3.3,3.3,4.4,4.4,1165003.64,1165003.64,1324469.14,1324469.14,4.8,1.93,7.24,12.28
3/22/2025,40.58,0.07,80.36,23440,3.3,1165003.64,2.45,40.51,40.72,40.83,41.27,-0.21,-0.11,-0.44,-0.26,80.36,80.36,80.36,85.15,23440,23440,23440,24360,3.3,3.3,3.3,4.4,1165003.64,1165003.64,1165003.64,1324469.14,5.38,4.8,1.93,7.24
3/29/2025,40.36,-0.22,80.36,23440,3.3,1165003.64,3.58,40.58,40.51,40.72,40.83,0.07,-0.21,-0.11,-0.44,80.36,80.36,80.36,80.36,23440,23440,23440,23440,3.3,3.3,3.3,3.3,1165003.64,1165003.64,1165003.64,1165003.64,2.45,5.38,4.8,1.93
4/5/2025,40.25,-0.11,74.02,22330,1.9,1050261.77,7.15,40.36,40.58,40.51,40.72,-0.22,0.07,-0.21,-0.11,80.36,80.36,80.36,80.36,23440,23440,23440,23440,3.3,3.3,3.3,3.3,1165003.64,1165003.64,1165003.64,1165003.64,3.58,2.45,5.38,4.8
4/12/2025,40.16,-0.09,74.02,22330,1.9,1050261.77,0.7,40.25,40.36,40.58,40.51,-0.11,-0.22,0.07,-0.21,74.02,80.36,80.36,80.36,22330,23440,23440,23440,1.9,3.3,3.3,3.3,1050261.77,1165003.64,1165003.64,1165003.64,7.15,3.58,2.45,5.38
4/19/2025,40.14,-0.02,74.02,22330,1.9,1050261.77,0.45,40.16,40.25,40.36,40.58,-0.09,-0.11,-0.22,0.07,74.02,74.02,80.36,80.36,22330,22330,23440,23440,1.9,1.9,3.3,3.3,1050261.77,1050261.77,1165003.64,1165003.64,0.7,7.15,3.58,2.45
4/26/2025,39.27,-0.87,74.02,22330,1.9,1050261.77,0.06,40.14,40.16,40.25,40.36,-0.02,-0.09,-0.11,-0.22,74.02,74.02,74.02,80.36,22330,22330,22330,23440,1.9,1.9,1.9,3.3,1050261.77,1050261.77,1050261.77,1165003.64,0.45,0.7,7.15,3.58
5/3/2025,39.15,-0.12,75.63,20470,2.3,1210759.99,3.86,39.27,40.14,40.16,40.25,-0.87,-0.02,-0.09,-0.11,74.02,74.02,74.02,74.02,22330,22330,22330,22330,1.9,1.9,1.9,1.9,1050261.77,1050261.77,1050261.77,1050261.77,0.06,0.45,0.7,7.15
5/10/2025,39.15,0,75.63,20470,2.3,1210759.99,8.79,39.15,39.27,40.14,40.16,-0.12,-0.87,-0.02,-0.09,75.63,74.02,74.02,74.02,20470,22330,22330,22330,2.3,1.9,1.9,1.9,1210759.99,1050261.77,1050261.77,1050261.77,3.86,0.06,0.45,0.7
5/17/2025,38.91,-0.24,75.63,20470,2.3,1210759.99,7.13,39.15,39.15,39.27,40.14,0,-0.12,-0.87,-0.02,75.63,75.63,74.02,74.02,20470,20470,22330,22330,2.3,2.3,1.9,1.9,1210759.99,1210759.99,1050261.77,1050261.77,8.79,3.86,0.06,0.45
5/24/2025,38.9,-0.01,75.63,20470,2.3,1210759.99,3.33,38.91,39.15,39.15,39.27,-0.24,0,-0.12,-0.87,75.63,75.63,75.63,74.02,20470,20470,20470,22330,2.3,2.3,2.3,1.9,1210759.99,1210759.99,1210759.99,1050261.77,7.13,8.79,3.86,0.06
5/31/2025,38.59,-0.31,75.63,20470,2.3,1210759.99,8.41,38.9,38.91,39.15,39.15,-0.01,-0.24,0,-0.12,75.63,75.63,75.63,75.63,20470,20470,20470,20470,2.3,2.3,2.3,2.3,1210759.99,1210759.99,1210759.99,1210759.99,3.33,7.13,8.79,3.86
6/7/2025,38.28,-0.31,74.35,20230,2.5,1418557.09,8.58,38.59,38.9,38.91,39.15,-0.31,-0.01,-0.24,0,75.63,75.63,75.63,75.63,20470,20470,20470,20470,2.3,2.3,2.3,2.3,1210759.99,1210759.99,1210759.99,1210759.99,8.41,3.33,7.13,8.79
6/14/2025,38.51,0.23,74.35,20230,2.5,1418557.09,8.21,38.28,38.59,38.9,38.91,-0.31,-0.31,-0.01,-0.24,74.35,75.63,75.63,75.63,20230,20470,20470,20470,2.5,2.3,2.3,2.3,1418557.09,1210759.99,1210759.99,1210759.99,8.58,8.41,3.33,7.13
6/21/2025,38.45,-0.06,74.35,20230,2.5,1418557.09,11.4,38.51,38.28,38.59,38.9,0.23,-0.31,-0.31,-0.01,74.35,74.35,75.63,75.63,20230,20230,20470,20470,2.5,2.5,2.3,2.3,1418557.09,1418557.09,1210759.99,1210759.99,8.21,8.58,8.41,3.33
6/28/2025,38.54,0.09,74.35,20230,2.5,1418557.09,12.81,38.45,38.51,38.28,38.59,-0.06,0.23,-0.31,-0.31,74.35,74.35,74.35,75.63,20230,20230,20230,20470,2.5,2.5,2.5,2.3,1418557.09,1418557.09,1418557.09,1210759.99,11.4,8.21,8.58,8.41
7/5/2025,38.54,0,73.86,20700,2.9,1514261.25,9.94,38.54,38.45,38.51,38.28,0.09,-0.06,0.23,-0.31,74.35,74.35,74.35,74.35,20230,20230,20230,20230,2.5,2.5,2.5,2.5,1418557.09,1418557.09,1418557.09,1418557.09,12.81,11.4,8.21,8.58
7/12/2025,38.7,0.16,73.86,20700,2.9,1514261.25,5.33,38.54,38.54,38.45,38.51,0,0.09,-0.06,0.23,73.86,74.35,74.35,74.35,20700,20230,20230,20230,2.9,2.5,2.5,2.5,1514261.25,1418557.09,1418557.09,1418557.09,9.94,12.81,11.4,8.21
7/19/2025,38.55,-0.15,73.86,20700,2.9,1514261.25,16.06,38.7,38.54,38.54,38.45,0.16,0,0.09,-0.06,73.86,73.86,74.35,74.35,20700,20700,20230,20230,2.9,2.9,2.5,2.5,1514261.25,1514261.25,1418557.09,1418557.09,5.33,9.94,12.81,11.4
7/26/2025,38.68,0.13,73.86,20700,2.9,1514261.25,43.26,38.55,38.7,38.54,38.54,-0.15,0.16,0,0.09,73.86,73.86,73.86,74.35,20700,20700,20700,20230,2.9,2.9,2.9,2.5,1514261.25,1514261.25,1514261.25,1418557.09,16.06,5.33,9.94,12.81
8/2/2025,38.55,-0.13,79.27,20680,2.9,860797.99,3.56,38.68,38.55,38.7,38.54,0.13,-0.15,0.16,0,73.86,73.86,73.86,73.86,20700,20700,20700,20700,2.9,2.9,2.9,2.9,1514261.25,1514261.25,1514261.25,1514261.25,43.26,16.06,5.33,9.94
8/9/2025,38.54,-0.01,79.27,20680,2.9,860797.99,3.63,38.55,38.68,38.55,38.7,-0.13,0.13,-0.15,0.16,79.27,73.86,73.86,73.86,20680,20700,20700,20700,2.9,2.9,2.9,2.9,860797.99,1514261.25,1514261.25,1514261.25,3.56,43.26,16.06,5.33
8/16/2025,38.39,-0.15,79.27,20680,2.9,860797.99,11.18,38.54,38.55,38.68,38.55,-0.01,-0.13,0.13,-0.15,79.27,79.27,73.86,73.86,20680,20680,20700,20700,2.9,2.9,2.9,2.9,860797.99,860797.99,1514261.25,1514261.25,3.63,3.56,43.26,16.06
8/23/2025,38.4,0.01,79.27,20680,2.9,860797.99,10.35,38.39,38.54,38.55,38.68,-0.15,-0.01,-0.13,0.13,79.27,79.27,79.27,73.86,20680,20680,20680,20700,2.9,2.9,2.9,2.9,860797.99,860797.99,860797.99,1514261.25,11.18,3.63,3.56,43.26
8/30/2025,38.18,-0.22,79.27,20680,2.9,860797.99,15.08,38.4,38.39,38.54,38.55,0.01,-0.15,-0.01,-0.13,79.27,79.27,79.27,79.27,20680,20680,20680,20680,2.9,2.9,2.9,2.9,860797.99,860797.99,860797.99,860797.99,10.35,11.18,3.63,3.56
9/6/2025,38,-0.18,75.44,20290,2.1,922495.98,11.41,38.18,38.4,38.39,38.54,-0.22,0.01,-0.15,-0.01,79.27,79.27,79.27,79.27,20680,20680,20680,20680,2.9,2.9,2.9,2.9,860797.99,860797.99,860797.99,860797.99,15.08,10.35,11.18,3.63
9/13/2025,37.97,-0.03,75.44,20290,2.1,922495.98,15.12,38,38.18,38.4,38.39,-0.18,-0.22,0.01,-0.15,75.44,79.27,79.27,79.27,20290,20680,20680,20680,2.1,2.9,2.9,2.9,922495.98,860797.99,860797.99,860797.99,11.41,15.08,10.35,11.18
9/20/2025,37.89,-0.08,75.44,20290,2.1,922495.98,14.93,37.97,38,38.18,38.4,-0.03,-0.18,-0.22,0.01,75.44,75.44,79.27,79.27,20290,20290,20680,20680,2.1,2.1,2.9,2.9,922495.98,922495.98,860797.99,860797.99,15.12,11.41,15.08,10.35
9/27/2025,37.79,-0.1,75.44,20290,2.1,922495.98,20.68,37.89,37.97,38,38.18,-0.08,-0.03,-0.18,-0.22,75.44,75.44,75.44,79.27,20290,20290,20290,20680,2.1,2.1,2.1,2.9,922495.98,922495.98,922495.98,860797.99,14.93,15.12,11.41,15.08
10/4/2025,37.8,0.01,72.73,18570,1.8,527777.55,13,37.79,37.89,37.97,38,-0.1,-0.08,-0.03,-0.18,75.44,75.44,75.44,75.44,20290,20290,20290,20290,2.1,2.1,2.1,2.1,922495.98,922495.98,922495.98,922495.98,20.68,14.93,15.12,11.41
10/11/2025,37.39,-0.41,72.73,18570,1.8,527777.55,12.07,37.8,37.79,37.89,37.97,0.01,-0.1,-0.08,-0.03,72.73,75.44,75.44,75.44,18570,20290,20290,20290,1.8,2.1,2.1,2.1,527777.55,922495.98,922495.98,922495.98,13,20.68,14.93,15.12
10/18/2025,37.21,-0.18,72.73,18570,1.8,527777.55,14.21,37.39,37.8,37.79,37.89,-0.41,0.01,-0.1,-0.08,72.73,72.73,75.44,75.44,18570,18570,20290,20290,1.8,1.8,2.1,2.1,527777.55,527777.55,922495.98,922495.98,12.07,13,20.68,14.93
10/25/2025,37.3,0.09,72.73,18570,1.8,527777.55,14.96,37.21,37.39,37.8,37.79,-0.18,-0.41,0.01,-0.1,72.73,72.73,72.73,75.44,18570,18570,18570,20290,1.8,1.8,1.8,2.1,527777.55,527777.55,527777.55,922495.98,14.21,12.07,13,20.68
11/1/2025,37.1,-0.2,68.13,17690,1.4,820838.11,13.94,37.3,37.21,37.39,37.8,0.09,-0.18,-0.41,0.01,72.73,72.73,72.73,72.73,18570,18570,18570,18570,1.8,1.8,1.8,1.8,527777.55,527777.55,527777.55,527777.55,14.96,14.21,12.07,13
11/8/2025,37.01,-0.09,68.13,17690,1.4,820838.11,20.16,37.1,37.3,37.21,37.39,-0.2,0.09,-0.18,-0.41,68.13,72.73,72.73,72.73,17690,18570,18570,18570,1.4,1.8,1.8,1.8,820838.11,527777.55,527777.55,527777.55,13.94,14.96,14.21,12.07
11/15/2025,37.28,0.27,68.13,17690,1.4,820838.11,24.78,37.01,37.1,37.3,37.21,-0.09,-0.2,0.09,-0.18,68.13,68.13,72.73,72.73,17690,17690,18570,18570,1.4,1.4,1.8,1.8,820838.11,820838.11,527777.55,527777.55,20.16,13.94,14.96,14.21
11/22/2025,37.63,0.35,68.13,17690,1.4,820838.11,12.22,37.28,37.01,37.1,37.3,0.27,-0.09,-0.2,0.09,68.13,68.13,68.13,72.73,17690,17690,17690,18570,1.4,1.4,1.4,1.8,820838.11,820838.11,820838.11,527777.55,24.78,20.16,13.94,14.96
11/29/2025,37.67,0.04,68.13,17690,1.4,820838.11,18.43,37.63,37.28,37.01,37.1,0.35,0.27,-0.09,-0.2,68.13,68.13,68.13,68.13,17690,17690,17690,17690,1.4,1.4,1.4,1.4,820838.11,820838.11,820838.11,820838.11,12.22,24.78,20.16,13.94
12/6/2025,38.27,0.6,64.45,17750,1.3,803439.85,7.05,37.67,37.63,37.28,37.01,0.04,0.35,0.27,-0.09,68.13,68.13,68.13,68.13,17690,17690,17690,17690,1.4,1.4,1.4,1.4,820838.11,820838.11,820838.11,820838.11,18.43,12.22,24.78,20.16
12/13/2025,38.22,-0.05,64.45,17750,1.3,803439.85,14.98,38.27,37.67,37.63,37.28,0.6,0.04,0.35,0.27,64.45,68.13,68.13,68.13,17750,17690,17690,17690,1.3,1.4,1.4,1.4,803439.85,820838.11,820838.11,820838.11,7.05,18.43,12.22,24.78
12/20/2025,38.79,0.57,64.45,17750,1.3,803439.85,17.67,38.22,38.27,37.67,37.63,-0.05,0.6,0.04,0.35,64.45,64.45,68.13,68.13,17750,17750,17690,17690,1.3,1.3,1.4,1.4,803439.85,803439.85,820838.11,820838.11,14.98,7.05,18.43,12.22
12/27/2025,38.92,0.13,64.45,17750,1.3,803439.85,9.17,38.79,38.22,38.27,37.67,0.57,-0.05,0.6,0.04,64.45,64.45,64.45,68.13,17750,17750,17750,17690,1.3,1.3,1.3,1.4,803439.85,803439.85,803439.85,820838.11,17.67,14.98,7.05,18.43
1/3/2026,38.92,0,71.44,16990,1.4,814385.31,6.82,38.92,38.79,38.22,38.27,0.13,0.57,-0.05,0.6,64.45,64.45,64.45,64.45,17750,17750,17750,17750,1.3,1.3,1.3,1.3,803439.85,803439.85,803439.85,803439.85,9.17,17.67,14.98,7.05
1/10/2026,39.35,0.43,71.44,16990,1.4,814385.31,13.86,38.92,38.92,38.79,38.22,0,0.13,0.57,-0.05,71.44,64.45,64.45,64.45,16990,17750,17750,17750,1.4,1.3,1.3,1.3,814385.31,803439.85,803439.85,803439.85,6.82,9.17,17.67,14.98
1/17/2026,39.7,0.35,71.44,16990,1.4,814385.31,5.24,39.35,38.92,38.92,38.79,0.43,0,0.13,0.57,71.44,71.44,64.45,64.45,16990,16990,17750,17750,1.4,1.4,1.3,1.3,814385.31,814385.31,803439.85,803439.85,13.86,6.82,9.17,17.67
1/24/2026,39.83,0.13,71.44,16990,1.4,814385.31,1.55,39.7,39.35,38.92,38.92,0.35,0.43,0,0.13,71.44,71.44,71.44,64.45,16990,16990,16990,17750,1.4,1.4,1.4,1.3,814385.31,814385.31,814385.31,803439.85,5.24,13.86,6.82,9.17
1/31/2026,40.77,0.94,71.44,16990,1.4,814385.31,4.21,39.83,39.7,39.35,38.92,0.13,0.35,0.43,0,71.44,71.44,71.44,71.44,16990,16990,16990,16990,1.4,1.4,1.4,1.4,814385.31,814385.31,814385.31,814385.31,1.55,5.24,13.86,6.82
2/7/2026,41.46,0.69,71.04,17360,0.9,1343908.45,1.84,40.77,39.83,39.7,39.35,0.94,0.13,0.35,0.43,71.44,71.44,71.44,71.44,16990,16990,16990,16990,1.4,1.4,1.4,1.4,814385.31,814385.31,814385.31,814385.31,4.21,1.55,5.24,13.86
2/14/2026,41.22,-0.24,71.04,17360,0.9,1343908.45,12.2,41.46,40.77,39.83,39.7,0.69,0.94,0.13,0.35,71.04,71.44,71.44,71.44,17360,16990,16990,16990,0.9,1.4,1.4,1.4,1343908.45,814385.31,814385.31,814385.31,1.84,4.21,1.55,5.24
2/21/2026,41.1,-0.12,71.04,17360,0.9,1343908.45,3.4,41.22,41.46,40.77,39.83,-0.24,0.69,0.94,0.13,71.04,71.04,71.44,71.44,17360,17360,16990,16990,0.9,0.9,1.4,1.4,1343908.45,1343908.45,814385.31,814385.31,12.2,1.84,4.21,1.55
2/28/2026,41.07,-0.03,71.04,17360,0.9,1343908.45,1.45,41.1,41.22,41.46,40.77,-0.12,-0.24,0.69,0.94,71.04,71.04,71.04,71.44,17360,17360,17360,16990,0.9,0.9,0.9,1.4,1343908.45,1343908.45,1343908.45,814385.31,3.4,12.2,1.84,4.21
3/7/2026,41.32,0.25,67.87,17060,1.5,1030751.52,0.58,41.07,41.1,41.22,41.46,-0.03,-0.12,-0.24,0.69,71.04,71.04,71.04,71.04,17360,17360,17360,17360,0.9,0.9,0.9,0.9,1343908.45,1343908.45,1343908.45,1343908.45,1.45,3.4,12.2,1.84
3/14/2026,41.28,-0.04,67.87,17060,1.5,1030751.52,2.32,41.32,41.07,41.1,41.22,0.25,-0.03,-0.12,-0.24,67.87,71.04,71.04,71.04,17060,17360,17360,17360,1.5,0.9,0.9,0.9,1030751.52,1343908.45,1343908.45,1343908.45,0.58,1.45,3.4,12.2
3/21/2026,41.71,0.43,67.87,17060,1.5,1030751.52,0.8,41.28,41.32,41.07,41.1,-0.04,0.25,-0.03,-0.12,67.87,67.87,71.04,71.04,17060,17060,17360,17360,1.5,1.5,0.9,0.9,1030751.52,1030751.52,1343908.45,1343908.45,2.32,0.58,1.45,3.4
3/28/2026,42.81,1.1,67.87,17060,1.5,1030751.52,0.54,41.71,41.28,41.32,41.07,0.43,-0.04,0.25,-0.03,67.87,67.87,67.87,71.04,17060,17060,17060,17360,1.5,1.5,1.5,0.9,1030751.52,1030751.52,1030751.52,1343908.45,0.8,2.32,0.58,1.45
4/4/2026,43.69,0.88,67.99,15600,1.7,815346.38,0.01,42.81,41.71,41.28,41.32,1.1,0.43,-0.04,0.25,67.87,67.87,67.87,67.87,17060,17060,17060,17060,1.5,1.5,1.5,1.5,1030751.52,1030751.52,1030751.52,1030751.52,0.54,0.8,2.32,0.58
4/11/2026,44.23,0.54,67.99,15600,1.7,815346.38,0.07,43.69,42.81,41.71,41.28,0.88,1.1,0.43,-0.04,67.99,67.87,67.87,67.87,15600,17060,17060,17060,1.7,1.5,1.5,1.5,815346.38,1030751.52,1030751.52,1030751.52,0.01,0.54,0.8,2.32
4/18/2026,44.57,0.34,67.99,15600,1.7,815346.38,0,44.23,43.69,42.81,41.71,0.54,0.88,1.1,0.43,67.99,67.99,67.87,67.87,15600,15600,17060,17060,1.7,1.7,1.5,1.5,815346.38,815346.38,1030751.52,1030751.52,0.07,0.01,0.54,0.8
4/25/2026,44.88,0.31,67.99,15600,1.7,815346.38,0.33,44.57,44.23,43.69,42.81,0.34,0.54,0.88,1.1,67.99,67.99,67.99,67.87,15600,15600,15600,17060,1.7,1.7,1.7,1.5,815346.38,815346.38,815346.38,1030751.52,0,0.07,0.01,0.54
5/2/2026,44.99,0.11,64.54,15890,1.7,954908.93,1.1,44.88,44.57,44.23,43.69,0.31,0.34,0.54,0.88,67.99,67.99,67.99,67.99,15600,15600,15600,15600,1.7,1.7,1.7,1.7,815346.38,815346.38,815346.38,815346.38,0.33,0,0.07,0.01
5/9/2026,45.13,0.14,64.54,15890,1.7,954908.93,1.58,44.99,44.88,44.57,44.23,0.11,0.31,0.34,0.54,64.54,67.99,67.99,67.99,15890,15600,15600,15600,1.7,1.7,1.7,1.7,954908.93,815346.38,815346.38,815346.38,1.1,0.33,0,0.07
5/16/2026,45.2,0.07,64.54,15890,1.7,954908.93,2.51,45.13,44.99,44.88,44.57,0.14,0.11,0.31,0.34,64.54,64.54,67.99,67.99,15890,15890,15600,15600,1.7,1.7,1.7,1.7,954908.93,954908.93,815346.38,815346.38,1.58,1.1,0.33,0
5/23/2026,45.3,0.1,64.54,15890,1.7,954908.93,3.48,45.2,45.13,44.99,44.88,0.07,0.14,0.11,0.31,64.54,64.54,64.54,67.99,15890,15890,15890,15600,1.7,1.7,1.7,1.7,954908.93,954908.93,954908.93,815346.38,2.51,1.58,1.1,0.33
5/30/2026,45,-0.3,64.54,15890,1.7,954908.93,2.29,45.3,45.2,45.13,44.99,0.1,0.07,0.14,0.11,64.54,64.54,64.54,64.54,15890,15890,15890,15890,1.7,1.7,1.7,1.7,954908.93,954908.93,954908.93,954908.93,3.48,2.51,1.58,1.1
6/6/2026,44.88,-0.12,63.8,15980,1.5,944142.43,5.03,45,45.3,45.2,45.13,-0.3,0.1,0.07,0.14,64.54,64.54,64.54,64.54,15890,15890,15890,15890,1.7,1.7,1.7,1.7,954908.93,954908.93,954908.93,954908.93,2.29,3.48,2.51,1.58
6/13/2026,44.67,-0.21,63.8,15980,1.5,944142.43,3.04,44.88,45,45.3,45.2,-0.12,-0.3,0.1,0.07,63.8,64.54,64.54,64.54,15980,15890,15890,15890,1.5,1.7,1.7,1.7,944142.43,954908.93,954908.93,954908.93,5.03,2.29,3.48,2.51
6/20/2026,44.77,0.1,63.8,15980,1.5,944142.43,4,44.67,44.88,45,45.3,-0.21,-0.12,-0.3,0.1,63.8,63.8,64.54,64.54,15980,15980,15890,15890,1.5,1.5,1.7,1.7,944142.43,944142.43,954908.93,954908.93,3.04,5.03,2.29,3.48
6/27/2026,44.94,0.17,63.8,15980,1.5,944142.43,3.6,44.77,44.67,44.88,45,0.1,-0.21,-0.12,-0.3,63.8,63.8,63.8,64.54,15980,15980,15980,15890,1.5,1.5,1.5,1.7,944142.43,944142.43,944142.43,954908.93,4,3.04,5.03,2.29
