Date,Well-milled_PHP_kg_L,Price_Change_L03,Brent_Oil_USD,Farmgate_LCU_tonne,Inflation_Rate,Stocks_MT,Rainfall_mm,Well-milled_PHP_kg_L_lag1,Well-milled_PHP_kg_L_lag2,Well-milled_PHP_kg_L_lag3,Well-milled_PHP_kg_L_lag4,Price_Change_L03_lag1,Price_Change_L03_lag2,Price_Change_L03_lag3,Price_Change_L03_lag4,Brent_Oil_USD_lag1,Brent_Oil_USD_lag2,Brent_Oil_USD_lag3,Brent_Oil_USD_lag4,Farmgate_LCU_tonne_lag1,Farmgate_LCU_tonne_lag2,Farmgate_LCU_tonne_lag3,Farmgate_LCU_tonne_lag4,Inflation_Rate_lag1,Inflation_Rate_lag2,Inflation_Rate_lag3,Inflation_Rate_lag4,Stocks_MT_lag1,Stocks_MT_lag2,Stocks_MT_lag3,Stocks_MT_lag4,Rainfall_mm_lag1,Rainfall_mm_lag2,Rainfall_mm_lag3,Rainfall_mm_lag4
9/23/2023,45.27,0.23,82.59,18190,8.6,541210,8.84,45.04,48.58,52.16,51.33,-3.54,-3.58,0.83,0.83,82.59,82.59,82.59,82.5,18190,18190,18190,17740,8.6,8.6,8.6,8.7,541210,541210,541210,651930,5.44,5.78,14.99,6.22
9/30/2023,45.25,-0.02,82.59,18190,8.6,541210,8.06,45.27,45.04,48.58,52.16,0.23,-3.54,-3.58,0.83,82.59,82.59,82.59,82.59,18190,18190,18190,18190,8.6,8.6,8.6,8.6,541210,541210,541210,541210,8.84,5.44,5.78,14.99
10/7/2023,45.21,-0.04,78.43,18570,7.6,494252.94,6.55,45.25,45.27,45.04,48.58,-0.02,0.23,-3.54,-3.58,82.59,82.59,82.59,82.59,18190,18190,18190,18190,8.6,8.6,8.6,8.6,541210,541210,541210,541210,8.06,8.84,5.44,5.78
10/14/2023,45.35,0.14,78.43,18570,7.6,494252.94,9.55,45.21,45.25,45.27,45.04,-0.04,-0.02,0.23,-3.54,78.43,82.59,82.59,82.59,18570,18190,18190,18190,7.6,8.6,8.6,8.6,494252.94,541210,541210,541210,6.55,8.06,8.84,5.44
10/21/2023,45.5,0.15,78.43,18570,7.6,494252.94,12.1,45.35,45.21,45.25,45.27,0.14,-0.04,-0.02,0.23,78.43,78.43,82.59,82.59,18570,18570,18190,18190,7.6,7.6,8.6,8.6,494252.94,494252.94,541210,541210,9.55,6.55,8.06,8.84
10/28/2023,46.11,0.61,78.43,18570,7.6,494252.94,6.27,45.5,45.35,45.21,45.25,0.15,0.14,-0.04,-0.02,78.43,78.43,78.43,82.59,18570,18570,18570,18190,7.6,7.6,7.6,8.6,494252.94,494252.94,494252.94,541210,12.1,9.55,6.55,8.06
11/4/2023,47.12,1.01,84.64,18790,6.6,728730.7,7.62,46.11,45.5,45.35,45.21,0.61,0.15,0.14,-0.04,78.43,78.43,78.43,78.43,18570,18570,18570,18570,7.6,7.6,7.6,7.6,494252.94,494252.94,494252.94,494252.94,6.27,12.1,9.55,6.55
11/11/2023,47.65,0.53,84.64,18790,6.6,728730.7,8.52,47.12,46.11,45.5,45.35,1.01,0.61,0.15,0.14,84.64,78.43,78.43,78.43,18790,18570,18570,18570,6.6,7.6,7.6,7.6,728730.7,494252.94,494252.94,494252.94,7.62,6.27,12.1,9.55
11/18/2023,48.29,0.64,84.64,18790,6.6,728730.7,11.96,47.65,47.12,46.11,45.5,0.53,1.01,0.61,0.15,84.64,84.64,78.43,78.43,18790,18790,18570,18570,6.6,6.6,7.6,7.6,728730.7,728730.7,494252.94,494252.94,8.52,7.62,6.27,12.1
11/25/2023,49.3,1.01,84.64,18790,6.6,728730.7,12.02,48.29,47.65,47.12,46.11,0.64,0.53,1.01,0.61,84.64,84.64,84.64,78.43,18790,18790,18790,18570,6.6,6.6,6.6,7.6,728730.7,728730.7,728730.7,494252.94,11.96,8.52,7.62,6.27
12/2/2023,50.34,1.04,75.47,19060,6.1,787970.99,12.97,49.3,48.29,47.65,47.12,1.01,0.64,0.53,1.01,84.64,84.64,84.64,84.64,18790,18790,18790,18790,6.6,6.6,6.6,6.6,728730.7,728730.7,728730.7,728730.7,12.02,11.96,8.52,7.62
12/9/2023,50.73,0.39,75.47,19060,6.1,787970.99,6.3,50.34,49.3,48.29,47.65,1.04,1.01,0.64,0.53,75.47,84.64,84.64,84.64,19060,18790,18790,18790,6.1,6.6,6.6,6.6,787970.99,728730.7,728730.7,728730.7,12.97,12.02,11.96,8.52
12/16/2023,50.44,-0.29,75.47,19060,6.1,787970.99,7.51,50.73,50.34,49.3,48.29,0.39,1.04,1.01,0.64,75.47,75.47,84.64,84.64,19060,19060,18790,18790,6.1,6.1,6.6,6.6,787970.99,787970.99,728730.7,728730.7,6.3,12.97,12.02,11.96
12/23/2023,50.16,-0.28,75.47,19060,6.1,787970.99,19.95,50.44,50.73,50.34,49.3,-0.29,0.39,1.04,1.01,75.47,75.47,75.47,84.64,19060,19060,19060,18790,6.1,6.1,6.1,6.6,787970.99,787970.99,787970.99,728730.7,7.51,6.3,12.97,12.02
12/30/2023,50.53,0.37,75.47,19060,6.1,787970.99,9.35,50.16,50.44,50.73,50.34,-0.28,-0.29,0.39,1.04,75.47,75.47,75.47,75.47,19060,19060,19060,19060,6.1,6.1,6.1,6.1,787970.99,787970.99,787970.99,787970.99,19.95,7.51,6.3,12.97
1/6/2024,50.9,0.37,74.84,19230,5.4,848107.9,2.54,50.53,50.16,50.44,50.73,0.37,-0.28,-0.29,0.39,75.47,75.47,75.47,75.47,19060,19060,19060,19060,6.1,6.1,6.1,6.1,787970.99,787970.99,787970.99,787970.99,9.35,19.95,7.51,6.3
1/13/2024,51.96,1.06,74.84,19230,5.4,848107.9,3.43,50.9,50.53,50.16,50.44,0.37,0.37,-0.28,-0.29,74.84,75.47,75.47,75.47,19230,19060,19060,19060,5.4,6.1,6.1,6.1,848107.9,787970.99,787970.99,787970.99,2.54,9.35,19.95,7.51
1/20/2024,52.14,0.18,74.84,19230,5.4,848107.9,2.99,51.96,50.9,50.53,50.16,1.06,0.37,0.37,-0.28,74.84,74.84,75.47,75.47,19230,19230,19060,19060,5.4,5.4,6.1,6.1,848107.9,848107.9,787970.99,787970.99,3.43,2.54,9.35,19.95
1/27/2024,52.04,-0.1,74.84,19230,5.4,848107.9,4.14,52.14,51.96,50.9,50.53,0.18,1.06,0.37,0.37,74.84,74.84,74.84,75.47,19230,19230,19230,19060,5.4,5.4,5.4,6.1,848107.9,848107.9,848107.9,787970.99,2.99,3.43,2.54,9.35
2/3/2024,52.09,0.05,80.11,19440,4.7,984761.41,1.91,52.04,52.14,51.96,50.9,-0.1,0.18,1.06,0.37,74.84,74.84,74.84,74.84,19230,19230,19230,19230,5.4,5.4,5.4,5.4,848107.9,848107.9,848107.9,848107.9,4.14,2.99,3.43,2.54
2/10/2024,52.05,-0.04,80.11,19440,4.7,984761.41,0.48,52.09,52.04,52.14,51.96,0.05,-0.1,0.18,1.06,80.11,74.84,74.84,74.84,19440,19230,19230,19230,4.7,5.4,5.4,5.4,984761.41,848107.9,848107.9,848107.9,1.91,4.14,2.99,3.43
2/17/2024,52.21,0.16,80.11,19440,4.7,984761.41,1.43,52.05,52.09,52.04,52.14,-0.04,0.05,-0.1,0.18,80.11,80.11,74.84,74.84,19440,19440,19230,19230,4.7,4.7,5.4,5.4,984761.41,984761.41,848107.9,848107.9,0.48,1.91,4.14,2.99
2/24/2024,52.44,0.23,80.11,19440,4.7,984761.41,1.45,52.21,52.05,52.09,52.04,0.16,-0.04,0.05,-0.1,80.11,80.11,80.11,74.84,19440,19440,19440,19230,4.7,4.7,4.7,5.4,984761.41,984761.41,984761.41,848107.9,1.43,0.48,1.91,4.14
3/2/2024,52.26,-0.18,86.15,22160,5.3,945096.67,0.91,52.44,52.21,52.05,52.09,0.23,0.16,-0.04,0.05,80.11,80.11,80.11,80.11,19440,19440,19440,19440,4.7,4.7,4.7,4.7,984761.41,984761.41,984761.41,984761.41,1.45,1.43,0.48,1.91
3/9/2024,51.94,-0.32,86.15,22160,5.3,945096.67,0.85,52.26,52.44,52.21,52.05,-0.18,0.23,0.16,-0.04,86.15,80.11,80.11,80.11,22160,19440,19440,19440,5.3,4.7,4.7,4.7,945096.67,984761.41,984761.41,984761.41,0.91,1.45,1.43,0.48
3/16/2024,52.09,0.15,86.15,22160,5.3,945096.67,3.46,51.94,52.26,52.44,52.21,-0.32,-0.18,0.23,0.16,86.15,86.15,80.11,80.11,22160,22160,19440,19440,5.3,5.3,4.7,4.7,945096.67,945096.67,984761.41,984761.41,0.85,0.91,1.45,1.43
3/23/2024,52.17,0.08,86.15,22160,5.3,945096.67,1.95,52.09,51.94,52.26,52.44,0.15,-0.32,-0.18,0.23,86.15,86.15,86.15,80.11,22160,22160,22160,19440,5.3,5.3,5.3,4.7,945096.67,945096.67,945096.67,984761.41,3.46,0.85,0.91,1.45
3/30/2024,52.26,0.09,86.15,22160,5.3,945096.67,3.7,52.17,52.09,51.94,52.26,0.08,0.15,-0.32,-0.18,86.15,86.15,86.15,86.15,22160,22160,22160,22160,5.3,5.3,5.3,5.3,945096.67,945096.67,945096.67,945096.67,1.95,3.46,0.85,0.91
4/6/2024,52.16,-0.1,93.72,19910,6.1,902290.44,0.42,52.26,52.17,52.09,51.94,0.09,0.08,0.15,-0.32,86.15,86.15,86.15,86.15,22160,22160,22160,22160,5.3,5.3,5.3,5.3,945096.67,945096.67,945096.67,945096.67,3.7,1.95,3.46,0.85
4/13/2024,51.86,-0.3,93.72,19910,6.1,902290.44,0.29,52.16,52.26,52.17,52.09,-0.1,0.09,0.08,0.15,93.72,86.15,86.15,86.15,19910,22160,22160,22160,6.1,5.3,5.3,5.3,902290.44,945096.67,945096.67,945096.67,0.42,3.7,1.95,3.46
4/20/2024,51.89,0.03,93.72,19910,6.1,902290.44,0.01,51.86,52.16,52.26,52.17,-0.3,-0.1,0.09,0.08,93.72,93.72,86.15,86.15,19910,19910,22160,22160,6.1,6.1,5.3,5.3,902290.44,902290.44,945096.67,945096.67,0.29,0.42,3.7,1.95
4/27/2024,51.81,-0.08,93.72,19910,6.1,902290.44,0.99,51.89,51.86,52.16,52.26,0.03,-0.3,-0.1,0.09,93.72,93.72,93.72,86.15,19910,19910,19910,22160,6.1,6.1,6.1,5.3,902290.44,902290.44,902290.44,945096.67,0.01,0.29,0.42,3.7
5/4/2024,51.63,-0.18,90.6,20600,4.9,1080905.36,0.16,51.81,51.89,51.86,52.16,-0.08,0.03,-0.3,-0.1,93.72,93.72,93.72,93.72,19910,19910,19910,19910,6.1,6.1,6.1,6.1,902290.44,902290.44,902290.44,902290.44,0.99,0.01,0.29,0.42
5/11/2024,51.53,-0.1,90.6,20600,4.9,1080905.36,1.22,51.63,51.81,51.89,51.86,-0.18,-0.08,0.03,-0.3,90.6,93.72,93.72,93.72,20600,19910,19910,19910,4.9,6.1,6.1,6.1,1080905.36,902290.44,902290.44,902290.44,0.16,0.99,0.01,0.29
5/18/2024,51.28,-0.25,90.6,20600,4.9,1080905.36,5.34,51.53,51.63,51.81,51.89,-0.1,-0.18,-0.08,0.03,90.6,90.6,93.72,93.72,20600,20600,19910,19910,4.9,4.9,6.1,6.1,1080905.36,1080905.36,902290.44,902290.44,1.22,0.16,0.99,0.01
5/25/2024,51.42,0.14,90.6,20600,4.9,1080905.36,10.36,51.28,51.53,51.63,51.81,-0.25,-0.1,-0.18,-0.08,90.6,90.6,90.6,93.72,20600,20600,20600,19910,4.9,4.9,4.9,6.1,1080905.36,1080905.36,1080905.36,902290.44,5.34,1.22,0.16,0.99
6/1/2024,51.42,0,82.94,21950,4.1,901106.38,21.26,51.42,51.28,51.53,51.63,0.14,-0.25,-0.1,-0.18,90.6,90.6,90.6,90.6,20600,20600,20600,20600,4.9,4.9,4.9,4.9,1080905.36,1080905.36,1080905.36,1080905.36,10.36,5.34,1.22,0.16
6/8/2024,51.42,0,82.94,21950,4.1,901106.38,8.89,51.42,51.42,51.28,51.53,0,0.14,-0.25,-0.1,82.94,90.6,90.6,90.6,21950,20600,20600,20600,4.1,4.9,4.9,4.9,901106.38,1080905.36,1080905.36,1080905.36,21.26,10.36,5.34,1.22
6/15/2024,51.46,0.04,82.94,21950,4.1,901106.38,4.54,51.42,51.42,51.42,51.28,0,0,0.14,-0.25,82.94,82.94,90.6,90.6,21950,21950,20600,20600,4.1,4.1,4.9,4.9,901106.38,901106.38,1080905.36,1080905.36,8.89,21.26,10.36,5.34
6/22/2024,51.61,0.15,82.94,21950,4.1,901106.38,11.37,51.46,51.42,51.42,51.42,0.04,0,0,0.14,82.94,82.94,82.94,90.6,21950,21950,21950,20600,4.1,4.1,4.1,4.9,901106.38,901106.38,901106.38,1080905.36,4.54,8.89,21.26,10.36
6/29/2024,51.5,-0.11,82.94,21950,4.1,901106.38,8.48,51.61,51.46,51.42,51.42,0.15,0.04,0,0,82.94,82.94,82.94,82.94,21950,21950,21950,21950,4.1,4.1,4.1,4.1,901106.38,901106.38,901106.38,901106.38,11.37,4.54,8.89,21.26
7/6/2024,51.25,-0.25,77.63,22890,3.9,851875.81,10.57,51.5,51.61,51.46,51.42,-0.11,0.15,0.04,0,82.94,82.94,82.94,82.94,21950,21950,21950,21950,4.1,4.1,4.1,4.1,901106.38,901106.38,901106.38,901106.38,8.48,11.37,4.54,8.89
7/13/2024,50.91,-0.34,77.63,22890,3.9,851875.81,11.51,51.25,51.5,51.61,51.46,-0.25,-0.11,0.15,0.04,77.63,82.94,82.94,82.94,22890,21950,21950,21950,3.9,4.1,4.1,4.1,851875.81,901106.38,901106.38,901106.38,10.57,8.48,11.37,4.54
7/20/2024,50.56,-0.35,77.63,22890,3.9,851875.81,13.54,50.91,51.25,51.5,51.61,-0.34,-0.25,-0.11,0.15,77.63,77.63,82.94,82.94,22890,22890,21950,21950,3.9,3.9,4.1,4.1,851875.81,851875.81,901106.38,901106.38,11.51,10.57,8.48,11.37
7/27/2024,50.32,-0.24,77.63,22890,3.9,851875.81,37.74,50.56,50.91,51.25,51.5,-0.35,-0.34,-0.25,-0.11,77.63,77.63,77.63,82.94,22890,22890,22890,21950,3.9,3.9,3.9,4.1,851875.81,851875.81,851875.81,901106.38,13.54,11.51,10.57,8.48
8/3/2024,50.53,0.21,80.12,24920,2.8,978002.26,6.81,50.32,50.56,50.91,51.25,-0.24,-0.35,-0.34,-0.25,77.63,77.63,77.63,77.63,22890,22890,22890,22890,3.9,3.9,3.9,3.9,851875.81,851875.81,851875.81,851875.81,37.74,13.54,11.51,10.57
8/10/2024,50.43,-0.1,80.12,24920,2.8,978002.26,6.79,50.53,50.32,50.56,50.91,0.21,-0.24,-0.35,-0.34,80.12,77.63,77.63,77.63,24920,22890,22890,22890,2.8,3.9,3.9,3.9,978002.26,851875.81,851875.81,851875.81,6.81,37.74,13.54,11.51
8/17/2024,50.46,0.03,80.12,24920,2.8,978002.26,2.39,50.43,50.53,50.32,50.56,-0.1,0.21,-0.24,-0.35,80.12,80.12,77.63,77.63,24920,24920,22890,22890,2.8,2.8,3.9,3.9,978002.26,978002.26,851875.81,851875.81,6.79,6.81,37.74,13.54
8/24/2024,50.74,0.28,80.12,24920,2.8,978002.26,7.33,50.46,50.43,50.53,50.32,0.03,-0.1,0.21,-0.24,80.12,80.12,80.12,77.63,24920,24920,24920,22890,2.8,2.8,2.8,3.9,978002.26,978002.26,978002.26,851875.81,2.39,6.79,6.81,37.74
8/31/2024,50.78,0.04,80.12,24920,2.8,978002.26,10.82,50.74,50.46,50.43,50.53,0.28,0.03,-0.1,0.21,80.12,80.12,80.12,80.12,24920,24920,24920,24920,2.8,2.8,2.8,2.8,978002.26,978002.26,978002.26,978002.26,7.33,2.39,6.79,6.81
9/7/2024,50.97,0.19,83.48,25030,3.4,778887.55,31.59,50.78,50.74,50.46,50.43,0.04,0.28,0.03,-0.1,80.12,80.12,80.12,80.12,24920,24920,24920,24920,2.8,2.8,2.8,2.8,978002.26,978002.26,978002.26,978002.26,10.82,7.33,2.39,6.79
9/14/2024,50.83,-0.14,83.48,25030,3.4,778887.55,7.63,50.97,50.78,50.74,50.46,0.19,0.04,0.28,0.03,83.48,80.12,80.12,80.12,25030,24920,24920,24920,3.4,2.8,2.8,2.8,778887.55,978002.26,978002.26,978002.26,31.59,10.82,7.33,2.39
9/21/2024,50.38,-0.45,83.48,25030,3.4,778887.55,11.91,50.83,50.97,50.78,50.74,-0.14,0.19,0.04,0.28,83.48,83.48,80.12,80.12,25030,25030,24920,24920,3.4,3.4,2.8,2.8,778887.55,778887.55,978002.26,978002.26,7.63,31.59,10.82,7.33
9/28/2024,50.67,0.29,83.48,25030,3.4,778887.55,1.88,50.38,50.83,50.97,50.78,-0.45,-0.14,0.19,0.04,83.48,83.48,83.48,80.12,25030,25030,25030,24920,3.4,3.4,3.4,2.8,778887.55,778887.55,778887.55,978002.26,11.91,7.63,31.59,10.82
10/5/2024,50.49,-0.18,85.41,24550,3.7,630285.38,5.6,50.67,50.38,50.83,50.97,0.29,-0.45,-0.14,0.19,83.48,83.48,83.48,83.48,25030,25030,25030,25030,3.4,3.4,3.4,3.4,778887.55,778887.55,778887.55,778887.55,1.88,11.91,7.63,31.59
10/12/2024,50.14,-0.35,85.41,24550,3.7,630285.38,11.93,50.49,50.67,50.38,50.83,-0.18,0.29,-0.45,-0.14,85.41,83.48,83.48,83.48,24550,25030,25030,25030,3.7,3.4,3.4,3.4,630285.38,778887.55,778887.55,778887.55,5.6,1.88,11.91,7.63
10/19/2024,49.92,-0.22,85.41,24550,3.7,630285.38,6.33,50.14,50.49,50.67,50.38,-0.35,-0.18,0.29,-0.45,85.41,85.41,83.48,83.48,24550,24550,25030,25030,3.7,3.7,3.4,3.4,630285.38,630285.38,778887.55,778887.55,11.93,5.6,1.88,11.91
10/26/2024,49.69,-0.23,85.41,24550,3.7,630285.38,49.32,49.92,50.14,50.49,50.67,-0.22,-0.35,-0.18,0.29,85.41,85.41,85.41,83.48,24550,24550,24550,25030,3.7,3.7,3.7,3.4,630285.38,630285.38,630285.38,778887.55,6.33,11.93,5.6,1.88
11/2/2024,49.4,-0.29,89.94,24510,3.8,876590,1.64,49.69,49.92,50.14,50.49,-0.23,-0.22,-0.35,-0.18,85.41,85.41,85.41,85.41,24550,24550,24550,24550,3.7,3.7,3.7,3.7,630285.38,630285.38,630285.38,630285.38,49.32,6.33,11.93,5.6
11/9/2024,49.4,0,89.94,24510,3.8,876590,7.17,49.4,49.69,49.92,50.14,-0.29,-0.23,-0.22,-0.35,89.94,85.41,85.41,85.41,24510,24550,24550,24550,3.8,3.7,3.7,3.7,876590,630285.38,630285.38,630285.38,1.64,49.32,6.33,11.93
11/16/2024,47.93,-1.47,89.94,24510,3.8,876590,2.29,49.4,49.4,49.69,49.92,0,-0.29,-0.23,-0.22,89.94,89.94,85.41,85.41,24510,24510,24550,24550,3.8,3.8,3.7,3.7,876590,876590,630285.38,630285.38,7.17,1.64,49.32,6.33
11/23/2024,47.65,-0.28,89.94,24510,3.8,876590,6.41,47.93,49.4,49.4,49.69,-1.47,0,-0.29,-0.23,89.94,89.94,89.94,85.41,24510,24510,24510,24550,3.8,3.8,3.8,3.7,876590,876590,876590,630285.38,2.29,7.17,1.64,49.32
11/30/2024,48.24,0.59,89.94,24510,3.8,876590,7.08,47.65,47.93,49.4,49.4,-0.28,-1.47,0,-0.29,89.94,89.94,89.94,89.94,24510,24510,24510,24510,3.8,3.8,3.8,3.8,876590,876590,876590,876590,6.41,2.29,7.17,1.64
12/7/2024,47.05,-1.19,81.75,24790,3.9,1142655.42,16.96,48.24,47.65,47.93,49.4,0.59,-0.28,-1.47,0,89.94,89.94,89.94,89.94,24510,24510,24510,24510,3.8,3.8,3.8,3.8,876590,876590,876590,876590,7.08,6.41,2.29,7.17
12/14/2024,46.65,-0.4,81.75,24790,3.9,1142655.42,20.17,47.05,48.24,47.65,47.93,-1.19,0.59,-0.28,-1.47,81.75,89.94,89.94,89.94,24790,24510,24510,24510,3.9,3.8,3.8,3.8,1142655.42,876590,876590,876590,16.96,7.08,6.41,2.29
12/21/2024,46.86,0.21,81.75,24790,3.9,1142655.42,11.81,46.65,47.05,48.24,47.65,-0.4,-1.19,0.59,-0.28,81.75,81.75,89.94,89.94,24790,24790,24510,24510,3.9,3.9,3.8,3.8,1142655.42,1142655.42,876590,876590,20.17,16.96,7.08,6.41
12/28/2024,46.68,-0.18,81.75,24790,3.9,1142655.42,22.59,46.86,46.65,47.05,48.24,0.21,-0.4,-1.19,0.59,81.75,81.75,81.75,89.94,24790,24790,24790,24510,3.9,3.9,3.9,3.8,1142655.42,1142655.42,1142655.42,876590,11.81,20.17,16.96,7.08
1/4/2025,46.57,-0.11,82.25,24650,3.7,1328853.71,15.1,46.68,46.86,46.65,47.05,-0.18,0.21,-0.4,-1.19,81.75,81.75,81.75,81.75,24790,24790,24790,24790,3.9,3.9,3.9,3.9,1142655.42,1142655.42,1142655.42,1142655.42,22.59,11.81,20.17,16.96
1/11/2025,46.61,0.04,82.25,24650,3.7,1328853.71,6.07,46.57,46.68,46.86,46.65,-0.11,-0.18,0.21,-0.4,82.25,81.75,81.75,81.75,24650,24790,24790,24790,3.7,3.9,3.9,3.9,1328853.71,1142655.42,1142655.42,1142655.42,15.1,22.59,11.81,20.17
1/18/2025,46.68,0.07,82.25,24650,3.7,1328853.71,10.45,46.61,46.57,46.68,46.86,0.04,-0.11,-0.18,0.21,82.25,82.25,81.75,81.75,24650,24650,24790,24790,3.7,3.7,3.9,3.9,1328853.71,1328853.71,1142655.42,1142655.42,6.07,15.1,22.59,11.81
1/25/2025,46.81,0.13,82.25,24650,3.7,1328853.71,1.97,46.68,46.61,46.57,46.68,0.07,0.04,-0.11,-0.18,82.25,82.25,82.25,81.75,24650,24650,24650,24790,3.7,3.7,3.7,3.9,1328853.71,1328853.71,1328853.71,1142655.42,10.45,6.07,15.1,22.59
2/1/2025,46.7,-0.11,85.15,24360,4.4,1324469.14,6.95,46.81,46.68,46.61,46.57,0.13,0.07,0.04,-0.11,82.25,82.25,82.25,82.25,24650,24650,24650,24650,3.7,3.7,3.7,3.7,1328853.71,1328853.71,1328853.71,1328853.71,1.97,10.45,6.07,15.1
2/8/2025,46.55,-0.15,85.15,24360,4.4,1324469.14,10.05,46.7,46.81,46.68,46.61,-0.11,0.13,0.07,0.04,85.15,82.25,82.25,82.25,24360,24650,24650,24650,4.4,3.7,3.7,3.7,1324469.14,1328853.71,1328853.71,1328853.71,6.95,1.97,10.45,6.07
2/15/2025,46.64,0.09,85.15,24360,4.4,1324469.14,12.28,46.55,46.7,46.81,46.68,-0.15,-0.11,0.13,0.07,85.15,85.15,82.25,82.25,24360,24360,24650,24650,4.4,4.4,3.7,3.7,1324469.14,1324469.14,1328853.71,1328853.71,10.05,6.95,1.97,10.45
2/22/2025,46.78,0.14,85.15,24360,4.4,1324469.14,7.24,46.64,46.55,46.7,46.81,0.09,-0.15,-0.11,0.13,85.15,85.15,85.15,82.25,24360,24360,24360,24650,4.4,4.4,4.4,3.7,1324469.14,1324469.14,1324469.14,1328853.71,12.28,10.05,6.95,1.97
3/1/2025,46.74,-0.04,80.36,23440,3.3,1165003.64,1.93,46.78,46.64,46.55,46.7,0.14,0.09,-0.15,-0.11,85.15,85.15,85.15,85.15,24360,24360,24360,24360,4.4,4.4,4.4,4.4,1324469.14,1324469.14,1324469.14,1324469.14,7.24,12.28,10.05,6.95
3/8/2025,46.84,0.1,80.36,23440,3.3,1165003.64,4.8,46.74,46.78,46.64,46.55,-0.04,0.14,0.09,-0.15,80.36,85.15,85.15,85.15,23440,24360,24360,24360,3.3,4.4,4.4,4.4,1165003.64,1324469.14,1324469.14,1324469.14,1.93,7.24,12.28,10.05
3/15/2025,46.4,-0.44,80.36,23440,3.3,1165003.64,5.38,46.84,46.74,46.78,46.64,0.1,-0.04,0.14,0.09,80.36,80.36,85.15,85.15,23440,23440,24360,24360,3.3,3.3,4.4,4.4,1165003.64,1165003.64,1324469.14,1324469.14,4.8,1.93,7.24,12.28
3/22/2025,45.97,-0.43,80.36,23440,3.3,1165003.64,2.45,46.4,46.84,46.74,46.78,-0.44,0.1,-0.04,0.14,80.36,80.36,80.36,85.15,23440,23440,23440,24360,3.3,3.3,3.3,4.4,1165003.64,1165003.64,1165003.64,1324469.14,5.38,4.8,1.93,7.24
3/29/2025,46.07,0.1,80.36,23440,3.3,1165003.64,3.58,45.97,46.4,46.84,46.74,-0.43,-0.44,0.1,-0.04,80.36,80.36,80.36,80.36,23440,23440,23440,23440,3.3,3.3,3.3,3.3,1165003.64,1165003.64,1165003.64,1165003.64,2.45,5.38,4.8,1.93
4/5/2025,45.49,-0.58,74.02,22330,1.9,1050261.77,7.15,46.07,45.97,46.4,46.84,0.1,-0.43,-0.44,0.1,80.36,80.36,80.36,80.36,23440,23440,23440,23440,3.3,3.3,3.3,3.3,1165003.64,1165003.64,1165003.64,1165003.64,3.58,2.45,5.38,4.8
4/12/2025,45.35,-0.14,74.02,22330,1.9,1050261.77,0.7,45.49,46.07,45.97,46.4,-0.58,0.1,-0.43,-0.44,74.02,80.36,80.36,80.36,22330,23440,23440,23440,1.9,3.3,3.3,3.3,1050261.77,1165003.64,1165003.64,1165003.64,7.15,3.58,2.45,5.38
4/19/2025,45.41,0.06,74.02,22330,1.9,1050261.77,0.45,45.35,45.49,46.07,45.97,-0.14,-0.58,0.1,-0.43,74.02,74.02,80.36,80.36,22330,22330,23440,23440,1.9,1.9,3.3,3.3,1050261.77,1050261.77,1165003.64,1165003.64,0.7,7.15,3.58,2.45
4/26/2025,45.15,-0.26,74.02,22330,1.9,1050261.77,0.06,45.41,45.35,45.49,46.07,0.06,-0.14,-0.58,0.1,74.02,74.02,74.02,80.36,22330,22330,22330,23440,1.9,1.9,1.9,3.3,1050261.77,1050261.77,1050261.77,1165003.64,0.45,0.7,7.15,3.58
5/3/2025,45.24,0.09,75.63,20470,2.3,1210759.99,3.86,45.15,45.41,45.35,45.49,-0.26,0.06,-0.14,-0.58,74.02,74.02,74.02,74.02,22330,22330,22330,22330,1.9,1.9,1.9,1.9,1050261.77,1050261.77,1050261.77,1050261.77,0.06,0.45,0.7,7.15
5/10/2025,45.08,-0.16,75.63,20470,2.3,1210759.99,8.79,45.24,45.15,45.41,45.35,0.09,-0.26,0.06,-0.14,75.63,74.02,74.02,74.02,20470,22330,22330,22330,2.3,1.9,1.9,1.9,1210759.99,1050261.77,1050261.77,1050261.77,3.86,0.06,0.45,0.7
5/17/2025,44.95,-0.13,75.63,20470,2.3,1210759.99,7.13,45.08,45.24,45.15,45.41,-0.16,0.09,-0.26,0.06,75.63,75.63,74.02,74.02,20470,20470,22330,22330,2.3,2.3,1.9,1.9,1210759.99,1210759.99,1050261.77,1050261.77,8.79,3.86,0.06,0.45
5/24/2025,44.8,-0.15,75.63,20470,2.3,1210759.99,3.33,44.95,45.08,45.24,45.15,-0.13,-0.16,0.09,-0.26,75.63,75.63,75.63,74.02,20470,20470,20470,22330,2.3,2.3,2.3,1.9,1210759.99,1210759.99,1210759.99,1050261.77,7.13,8.79,3.86,0.06
5/31/2025,44.7,-0.1,75.63,20470,2.3,1210759.99,8.41,44.8,44.95,45.08,45.24,-0.15,-0.13,-0.16,0.09,75.63,75.63,75.63,75.63,20470,20470,20470,20470,2.3,2.3,2.3,2.3,1210759.99,1210759.99,1210759.99,1210759.99,3.33,7.13,8.79,3.86
6/7/2025,44.56,-0.14,74.35,20230,2.5,1418557.09,8.58,44.7,44.8,44.95,45.08,-0.1,-0.15,-0.13,-0.16,75.63,75.63,75.63,75.63,20470,20470,20470,20470,2.3,2.3,2.3,2.3,1210759.99,1210759.99,1210759.99,1210759.99,8.41,3.33,7.13,8.79
6/14/2025,44.7,0.14,74.35,20230,2.5,1418557.09,8.21,44.56,44.7,44.8,44.95,-0.14,-0.1,-0.15,-0.13,74.35,75.63,75.63,75.63,20230,20470,20470,20470,2.5,2.3,2.3,2.3,1418557.09,1210759.99,1210759.99,1210759.99,8.58,8.41,3.33,7.13
6/21/2025,44.56,-0.14,74.35,20230,2.5,1418557.09,11.4,44.7,44.56,44.7,44.8,0.14,-0.14,-0.1,-0.15,74.35,74.35,75.63,75.63,20230,20230,20470,20470,2.5,2.5,2.3,2.3,1418557.09,1418557.09,1210759.99,1210759.99,8.21,8.58,8.41,3.33
6/28/2025,44.3,-0.26,74.35,20230,2.5,1418557.09,12.81,44.56,44.7,44.56,44.7,-0.14,0.14,-0.14,-0.1,74.35,74.35,74.35,75.63,20230,20230,20230,20470,2.5,2.5,2.5,2.3,1418557.09,1418557.09,1418557.09,1210759.99,11.4,8.21,8.58,8.41
7/5/2025,44.08,-0.22,73.86,20700,2.9,1514261.25,9.94,44.3,44.56,44.7,44.56,-0.26,-0.14,0.14,-0.14,74.35,74.35,74.35,74.35,20230,20230,20230,20230,2.5,2.5,2.5,2.5,1418557.09,1418557.09,1418557.09,1418557.09,12.81,11.4,8.21,8.58
7/12/2025,43.88,-0.2,73.86,20700,2.9,1514261.25,5.33,44.08,44.3,44.56,44.7,-0.22,-0.26,-0.14,0.14,73.86,74.35,74.35,74.35,20700,20230,20230,20230,2.9,2.5,2.5,2.5,1514261.25,1418557.09,1418557.09,1418557.09,9.94,12.81,11.4,8.21
7/19/2025,43.67,-0.21,73.86,20700,2.9,1514261.25,16.06,43.88,44.08,44.3,44.56,-0.2,-0.22,-0.26,-0.14,73.86,73.86,74.35,74.35,20700,20700,20230,20230,2.9,2.9,2.5,2.5,1514261.25,1514261.25,1418557.09,1418557.09,5.33,9.94,12.81,11.4
7/26/2025,43.7,0.03,73.86,20700,2.9,1514261.25,43.26,43.67,43.88,44.08,44.3,-0.21,-0.2,-0.22,-0.26,73.86,73.86,73.86,74.35,20700,20700,20700,20230,2.9,2.9,2.9,2.5,1514261.25,1514261.25,1514261.25,1418557.09,16.06,5.33,9.94,12.81
8/2/2025,43.52,-0.18,79.27,20680,2.9,860797.99,3.56,43.7,43.67,43.88,44.08,0.03,-0.21,-0.2,-0.22,73.86,73.86,73.86,73.86,20700,20700,20700,20700,2.9,2.9,2.9,2.9,1514261.25,1514261.25,1514261.25,1514261.25,43.26,16.06,5.33,9.94
8/9/2025,43.42,-0.1,79.27,20680,2.9,860797.99,3.63,43.52,43.7,43.67,43.88,-0.18,0.03,-0.21,-0.2,79.27,73.86,73.86,73.86,20680,20700,20700,20700,2.9,2.9,2.9,2.9,860797.99,1514261.25,1514261.25,1514261.25,3.56,43.26,16.06,5.33
8/16/2025,43.52,0.1,79.27,20680,2.9,860797.99,11.18,43.42,43.52,43.7,43.67,-0.1,-0.18,0.03,-0.21,79.27,79.27,73.86,73.86,20680,20680,20700,20700,2.9,2.9,2.9,2.9,860797.99,860797.99,1514261.25,1514261.25,3.63,3.56,43.26,16.06
8/23/2025,43.46,-0.06,79.27,20680,2.9,860797.99,10.35,43.52,43.42,43.52,43.7,0.1,-0.1,-0.18,0.03,79.27,79.27,79.27,73.86,20680,20680,20680,20700,2.9,2.9,2.9,2.9,860797.99,860797.99,860797.99,1514261.25,11.18,3.63,3.56,43.26
8/30/2025,43.52,0.06,79.27,20680,2.9,860797.99,15.08,43.46,43.52,43.42,43.52,-0.06,0.1,-0.1,-0.18,79.27,79.27,79.27,79.27,20680,20680,20680,20680,2.9,2.9,2.9,2.9,860797.99,860797.99,860797.99,860797.99,10.35,11.18,3.63,3.56
9/6/2025,43.26,-0.26,75.44,20290,2.1,922495.98,11.41,43.52,43.46,43.52,43.42,0.06,-0.06,0.1,-0.1,79.27,79.27,79.27,79.27,20680,20680,20680,20680,2.9,2.9,2.9,2.9,860797.99,860797.99,860797.99,860797.99,15.08,10.35,11.18,3.63
9/13/2025,43.22,-0.04,75.44,20290,2.1,922495.98,15.12,43.26,43.52,43.46,43.52,-0.26,0.06,-0.06,0.1,75.44,79.27,79.27,79.27,20290,20680,20680,20680,2.1,2.9,2.9,2.9,922495.98,860797.99,860797.99,860797.99,11.41,15.08,10.35,11.18
9/20/2025,43.08,-0.14,75.44,20290,2.1,922495.98,14.93,43.22,43.26,43.52,43.46,-0.04,-0.26,0.06,-0.06,75.44,75.44,79.27,79.27,20290,20290,20680,20680,2.1,2.1,2.9,2.9,922495.98,922495.98,860797.99,860797.99,15.12,11.41,15.08,10.35
9/27/2025,43.1,0.02,75.44,20290,2.1,922495.98,20.68,43.08,43.22,43.26,43.52,-0.14,-0.04,-0.26,0.06,75.44,75.44,75.44,79.27,20290,20290,20290,20680,2.1,2.1,2.1,2.9,922495.98,922495.98,922495.98,860797.99,14.93,15.12,11.41,15.08
10/4/2025,43.26,0.16,72.73,18570,1.8,527777.55,13,43.1,43.08,43.22,43.26,0.02,-0.14,-0.04,-0.26,75.44,75.44,75.44,75.44,20290,20290,20290,20290,2.1,2.1,2.1,2.1,922495.98,922495.98,922495.98,922495.98,20.68,14.93,15.12,11.41
10/11/2025,43.43,0.17,72.73,18570,1.8,527777.55,12.07,43.26,43.1,43.08,43.22,0.16,0.02,-0.14,-0.04,72.73,75.44,75.44,75.44,18570,20290,20290,20290,1.8,2.1,2.1,2.1,527777.55,922495.98,922495.98,922495.98,13,20.68,14.93,15.12
10/18/2025,43.03,-0.4,72.73,18570,1.8,527777.55,14.21,43.43,43.26,43.1,43.08,0.17,0.16,0.02,-0.14,72.73,72.73,75.44,75.44,18570,18570,20290,20290,1.8,1.8,2.1,2.1,527777.55,527777.55,922495.98,922495.98,12.07,13,20.68,14.93
10/25/2025,42.72,-0.31,72.73,18570,1.8,527777.55,14.96,43.03,43.43,43.26,43.1,-0.4,0.17,0.16,0.02,72.73,72.73,72.73,75.44,18570,18570,18570,20290,1.8,1.8,1.8,2.1,527777.55,527777.55,527777.55,922495.98,14.21,12.07,13,20.68
11/1/2025,42.26,-0.46,68.13,17690,1.4,820838.11,13.94,42.72,43.03,43.43,43.26,-0.31,-0.4,0.17,0.16,72.73,72.73,72.73,72.73,18570,18570,18570,18570,1.8,1.8,1.8,1.8,527777.55,527777.55,527777.55,527777.55,14.96,14.21,12.07,13
11/8/2025,42.23,-0.03,68.13,17690,1.4,820838.11,20.16,42.26,42.72,43.03,43.43,-0.46,-0.31,-0.4,0.17,68.13,72.73,72.73,72.73,17690,18570,18570,18570,1.4,1.8,1.8,1.8,820838.11,527777.55,527777.55,527777.55,13.94,14.96,14.21,12.07
11/15/2025,42.33,0.1,68.13,17690,1.4,820838.11,24.78,42.23,42.26,42.72,43.03,-0.03,-0.46,-0.31,-0.4,68.13,68.13,72.73,72.73,17690,17690,18570,18570,1.4,1.4,1.8,1.8,820838.11,820838.11,527777.55,527777.55,20.16,13.94,14.96,14.21
11/22/2025,43.04,0.71,68.13,17690,1.4,820838.11,12.22,42.33,42.23,42.26,42.72,0.1,-0.03,-0.46,-0.31,68.13,68.13,68.13,72.73,17690,17690,17690,18570,1.4,1.4,1.4,1.8,820838.11,820838.11,820838.11,527777.55,24.78,20.16,13.94,14.96
11/29/2025,43.11,0.07,68.13,17690,1.4,820838.11,18.43,43.04,42.33,42.23,42.26,0.71,0.1,-0.03,-0.46,68.13,68.13,68.13,68.13,17690,17690,17690,17690,1.4,1.4,1.4,1.4,820838.11,820838.11,820838.11,820838.11,12.22,24.78,20.16,13.94
12/6/2025,43.45,0.34,64.45,17750,1.3,803439.85,7.05,43.11,43.04,42.33,42.23,0.07,0.71,0.1,-0.03,68.13,68.13,68.13,68.13,17690,17690,17690,17690,1.4,1.4,1.4,1.4,820838.11,820838.11,820838.11,820838.11,18.43,12.22,24.78,20.16
12/13/2025,43.55,0.1,64.45,17750,1.3,803439.85,14.98,43.45,43.11,43.04,42.33,0.34,0.07,0.71,0.1,64.45,68.13,68.13,68.13,17750,17690,17690,17690,1.3,1.4,1.4,1.4,803439.85,820838.11,820838.11,820838.11,7.05,18.43,12.22,24.78
12/20/2025,43.68,0.13,64.45,17750,1.3,803439.85,17.67,43.55,43.45,43.11,43.04,0.1,0.34,0.07,0.71,64.45,64.45,68.13,68.13,17750,17750,17690,17690,1.3,1.3,1.4,1.4,803439.85,803439.85,820838.11,820838.11,14.98,7.05,18.43,12.22
12/27/2025,43.83,0.15,64.45,17750,1.3,803439.85,9.17,43.68,43.55,43.45,43.11,0.13,0.1,0.34,0.07,64.45,64.45,64.45,68.13,17750,17750,17750,17690,1.3,1.3,1.3,1.4,803439.85,803439.85,803439.85,820838.11,17.67,14.98,7.05,18.43
1/3/2026,43.83,0,71.44,16990,1.4,814385.31,6.82,43.83,43.68,43.55,43.45,0.15,0.13,0.1,0.34,64.45,64.45,64.45,64.45,17750,17750,17750,17750,1.3,1.3,1.3,1.3,803439.85,803439.85,803439.85,803439.85,9.17,17.67,14.98,7.05
1/10/2026,44.17,0.34,71.44,16990,1.4,814385.31,13.86,43.83,43.83,43.68,43.55,0,0.15,0.13,0.1,71.44,64.45,64.45,64.45,16990,17750,17750,17750,1.4,1.3,1.3,1.3,814385.31,803439.85,803439.85,803439.85,6.82,9.17,17.67,14.98
1/17/2026,44.44,0.27,71.44,16990,1.4,814385.31,5.24,44.17,43.83,43.83,43.68,0.34,0,0.15,0.13,71.44,71.44,64.45,64.45,16990,16990,17750,17750,1.4,1.4,1.3,1.3,814385.31,814385.31,803439.85,803439.85,13.86,6.82,9.17,17.67
1/24/2026,44.52,0.08,71.44,16990,1.4,814385.31,1.55,44.44,44.17,43.83,43.83,0.27,0.34,0,0.15,71.44,71.44,71.44,64.45,16990,16990,16990,17750,1.4,1.4,1.4,1.3,814385.31,814385.31,814385.31,803439.85,5.24,13.86,6.82,9.17
1/31/2026,44.92,0.4,71.44,16990,1.4,814385.31,4.21,44.52,44.44,44.17,43.83,0.08,0.27,0.34,0,71.44,71.44,71.44,71.44,16990,16990,16990,16990,1.4,1.4,1.4,1.4,814385.31,814385.31,814385.31,814385.31,1.55,5.24,13.86,6.82
2/7/2026,45.41,0.49,71.04,17360,0.9,1343908.45,1.84,44.92,44.52,44.44,44.17,0.4,0.08,0.27,0.34,71.44,71.44,71.44,71.44,16990,16990,16990,16990,1.4,1.4,1.4,1.4,814385.31,814385.31,814385.31,814385.31,4.21,1.55,5.24,13.86
2/14/2026,45.46,0.05,71.04,17360,0.9,1343908.45,12.2,45.41,44.92,44.52,44.44,0.49,0.4,0.08,0.27,71.04,71.44,71.44,71.44,17360,16990,16990,16990,0.9,1.4,1.4,1.4,1343908.45,814385.31,814385.31,814385.31,1.84,4.21,1.55,5.24
2/21/2026,45.93,0.47,71.04,17360,0.9,1343908.45,3.4,45.46,45.41,44.92,44.52,0.05,0.49,0.4,0.08,71.04,71.04,71.44,71.44,17360,17360,16990,16990,0.9,0.9,1.4,1.4,1343908.45,1343908.45,814385.31,814385.31,12.2,1.84,4.21,1.55
2/28/2026,46.06,0.13,71.04,17360,0.9,1343908.45,1.45,45.93,45.46,45.41,44.92,0.47,0.05,0.49,0.4,71.04,71.04,71.04,71.44,17360,17360,17360,16990,0.9,0.9,0.9,1.4,1343908.45,1343908.45,1343908.45,814385.31,3.4,12.2,1.84,4.21
3/7/2026,46.44,0.38,67.87,17060,1.5,1030751.52,0.58,46.06,45.93,45.46,45.41,0.13,0.47,0.05,0.49,71.04,71.04,71.04,71.04,17360,17360,17360,17360,0.9,0.9,0.9,0.9,1343908.45,1343908.45,1343908.45,1343908.45,1.45,3.4,12.2,1.84
3/14/2026,46.4,-0.04,67.87,17060,1.5,1030751.52,2.32,46.44,46.06,45.93,45.46,0.38,0.13,0.47,0.05,67.87,71.04,71.04,71.04,17060,17360,17360,17360,1.5,0.9,0.9,0.9,1030751.52,1343908.45,1343908.45,1343908.45,0.58,1.45,3.4,12.2
3/21/2026,47.5,1.1,67.87,17060,1.5,1030751.52,0.8,46.4,46.44,46.06,45.93,-0.04,0.38,0.13,0.47,67.87,67.87,71.04,71.04,17060,17060,17360,17360,1.5,1.5,0.9,0.9,1030751.52,1030751.52,1343908.45,1343908.45,2.32,0.58,1.45,3.4
3/28/2026,48.95,1.45,67.87,17060,1.5,1030751.52,0.54,47.5,46.4,46.44,46.06,1.1,-0.04,0.38,0.13,67.87,67.87,67.87,71.04,17060,17060,17060,17360,1.5,1.5,1.5,0.9,1030751.52,1030751.52,1030751.52,1343908.45,0.8,2.32,0.58,1.45
4/4/2026,49.76,0.81,67.99,15600,1.7,815346.38,0.01,48.95,47.5,46.4,46.44,1.45,1.1,-0.04,0.38,67.87,67.87,67.87,67.87,17060,17060,17060,17060,1.5,1.5,1.5,1.5,1030751.52,1030751.52,1030751.52,1030751.52,0.54,0.8,2.32,0.58
4/11/2026,49.85,0.09,67.99,15600,1.7,815346.38,0.07,49.76,48.95,47.5,46.4,0.81,1.45,1.1,-0.04,67.99,67.87,67.87,67.87,15600,17060,17060,17060,1.7,1.5,1.5,1.5,815346.38,1030751.52,1030751.52,1030751.52,0.01,0.54,0.8,2.32
4/18/2026,50.01,0.16,67.99,15600,1.7,815346.38,0,49.85,49.76,48.95,47.5,0.09,0.81,1.45,1.1,67.99,67.99,67.87,67.87,15600,15600,17060,17060,1.7,1.7,1.5,1.5,815346.38,815346.38,1030751.52,1030751.52,0.07,0.01,0.54,0.8
4/25/2026,50.45,0.44,67.99,15600,1.7,815346.38,0.33,50.01,49.85,49.76,48.95,0.16,0.09,0.81,1.45,67.99,67.99,67.99,67.87,15600,15600,15600,17060,1.7,1.7,1.7,1.5,815346.38,815346.38,815346.38,1030751.52,0,0.07,0.01,0.54
5/2/2026,50.61,0.16,64.54,15890,1.7,954908.93,1.1,50.45,50.01,49.85,49.76,0.44,0.16,0.09,0.81,67.99,67.99,67.99,67.99,15600,15600,15600,15600,1.7,1.7,1.7,1.7,815346.38,815346.38,815346.38,815346.38,0.33,0,0.07,0.01
5/9/2026,50.6,-0.01,64.54,15890,1.7,954908.93,1.58,50.61,50.45,50.01,49.85,0.16,0.44,0.16,0.09,64.54,67.99,67.99,67.99,15890,15600,15600,15600,1.7,1.7,1.7,1.7,954908.93,815346.38,815346.38,815346.38,1.1,0.33,0,0.07
5/16/2026,50.27,-0.33,64.54,15890,1.7,954908.93,2.51,50.6,50.61,50.45,50.01,-0.01,0.16,0.44,0.16,64.54,64.54,67.99,67.99,15890,15890,15600,15600,1.7,1.7,1.7,1.7,954908.93,954908.93,815346.38,815346.38,1.58,1.1,0.33,0
5/23/2026,49.99,-0.28,64.54,15890,1.7,954908.93,3.48,50.27,50.6,50.61,50.45,-0.33,-0.01,0.16,0.44,64.54,64.54,64.54,67.99,15890,15890,15890,15600,1.7,1.7,1.7,1.7,954908.93,954908.93,954908.93,815346.38,2.51,1.58,1.1,0.33
5/30/2026,49.74,-0.25,64.54,15890,1.7,954908.93,2.29,49.99,50.27,50.6,50.61,-0.28,-0.33,-0.01,0.16,64.54,64.54,64.54,64.54,15890,15890,15890,15890,1.7,1.7,1.7,1.7,954908.93,954908.93,954908.93,954908.93,3.48,2.51,1.58,1.1
6/6/2026,49.78,0.04,63.8,15980,1.5,944142.43,5.03,49.74,49.99,50.27,50.6,-0.25,-0.28,-0.33,-0.01,64.54,64.54,64.54,64.54,15890,15890,15890,15890,1.7,1.7,1.7,1.7,954908.93,954908.93,954908.93,954908.93,2.29,3.48,2.51,1.58
6/13/2026,49.55,-0.23,63.8,15980,1.5,944142.43,3.04,49.78,49.74,49.99,50.27,0.04,-0.25,-0.28,-0.33,63.8,64.54,64.54,64.54,15980,15890,15890,15890,1.5,1.7,1.7,1.7,944142.43,954908.93,954908.93,954908.93,5.03,2.29,3.48,2.51
6/20/2026,49.31,-0.24,63.8,15980,1.5,944142.43,4,49.55,49.78,49.74,49.99,-0.23,0.04,-0.25,-0.28,63.8,63.8,64.54,64.54,15980,15980,15890,15890,1.5,1.5,1.7,1.7,944142.43,944142.43,954908.93,954908.93,3.04,5.03,2.29,3.48
6/27/2026,49.31,0,63.8,15980,1.5,944142.43,3.6,49.31,49.55,49.78,49.74,-0.24,-0.23,0.04,-0.25,63.8,63.8,63.8,64.54,15980,15980,15980,15890,1.5,1.5,1.5,1.7,944142.43,944142.43,944142.43,954908.93,4,3.04,5.03,2.29
