Date,Price,Brent_Oil_USD,Farmgate_LCU_tonne,Inflation_Rate,Stocks_MT,Rainfall_mm,Origin,Variety,Series
9/1/2023,58.305,82.59,18190,8.6,541210,8.45,Local,Special,Local Special
10/1/2023,58.145,78.43,18570,7.6,494252.94,8.6175,Local,Special,Local Special
11/1/2023,59.4375,84.64,18790,6.6,728730.7,10.03,Local,Special,Local Special
12/1/2023,60.966,75.47,19060,6.1,787970.99,11.216,Local,Special,Local Special
1/1/2024,61.255,74.84,19230,5.4,848107.9,3.275,Local,Special,Local Special
2/1/2024,61.23,80.11,19440,4.7,984761.41,1.3175,Local,Special,Local Special
3/1/2024,60.93,86.15,22160,5.3,945096.67,2.174,Local,Special,Local Special
4/1/2024,60.9625,93.72,19910,6.1,902290.44,0.4275,Local,Special,Local Special
5/1/2024,60.73,90.6,20600,4.9,1080905.36,4.27,Local,Special,Local Special
6/1/2024,60.662,82.94,21950,4.1,901106.38,10.908,Local,Special,Local Special
7/1/2024,60.325,77.63,22890,3.9,851875.81,18.34,Local,Special,Local Special
8/1/2024,59.996,80.12,24920,2.8,978002.26,6.828,Local,Special,Local Special
9/1/2024,60.195,83.48,25030,3.4,778887.55,13.2525,Local,Special,Local Special
10/1/2024,60.305,85.41,24550,3.7,630285.38,18.295,Local,Special,Local Special
11/1/2024,59.962,89.94,24510,3.8,876590,4.918,Local,Special,Local Special
12/1/2024,59.57,81.75,24790,3.9,1142655.42,17.8825,Local,Special,Local Special
1/1/2025,59.4175,82.25,24650,3.7,1328853.71,8.3975,Local,Special,Local Special
2/1/2025,58.9775,85.15,24360,4.4,1324469.14,9.13,Local,Special,Local Special
3/1/2025,57.522,80.36,23440,3.3,1165003.64,3.628,Local,Special,Local Special
4/1/2025,58.09,74.02,22330,1.9,1050261.77,2.09,Local,Special,Local Special
5/1/2025,57.88,75.63,20470,2.3,1210759.99,6.304,Local,Special,Local Special
6/1/2025,57.7525,74.35,20230,2.5,1418557.09,10.25,Local,Special,Local Special
7/1/2025,57.725,73.86,20700,2.9,1514261.25,18.6475,Local,Special,Local Special
8/1/2025,57.256,79.27,20680,2.9,860797.99,8.76,Local,Special,Local Special
9/1/2025,57.1225,75.44,20290,2.1,922495.98,15.535,Local,Special,Local Special
10/1/2025,57.05,72.73,18570,1.8,527777.55,13.56,Local,Special,Local Special
11/1/2025,56.974,68.13,17690,1.4,820838.11,17.906,Local,Special,Local Special
12/1/2025,57.4725,64.45,17750,1.3,803439.85,12.2175,Local,Special,Local Special
1/1/2026,57.954,71.44,16990,1.4,814385.31,6.336,Local,Special,Local Special
2/1/2026,58.9,71.04,17360,0.9,1343908.45,4.7225,Local,Special,Local Special
3/1/2026,59.82,67.87,17060,1.5,1030751.52,1.06,Local,Special,Local Special
4/1/2026,60.64,67.99,15600,1.7,815346.38,0.1025,Local,Special,Local Special
5/1/2026,60.476,64.54,15890,1.7,954908.93,2.192,Local,Special,Local Special
6/1/2026,59.965,63.8,15980,1.5,944142.43,3.9175,Local,Special,Local Special
9/1/2023,53.675,82.59,18190,8.6,541210,8.45,Local,Premium,Local Premium
10/1/2023,52.8675,78.43,18570,7.6,494252.94,8.6175,Local,Premium,Local Premium
11/1/2023,53.6825,84.64,18790,6.6,728730.7,10.03,Local,Premium,Local Premium
12/1/2023,54.544,75.47,19060,6.1,787970.99,11.216,Local,Premium,Local Premium
1/1/2024,55.17,74.84,19230,5.4,848107.9,3.275,Local,Premium,Local Premium
2/1/2024,55.3175,80.11,19440,4.7,984761.41,1.3175,Local,Premium,Local Premium
3/1/2024,55.408,86.15,22160,5.3,945096.67,2.174,Local,Premium,Local Premium
4/1/2024,55.2425,93.72,19910,6.1,902290.44,0.4275,Local,Premium,Local Premium
5/1/2024,54.905,90.6,20600,4.9,1080905.36,4.27,Local,Premium,Local Premium
6/1/2024,54.804,82.94,21950,4.1,901106.38,10.908,Local,Premium,Local Premium
7/1/2024,54.555,77.63,22890,3.9,851875.81,18.34,Local,Premium,Local Premium
8/1/2024,54.384,80.12,24920,2.8,978002.26,6.828,Local,Premium,Local Premium
9/1/2024,54.4825,83.48,25030,3.4,778887.55,13.2525,Local,Premium,Local Premium
10/1/2024,54.7225,85.41,24550,3.7,630285.38,18.295,Local,Premium,Local Premium
11/1/2024,54.45,89.94,24510,3.8,876590,4.918,Local,Premium,Local Premium
12/1/2024,54.0825,81.75,24790,3.9,1142655.42,17.8825,Local,Premium,Local Premium
1/1/2025,53.2225,82.25,24650,3.7,1328853.71,8.3975,Local,Premium,Local Premium
2/1/2025,52.71,85.15,24360,4.4,1324469.14,9.13,Local,Premium,Local Premium
3/1/2025,52.698,80.36,23440,3.3,1165003.64,3.628,Local,Premium,Local Premium
4/1/2025,51.9525,74.02,22330,1.9,1050261.77,2.09,Local,Premium,Local Premium
5/1/2025,51.68,75.63,20470,2.3,1210759.99,6.304,Local,Premium,Local Premium
6/1/2025,51.5,74.35,20230,2.5,1418557.09,10.25,Local,Premium,Local Premium
7/1/2025,51.0275,73.86,20700,2.9,1514261.25,18.6475,Local,Premium,Local Premium
8/1/2025,50.67,79.27,20680,2.9,860797.99,8.76,Local,Premium,Local Premium
9/1/2025,49.8475,75.44,20290,2.1,922495.98,15.535,Local,Premium,Local Premium
10/1/2025,49.2725,72.73,18570,1.8,527777.55,13.56,Local,Premium,Local Premium
11/1/2025,48.85,68.13,17690,1.4,820838.11,17.906,Local,Premium,Local Premium
12/1/2025,50.2125,64.45,17750,1.3,803439.85,12.2175,Local,Premium,Local Premium
1/1/2026,50.976,71.44,16990,1.4,814385.31,6.336,Local,Premium,Local Premium
2/1/2026,52.08,71.04,17360,0.9,1343908.45,4.7225,Local,Premium,Local Premium
3/1/2026,54.02,67.87,17060,1.5,1030751.52,1.06,Local,Premium,Local Premium
4/1/2026,55.81,67.99,15600,1.7,815346.38,0.1025,Local,Premium,Local Premium
5/1/2026,55.474,64.54,15890,1.7,954908.93,2.192,Local,Premium,Local Premium
6/1/2026,54.5875,63.8,15980,1.5,944142.43,3.9175,Local,Premium,Local Premium
9/1/2023,45.26,82.59,18190,8.6,541210,8.45,Local,Well-milled,Local Well-milled
10/1/2023,45.5425,78.43,18570,7.6,494252.94,8.6175,Local,Well-milled,Local Well-milled
11/1/2023,48.09,84.64,18790,6.6,728730.7,10.03,Local,Well-milled,Local Well-milled
12/1/2023,50.44,75.47,19060,6.1,787970.99,11.216,Local,Well-milled,Local Well-milled
1/1/2024,51.76,74.84,19230,5.4,848107.9,3.275,Local,Well-milled,Local Well-milled
2/1/2024,52.1975,80.11,19440,4.7,984761.41,1.3175,Local,Well-milled,Local Well-milled
3/1/2024,52.144,86.15,22160,5.3,945096.67,2.174,Local,Well-milled,Local Well-milled
4/1/2024,51.93,93.72,19910,6.1,902290.44,0.4275,Local,Well-milled,Local Well-milled
5/1/2024,51.465,90.6,20600,4.9,1080905.36,4.27,Local,Well-milled,Local Well-milled
6/1/2024,51.482,82.94,21950,4.1,901106.38,10.908,Local,Well-milled,Local Well-milled
7/1/2024,50.76,77.63,22890,3.9,851875.81,18.34,Local,Well-milled,Local Well-milled
8/1/2024,50.588,80.12,24920,2.8,978002.26,6.828,Local,Well-milled,Local Well-milled
9/1/2024,50.7125,83.48,25030,3.4,778887.55,13.2525,Local,Well-milled,Local Well-milled
10/1/2024,50.06,85.41,24550,3.7,630285.38,18.295,Local,Well-milled,Local Well-milled
11/1/2024,48.524,89.94,24510,3.8,876590,4.918,Local,Well-milled,Local Well-milled
12/1/2024,46.81,81.75,24790,3.9,1142655.42,17.8825,Local,Well-milled,Local Well-milled
1/1/2025,46.6675,82.25,24650,3.7,1328853.71,8.3975,Local,Well-milled,Local Well-milled
2/1/2025,46.6675,85.15,24360,4.4,1324469.14,9.13,Local,Well-milled,Local Well-milled
3/1/2025,46.404,80.36,23440,3.3,1165003.64,3.628,Local,Well-milled,Local Well-milled
4/1/2025,45.35,74.02,22330,1.9,1050261.77,2.09,Local,Well-milled,Local Well-milled
5/1/2025,44.954,75.63,20470,2.3,1210759.99,6.304,Local,Well-milled,Local Well-milled
6/1/2025,44.53,74.35,20230,2.5,1418557.09,10.25,Local,Well-milled,Local Well-milled
7/1/2025,43.8325,73.86,20700,2.9,1514261.25,18.6475,Local,Well-milled,Local Well-milled
8/1/2025,43.488,79.27,20680,2.9,860797.99,8.76,Local,Well-milled,Local Well-milled
9/1/2025,43.165,75.44,20290,2.1,922495.98,15.535,Local,Well-milled,Local Well-milled
10/1/2025,43.11,72.73,18570,1.8,527777.55,13.56,Local,Well-milled,Local Well-milled
11/1/2025,42.594,68.13,17690,1.4,820838.11,17.906,Local,Well-milled,Local Well-milled
12/1/2025,43.6275,64.45,17750,1.3,803439.85,12.2175,Local,Well-milled,Local Well-milled
1/1/2026,44.376,71.44,16990,1.4,814385.31,6.336,Local,Well-milled,Local Well-milled
2/1/2026,45.715,71.04,17360,0.9,1343908.45,4.7225,Local,Well-milled,Local Well-milled
3/1/2026,47.3225,67.87,17060,1.5,1030751.52,1.06,Local,Well-milled,Local Well-milled
4/1/2026,50.0175,67.99,15600,1.7,815346.38,0.1025,Local,Well-milled,Local Well-milled
5/1/2026,50.242,64.54,15890,1.7,954908.93,2.192,Local,Well-milled,Local Well-milled
6/1/2026,49.4875,63.8,15980,1.5,944142.43,3.9175,Local,Well-milled,Local Well-milled
9/1/2023,41.09,82.59,18190,8.6,541210,8.45,Local,Regular-milled,Local Regular-milled
10/1/2023,41.5875,78.43,18570,7.6,494252.94,8.6175,Local,Regular-milled,Local Regular-milled
11/1/2023,43.755,84.64,18790,6.6,728730.7,10.03,Local,Regular-milled,Local Regular-milled
12/1/2023,47.58,75.47,19060,6.1,787970.99,11.216,Local,Regular-milled,Local Regular-milled
1/1/2024,50.4575,74.84,19230,5.4,848107.9,3.275,Local,Regular-milled,Local Regular-milled
2/1/2024,50.465,80.11,19440,4.7,984761.41,1.3175,Local,Regular-milled,Local Regular-milled
3/1/2024,49.642,86.15,22160,5.3,945096.67,2.174,Local,Regular-milled,Local Regular-milled
4/1/2024,49.3775,93.72,19910,6.1,902290.44,0.4275,Local,Regular-milled,Local Regular-milled
5/1/2024,49.535,90.6,20600,4.9,1080905.36,4.27,Local,Regular-milled,Local Regular-milled
6/1/2024,49.25,82.94,21950,4.1,901106.38,10.908,Local,Regular-milled,Local Regular-milled
7/1/2024,48.3725,77.63,22890,3.9,851875.81,18.34,Local,Regular-milled,Local Regular-milled
8/1/2024,47.776,80.12,24920,2.8,978002.26,6.828,Local,Regular-milled,Local Regular-milled
9/1/2024,47.865,83.48,25030,3.4,778887.55,13.2525,Local,Regular-milled,Local Regular-milled
10/1/2024,47.1,85.41,24550,3.7,630285.38,18.295,Local,Regular-milled,Local Regular-milled
11/1/2024,44.558,89.94,24510,3.8,876590,4.918,Local,Regular-milled,Local Regular-milled
12/1/2024,43.1725,81.75,24790,3.9,1142655.42,17.8825,Local,Regular-milled,Local Regular-milled
1/1/2025,42.1725,82.25,24650,3.7,1328853.71,8.3975,Local,Regular-milled,Local Regular-milled
2/1/2025,41.315,85.15,24360,4.4,1324469.14,9.13,Local,Regular-milled,Local Regular-milled
3/1/2025,40.6,80.36,23440,3.3,1165003.64,3.628,Local,Regular-milled,Local Regular-milled
4/1/2025,39.955,74.02,22330,1.9,1050261.77,2.09,Local,Regular-milled,Local Regular-milled
5/1/2025,38.94,75.63,20470,2.3,1210759.99,6.304,Local,Regular-milled,Local Regular-milled
6/1/2025,38.445,74.35,20230,2.5,1418557.09,10.25,Local,Regular-milled,Local Regular-milled
7/1/2025,38.6175,73.86,20700,2.9,1514261.25,18.6475,Local,Regular-milled,Local Regular-milled
8/1/2025,38.412,79.27,20680,2.9,860797.99,8.76,Local,Regular-milled,Local Regular-milled
9/1/2025,37.9125,75.44,20290,2.1,922495.98,15.535,Local,Regular-milled,Local Regular-milled
10/1/2025,37.425,72.73,18570,1.8,527777.55,13.56,Local,Regular-milled,Local Regular-milled
11/1/2025,37.338,68.13,17690,1.4,820838.11,17.906,Local,Regular-milled,Local Regular-milled
12/1/2025,38.55,64.45,17750,1.3,803439.85,12.2175,Local,Regular-milled,Local Regular-milled
1/1/2026,39.714,71.44,16990,1.4,814385.31,6.336,Local,Regular-milled,Local Regular-milled
2/1/2026,41.2125,71.04,17360,0.9,1343908.45,4.7225,Local,Regular-milled,Local Regular-milled
3/1/2026,41.78,67.87,17060,1.5,1030751.52,1.06,Local,Regular-milled,Local Regular-milled
4/1/2026,44.3425,67.99,15600,1.7,815346.38,0.1025,Local,Regular-milled,Local Regular-milled
5/1/2026,45.124,64.54,15890,1.7,954908.93,2.192,Local,Regular-milled,Local Regular-milled
6/1/2026,44.815,63.8,15980,1.5,944142.43,3.9175,Local,Regular-milled,Local Regular-milled
9/1/2023,56.86,82.59,18190,8.6,541210,8.45,Imported,Special,Imported Special
10/1/2023,56.63,78.43,18570,7.6,494252.94,8.6175,Imported,Special,Imported Special
11/1/2023,58.925,84.64,18790,6.6,728730.7,10.03,Imported,Special,Imported Special
12/1/2023,61.164,75.47,19060,6.1,787970.99,11.216,Imported,Special,Imported Special
1/1/2024,61.06,74.84,19230,5.4,848107.9,3.275,Imported,Special,Imported Special
2/1/2024,61.0425,80.11,19440,4.7,984761.41,1.3175,Imported,Special,Imported Special
3/1/2024,60.686,86.15,22160,5.3,945096.67,2.174,Imported,Special,Imported Special
4/1/2024,60.2425,93.72,19910,6.1,902290.44,0.4275,Imported,Special,Imported Special
5/1/2024,60.5075,90.6,20600,4.9,1080905.36,4.27,Imported,Special,Imported Special
6/1/2024,60.534,82.94,21950,4.1,901106.38,10.908,Imported,Special,Imported Special
7/1/2024,60.19,77.63,22890,3.9,851875.81,18.34,Imported,Special,Imported Special
8/1/2024,60.016,80.12,24920,2.8,978002.26,6.828,Imported,Special,Imported Special
9/1/2024,60.1475,83.48,25030,3.4,778887.55,13.2525,Imported,Special,Imported Special
10/1/2024,59.845,85.41,24550,3.7,630285.38,18.295,Imported,Special,Imported Special
11/1/2024,59.286,89.94,24510,3.8,876590,4.918,Imported,Special,Imported Special
12/1/2024,58.7875,81.75,24790,3.9,1142655.42,17.8825,Imported,Special,Imported Special
1/1/2025,58.18,82.25,24650,3.7,1328853.71,8.3975,Imported,Special,Imported Special
2/1/2025,56.7875,85.15,24360,4.4,1324469.14,9.13,Imported,Special,Imported Special
3/1/2025,57.478,80.36,23440,3.3,1165003.64,3.628,Imported,Special,Imported Special
4/1/2025,58.455,74.02,22330,1.9,1050261.77,2.09,Imported,Special,Imported Special
5/1/2025,57.868,75.63,20470,2.3,1210759.99,6.304,Imported,Special,Imported Special
6/1/2025,57.4875,74.35,20230,2.5,1418557.09,10.25,Imported,Special,Imported Special
7/1/2025,56.255,73.86,20700,2.9,1514261.25,18.6475,Imported,Special,Imported Special
8/1/2025,56.252,79.27,20680,2.9,860797.99,8.76,Imported,Special,Imported Special
9/1/2025,57.485,75.44,20290,2.1,922495.98,15.535,Imported,Special,Imported Special
10/1/2025,57.68,72.73,18570,1.8,527777.55,13.56,Imported,Special,Imported Special
11/1/2025,58.376,68.13,17690,1.4,820838.11,17.906,Imported,Special,Imported Special
12/1/2025,59.405,64.45,17750,1.3,803439.85,12.2175,Imported,Special,Imported Special
1/1/2026,59.88,71.44,16990,1.4,814385.31,6.336,Imported,Special,Imported Special
2/1/2026,60.68,71.04,17360,0.9,1343908.45,4.7225,Imported,Special,Imported Special
3/1/2026,60.7375,67.87,17060,1.5,1030751.52,1.06,Imported,Special,Imported Special
4/1/2026,61.175,67.99,15600,1.7,815346.38,0.1025,Imported,Special,Imported Special
5/1/2026,60.248,64.54,15890,1.7,954908.93,2.192,Imported,Special,Imported Special
6/1/2026,59.625,63.8,15980,1.5,944142.43,3.9175,Imported,Special,Imported Special
9/1/2023,54.39,82.59,18190,8.6,541210,8.45,Imported,Premium,Imported Premium
10/1/2023,55.12,78.43,18570,7.6,494252.94,8.6175,Imported,Premium,Imported Premium
11/1/2023,56.4175,84.64,18790,6.6,728730.7,10.03,Imported,Premium,Imported Premium
12/1/2023,57.484,75.47,19060,6.1,787970.99,11.216,Imported,Premium,Imported Premium
1/1/2024,57.8075,74.84,19230,5.4,848107.9,3.275,Imported,Premium,Imported Premium
2/1/2024,57.8875,80.11,19440,4.7,984761.41,1.3175,Imported,Premium,Imported Premium
3/1/2024,57.98,86.15,22160,5.3,945096.67,2.174,Imported,Premium,Imported Premium
4/1/2024,57.3075,93.72,19910,6.1,902290.44,0.4275,Imported,Premium,Imported Premium
5/1/2024,57.24,90.6,20600,4.9,1080905.36,4.27,Imported,Premium,Imported Premium
6/1/2024,56.902,82.94,21950,4.1,901106.38,10.908,Imported,Premium,Imported Premium
7/1/2024,56.8675,77.63,22890,3.9,851875.81,18.34,Imported,Premium,Imported Premium
8/1/2024,56.572,80.12,24920,2.8,978002.26,6.828,Imported,Premium,Imported Premium
9/1/2024,56.93,83.48,25030,3.4,778887.55,13.2525,Imported,Premium,Imported Premium
10/1/2024,56.535,85.41,24550,3.7,630285.38,18.295,Imported,Premium,Imported Premium
11/1/2024,56.366,89.94,24510,3.8,876590,4.918,Imported,Premium,Imported Premium
12/1/2024,56.15,81.75,24790,3.9,1142655.42,17.8825,Imported,Premium,Imported Premium
1/1/2025,55.5475,82.25,24650,3.7,1328853.71,8.3975,Imported,Premium,Imported Premium
2/1/2025,53.89,85.15,24360,4.4,1324469.14,9.13,Imported,Premium,Imported Premium
3/1/2025,50.774,80.36,23440,3.3,1165003.64,3.628,Imported,Premium,Imported Premium
4/1/2025,47.4625,74.02,22330,1.9,1050261.77,2.09,Imported,Premium,Imported Premium
5/1/2025,46.674,75.63,20470,2.3,1210759.99,6.304,Imported,Premium,Imported Premium
6/1/2025,46.345,74.35,20230,2.5,1418557.09,10.25,Imported,Premium,Imported Premium
7/1/2025,45.7,73.86,20700,2.9,1514261.25,18.6475,Imported,Premium,Imported Premium
8/1/2025,45.096,79.27,20680,2.9,860797.99,8.76,Imported,Premium,Imported Premium
9/1/2025,45.8275,75.44,20290,2.1,922495.98,15.535,Imported,Premium,Imported Premium
10/1/2025,46.7875,72.73,18570,1.8,527777.55,13.56,Imported,Premium,Imported Premium
11/1/2025,49.102,68.13,17690,1.4,820838.11,17.906,Imported,Premium,Imported Premium
12/1/2025,50.2325,64.45,17750,1.3,803439.85,12.2175,Imported,Premium,Imported Premium
1/1/2026,51.252,71.44,16990,1.4,814385.31,6.336,Imported,Premium,Imported Premium
2/1/2026,55.89,71.04,17360,0.9,1343908.45,4.7225,Imported,Premium,Imported Premium
3/1/2026,58.18,67.87,17060,1.5,1030751.52,1.06,Imported,Premium,Imported Premium
4/1/2026,59.245,67.99,15600,1.7,815346.38,0.1025,Imported,Premium,Imported Premium
5/1/2026,56.574,64.54,15890,1.7,954908.93,2.192,Imported,Premium,Imported Premium
6/1/2026,50.86,63.8,15980,1.5,944142.43,3.9175,Imported,Premium,Imported Premium
9/1/2023,45.135,82.59,18190,8.6,541210,8.45,Imported,Well-milled,Imported Well-milled
10/1/2023,45.4575,78.43,18570,7.6,494252.94,8.6175,Imported,Well-milled,Imported Well-milled
11/1/2023,48.8925,84.64,18790,6.6,728730.7,10.03,Imported,Well-milled,Imported Well-milled
12/1/2023,54.488,75.47,19060,6.1,787970.99,11.216,Imported,Well-milled,Imported Well-milled
1/1/2024,53.7225,74.84,19230,5.4,848107.9,3.275,Imported,Well-milled,Imported Well-milled
2/1/2024,53.2225,80.11,19440,4.7,984761.41,1.3175,Imported,Well-milled,Imported Well-milled
3/1/2024,53.26,86.15,22160,5.3,945096.67,2.174,Imported,Well-milled,Imported Well-milled
4/1/2024,52.595,93.72,19910,6.1,902290.44,0.4275,Imported,Well-milled,Imported Well-milled
5/1/2024,52.8575,90.6,20600,4.9,1080905.36,4.27,Imported,Well-milled,Imported Well-milled
6/1/2024,53.264,82.94,21950,4.1,901106.38,10.908,Imported,Well-milled,Imported Well-milled
7/1/2024,52.9875,77.63,22890,3.9,851875.81,18.34,Imported,Well-milled,Imported Well-milled
8/1/2024,52.578,80.12,24920,2.8,978002.26,6.828,Imported,Well-milled,Imported Well-milled
9/1/2024,50.42,83.48,25030,3.4,778887.55,13.2525,Imported,Well-milled,Imported Well-milled
10/1/2024,49.52,85.41,24550,3.7,630285.38,18.295,Imported,Well-milled,Imported Well-milled
11/1/2024,48.068,89.94,24510,3.8,876590,4.918,Imported,Well-milled,Imported Well-milled
12/1/2024,47.64,81.75,24790,3.9,1142655.42,17.8825,Imported,Well-milled,Imported Well-milled
1/1/2025,46.95,82.25,24650,3.7,1328853.71,8.3975,Imported,Well-milled,Imported Well-milled
2/1/2025,45.4625,85.15,24360,4.4,1324469.14,9.13,Imported,Well-milled,Imported Well-milled
3/1/2025,44.674,80.36,23440,3.3,1165003.64,3.628,Imported,Well-milled,Imported Well-milled
4/1/2025,43.6075,74.02,22330,1.9,1050261.77,2.09,Imported,Well-milled,Imported Well-milled
5/1/2025,43.522,75.63,20470,2.3,1210759.99,6.304,Imported,Well-milled,Imported Well-milled
6/1/2025,43.6425,74.35,20230,2.5,1418557.09,10.25,Imported,Well-milled,Imported Well-milled
7/1/2025,43.675,73.86,20700,2.9,1514261.25,18.6475,Imported,Well-milled,Imported Well-milled
8/1/2025,44.124,79.27,20680,2.9,860797.99,8.76,Imported,Well-milled,Imported Well-milled
9/1/2025,44.5525,75.44,20290,2.1,922495.98,15.535,Imported,Well-milled,Imported Well-milled
10/1/2025,42.7775,72.73,18570,1.8,527777.55,13.56,Imported,Well-milled,Imported Well-milled
11/1/2025,43.112,68.13,17690,1.4,820838.11,17.906,Imported,Well-milled,Imported Well-milled
12/1/2025,44.905,64.45,17750,1.3,803439.85,12.2175,Imported,Well-milled,Imported Well-milled
1/1/2026,46.044,71.44,16990,1.4,814385.31,6.336,Imported,Well-milled,Imported Well-milled
2/1/2026,47.95,71.04,17360,0.9,1343908.45,4.7225,Imported,Well-milled,Imported Well-milled
3/1/2026,47.7175,67.87,17060,1.5,1030751.52,1.06,Imported,Well-milled,Imported Well-milled
4/1/2026,47.9725,67.99,15600,1.7,815346.38,0.1025,Imported,Well-milled,Imported Well-milled
5/1/2026,48.418,64.54,15890,1.7,954908.93,2.192,Imported,Well-milled,Imported Well-milled
6/1/2026,47.965,63.8,15980,1.5,944142.43,3.9175,Imported,Well-milled,Imported Well-milled
9/1/2023,43.75,82.59,18190,8.6,541210,8.45,Imported,Regular-milled,Imported Regular-milled
10/1/2023,43,78.43,18570,7.6,494252.94,8.6175,Imported,Regular-milled,Imported Regular-milled
11/1/2023,46.75,84.64,18790,6.6,728730.7,10.03,Imported,Regular-milled,Imported Regular-milled
12/1/2023,48,75.47,19060,6.1,787970.99,11.216,Imported,Regular-milled,Imported Regular-milled
1/1/2024,48,74.84,19230,5.4,848107.9,3.275,Imported,Regular-milled,Imported Regular-milled
2/1/2024,49.05,80.11,19440,4.7,984761.41,1.3175,Imported,Regular-milled,Imported Regular-milled
3/1/2024,49.908,86.15,22160,5.3,945096.67,2.174,Imported,Regular-milled,Imported Regular-milled
4/1/2024,49.7925,93.72,19910,6.1,902290.44,0.4275,Imported,Regular-milled,Imported Regular-milled
5/1/2024,49.78,90.6,20600,4.9,1080905.36,4.27,Imported,Regular-milled,Imported Regular-milled
6/1/2024,49.802,82.94,21950,4.1,901106.38,10.908,Imported,Regular-milled,Imported Regular-milled
7/1/2024,48.9625,77.63,22890,3.9,851875.81,18.34,Imported,Regular-milled,Imported Regular-milled
8/1/2024,47.604,80.12,24920,2.8,978002.26,6.828,Imported,Regular-milled,Imported Regular-milled
9/1/2024,45.7425,83.48,25030,3.4,778887.55,13.2525,Imported,Regular-milled,Imported Regular-milled
10/1/2024,45.585,85.41,24550,3.7,630285.38,18.295,Imported,Regular-milled,Imported Regular-milled
11/1/2024,45.154,89.94,24510,3.8,876590,4.918,Imported,Regular-milled,Imported Regular-milled
12/1/2024,44.6525,81.75,24790,3.9,1142655.42,17.8825,Imported,Regular-milled,Imported Regular-milled
1/1/2025,42.81,82.25,24650,3.7,1328853.71,8.3975,Imported,Regular-milled,Imported Regular-milled
2/1/2025,42.0525,85.15,24360,4.4,1324469.14,9.13,Imported,Regular-milled,Imported Regular-milled
3/1/2025,40.602,80.36,23440,3.3,1165003.64,3.628,Imported,Regular-milled,Imported Regular-milled
4/1/2025,39.7825,74.02,22330,1.9,1050261.77,2.09,Imported,Regular-milled,Imported Regular-milled
5/1/2025,40.13,75.63,20470,2.3,1210759.99,6.304,Imported,Regular-milled,Imported Regular-milled
6/1/2025,39.955,74.35,20230,2.5,1418557.09,10.25,Imported,Regular-milled,Imported Regular-milled
7/1/2025,39.3175,73.86,20700,2.9,1514261.25,18.6475,Imported,Regular-milled,Imported Regular-milled
8/1/2025,38.198,79.27,20680,2.9,860797.99,8.76,Imported,Regular-milled,Imported Regular-milled
9/1/2025,38.0475,75.44,20290,2.1,922495.98,15.535,Imported,Regular-milled,Imported Regular-milled
10/1/2025,38.83,72.73,18570,1.8,527777.55,13.56,Imported,Regular-milled,Imported Regular-milled
11/1/2025,39.256,68.13,17690,1.4,820838.11,17.906,Imported,Regular-milled,Imported Regular-milled
12/1/2025,39.0575,64.45,17750,1.3,803439.85,12.2175,Imported,Regular-milled,Imported Regular-milled
1/1/2026,39.802,71.44,16990,1.4,814385.31,6.336,Imported,Regular-milled,Imported Regular-milled
2/1/2026,40.9075,71.04,17360,0.9,1343908.45,4.7225,Imported,Regular-milled,Imported Regular-milled
3/1/2026,42.46,67.87,17060,1.5,1030751.52,1.06,Imported,Regular-milled,Imported Regular-milled
4/1/2026,43.055,67.99,15600,1.7,815346.38,0.1025,Imported,Regular-milled,Imported Regular-milled
5/1/2026,43.06,64.54,15890,1.7,954908.93,2.192,Imported,Regular-milled,Imported Regular-milled
6/1/2026,44.175,63.8,15980,1.5,944142.43,3.9175,Imported,Regular-milled,Imported Regular-milled
