Date,Special_PHP_kg_PH,Brent_Oil_USD,Farmgate_LCU_tonne,Inflation_Rate,Stocks_MT,USD_to_PHP,Temp_C,Rainfall_mm,VoP_MT
1/1/1995,16.47,16.55,5830.0,6.1,416400.0,24.6223,23.27,3.69,757348.33
2/1/1995,16.39,17.11,5910.0,5.6,406400.0,25.0282,23.53,5.19,757348.33
3/1/1995,16.51,17.01,6330.0,6.0,373500.0,25.859,24.73,1.06,757348.33
4/1/1995,16.55,18.65,6820.0,6.0,411500.0,26.0077,26.9,1.0,681762.0
5/1/1995,17.03,18.35,7140.0,6.2,447600.0,25.8493,27.16,4.99,681762.0
6/1/1995,17.37,17.31,7460.0,6.5,494200.0,25.6742,27.32,7.27,681762.0
7/1/1995,18.04,15.85,7600.0,6.3,375700.0,25.514,26.28,7.3,595170.0
8/1/1995,19.86,16.1,8400.0,6.8,241900.0,25.7109,26.18,8.43,595170.0
9/1/1995,23.84,16.7,8160.0,8.0,126800.0,25.9692,26.05,13.83,595170.0
10/1/1995,25.97,16.11,7950.0,8.2,171800.0,25.9654,25.79,10.66,1479269.33
11/1/1995,24.48,16.86,7650.0,8.4,285000.0,26.1671,25.28,9.65,1479269.33
12/1/1995,24.38,17.93,8010.0,8.2,330700.0,26.206,23.16,18.64,1479269.33
1/1/1996,24.36,17.85,8780.0,9.5,325100.0,26.2116,22.94,4.04,841264.67
2/1/1996,24.34,18.0,9050.0,9.3,306000.0,26.1588,23.1,1.93,841264.67
3/1/1996,24.32,19.85,8840.0,9.5,272200.0,26.1957,25.31,1.64,841264.67
4/1/1996,24.3,20.9,9030.0,9.4,288300.0,26.1897,25.97,7.52,809038.67
5/1/1996,24.41,19.15,9020.0,9.2,379700.0,26.1759,27.13,4.07,809038.67
6/1/1996,24.24,18.46,8780.0,8.9,393800.0,26.1944,26.62,6.71,809038.67
7/1/1996,24.41,19.57,8710.0,8.7,362400.0,26.1995,26.31,8.71,705499.33
8/1/1996,24.38,20.51,8110.0,8.2,327000.0,26.1994,26.18,3.99,705499.33
9/1/1996,24.29,22.63,6990.0,6.7,312700.0,26.2356,26.2,6.88,705499.33
10/1/1996,23.97,24.16,7060.0,6.7,322600.0,26.2693,26.06,7.83,1405386.67
11/1/1996,24.21,22.76,6910.0,6.6,427900.0,26.2658,25.19,15.71,1405386.67
12/1/1996,24.2,23.78,7150.0,7.4,470200.0,26.2925,22.92,6.05,1405386.67
1/1/1997,23.65,23.54,7570.0,5.4,465600.0,26.3173,22.37,2.37,854585.67
2/1/1997,24.55,20.85,8090.0,5.2,417600.0,26.341,23.66,4.67,854585.67
3/1/1997,24.34,19.13,8110.0,5.5,390900.0,26.3319,24.55,1.67,854585.67
4/1/1997,24.22,17.56,8040.0,5.2,374800.0,26.3642,27.12,1.5,760901.33
5/1/1997,24.44,19.02,8130.0,5.0,421700.0,26.3721,27.1,7.0,760901.33
6/1/1997,24.29,17.58,8230.0,5.6,439200.0,26.3761,26.99,3.7,760901.33
7/1/1997,24.79,18.46,8580.0,5.6,394800.0,27.6679,25.88,10.26,596047.0
8/1/1997,25.15,18.6,8540.0,5.4,348400.0,29.3305,25.58,6.22,596047.0
9/1/1997,25.18,18.46,7880.0,5.7,292300.0,32.3945,25.72,6.34,596047.0
10/1/1997,24.42,19.87,7470.0,5.9,324600.0,34.4639,25.99,2.27,1544787.0
11/1/1997,24.37,19.17,7300.0,6.7,464900.0,34.5178,25.32,3.35,1544787.0
12/1/1997,24.39,17.18,7720.0,6.5,528700.0,37.1706,24.21,3.88,1544787.0
1/1/1998,24.56,15.19,8070.0,6.6,448200.0,42.661,24.42,1.7,740322.67
2/1/1998,24.92,14.07,8140.0,7.7,397400.0,40.4143,25.78,0.55,740322.67
3/1/1998,24.72,13.1,8190.0,8.2,408100.0,39.004,26.21,1.25,740322.67
4/1/1998,24.96,13.53,8330.0,8.7,521000.0,38.4422,28.05,0.56,446002.67
5/1/1998,24.88,14.36,8710.0,9.8,534400.0,39.2971,28.23,3.7,446002.67
6/1/1998,25.07,12.21,8630.0,10.2,524100.0,40.399,28.13,5.12,446002.67
7/1/1998,25.08,12.08,8910.0,10.1,419800.0,41.7805,27.29,5.29,428147.67
8/1/1998,25.38,11.91,8940.0,10.1,334300.0,43.0375,26.69,5.91,428147.67
9/1/1998,25.3,13.34,8050.0,10.2,325800.0,43.7759,26.26,8.45,428147.67
10/1/1998,25.09,12.7,7380.0,10.0,305400.0,42.8882,26.02,14.8,1237135.0
11/1/1998,25.03,11.04,7270.0,10.6,358900.0,39.9435,25.56,7.89,1237135.0
12/1/1998,25.06,9.82,7770.0,10.0,500400.0,39.0733,25.06,23.72,1237135.0
1/1/1999,24.91,11.11,8010.0,10.7,414500.0,38.4042,24.07,8.76,998729.33
2/1/1999,25.22,10.27,8440.0,9.3,389700.0,38.7799,22.88,3.67,998729.33
3/1/1999,25.27,12.51,8460.0,7.9,303900.0,38.9108,25.28,8.43,998729.33
4/1/1999,25.32,15.29,8320.0,7.4,359200.0,38.2417,26.0,8.52,758621.67
5/1/1999,25.24,15.23,8130.0,6.1,503500.0,37.8385,26.65,4.74,758621.67
6/1/1999,25.02,15.86,8320.0,5.3,488100.0,37.8993,25.98,6.78,758621.67
7/1/1999,25.05,19.08,8050.0,5.1,461500.0,38.2798,25.74,7.47,749567.33
8/1/1999,25.57,20.22,7720.0,4.8,511500.0,39.261,25.42,12.39,749567.33
9/1/1999,25.25,22.54,7240.0,4.9,401900.0,40.1738,25.52,7.29,749567.33
10/1/1999,25.67,22.0,7230.0,5.1,436800.0,40.315,25.55,12.65,1421956.67
11/1/1999,25.65,24.58,7310.0,3.9,488900.0,40.3409,24.71,13.09,1421956.67
12/1/1999,25.59,25.47,7440.0,3.9,540000.0,40.6232,23.97,16.58,1421956.67
1/1/2000,25.37,25.51,8080.0,5.5,488200.0,40.4266,23.42,5.48,952118.67
2/1/2000,25.29,27.78,8610.0,5.6,420600.0,40.5717,24.02,6.67,952118.67
3/1/2000,25.78,27.49,8660.0,5.9,381000.0,40.9381,25.09,5.5,952118.67
4/1/2000,25.89,22.76,8840.0,6.2,441200.0,41.1884,26.74,2.73,862046.67
5/1/2000,25.21,27.74,8870.0,6.5,509600.0,41.8063,26.78,5.94,862046.67
6/1/2000,25.28,29.8,8930.0,6.1,485500.0,42.6489,26.36,6.43,862046.67
7/1/2000,25.6,28.68,9010.0,6.5,456800.0,44.3557,25.46,11.16,804203.33
8/1/2000,25.64,30.2,8770.0,6.8,360000.0,44.8977,25.87,5.88,804203.33
9/1/2000,26.07,33.14,8230.0,6.5,326400.0,45.7367,25.49,10.48,804203.33
10/1/2000,26.14,30.96,7960.0,6.9,410800.0,48.1061,25.58,11.62,1511435.33
11/1/2000,26.41,32.55,7790.0,7.8,410300.0,49.7537,25.22,10.39,1511435.33
12/1/2000,26.34,25.66,7880.0,8.7,471900.0,49.8962,24.65,14.41,1511435.33
1/1/2001,26.55,25.62,8000.0,5.8,492400.0,50.9693,24.12,2.57,937976.67
2/1/2001,26.63,27.5,8120.0,5.8,487100.0,48.2897,24.44,9.14,937976.67
3/1/2001,26.74,24.5,8300.0,5.8,485600.0,48.4673,25.18,4.02,937976.67
4/1/2001,27.03,25.66,8250.0,5.5,502700.0,50.1854,27.14,2.4,917967.0
5/1/2001,26.84,28.31,8350.0,5.5,610100.0,50.5389,27.54,4.57,917967.0
6/1/2001,26.64,27.85,8690.0,5.9,631000.0,51.488,26.7,8.13,917967.0
7/1/2001,27.03,24.61,8640.0,6.0,498100.0,53.2242,25.69,7.1,801729.0
8/1/2001,27.55,25.68,8140.0,5.7,408700.0,51.9877,25.98,7.42,801729.0
9/1/2001,27.45,25.62,7890.0,5.7,424100.0,51.2499,25.65,1.73,801729.0
10/1/2001,27.19,20.54,7790.0,5.2,440300.0,51.7333,25.69,9.62,1660617.33
11/1/2001,26.77,18.8,7760.0,4.2,524700.0,51.9899,24.45,9.62,1660617.33
12/1/2001,26.57,18.71,8050.0,3.7,524500.0,51.7889,23.51,12.65,1660617.33
1/1/2002,27.33,19.42,8250.0,3.3,473500.0,51.4097,23.09,2.27,1019364.67
2/1/2002,27.52,20.28,8430.0,2.9,429100.0,51.2817,23.23,3.31,1019364.67
3/1/2002,27.58,23.7,8580.0,3.3,404800.0,51.0661,24.94,2.36,1019364.67
4/1/2002,27.57,25.73,8830.0,3.4,431400.0,50.9872,26.9,1.95,871425.0
5/1/2002,26.98,25.35,9110.0,3.2,482100.0,49.8383,27.48,3.61,871425.0
6/1/2002,27.16,24.08,9620.0,2.6,479900.0,50.4065,27.81,5.78,871425.0
7/1/2002,27.47,25.74,9520.0,2.5,386000.0,50.5963,26.05,16.11,673598.67
8/1/2002,27.67,26.65,9740.0,2.7,336900.0,51.7931,26.09,8.54,673598.67
9/1/2002,27.8,28.4,8640.0,2.5,295800.0,52.1292,25.7,8.75,673598.67
10/1/2002,27.45,27.54,8280.0,2.3,326900.0,52.907,25.93,9.67,1859162.67
11/1/2002,27.25,24.34,8400.0,2.1,488800.0,53.3082,24.85,13.83,1859162.67
12/1/2002,27.44,28.33,8490.0,2.1,459900.0,53.5195,24.63,7.08,1859162.67
1/1/2003,27.59,31.18,8490.0,1.7,552500.0,53.5635,22.89,2.81,1011853.67
2/1/2003,27.82,32.77,8650.0,2.3,497500.0,54.0748,23.55,1.7,1011853.67
3/1/2003,28.06,30.61,8760.0,2.1,461400.0,54.5909,25.56,0.96,1011853.67
4/1/2003,27.74,25.0,9030.0,2.2,494200.0,52.8068,28.36,1.69,781905.67
5/1/2003,27.94,25.86,9230.0,2.2,562000.0,52.5072,27.88,8.47,781905.67
6/1/2003,28.27,27.65,9570.0,2.8,526500.0,53.3992,26.31,5.5,781905.67
7/1/2003,28.09,28.35,9570.0,2.3,467600.0,53.7138,26.45,7.84,811565.33
8/1/2003,28.26,29.89,9220.0,2.2,394200.0,54.9914,25.94,7.87,811565.33
9/1/2003,27.8,27.11,8430.0,2.2,334800.0,55.0235,25.76,8.73,811565.33
10/1/2003,27.37,29.61,8340.0,2.3,403300.0,54.952,25.65,5.6,1894636.67
11/1/2003,27.19,28.75,8440.0,2.4,519200.0,55.3718,25.34,7.31,1894636.67
12/1/2003,27.0,29.81,8400.0,2.5,533600.0,55.4451,22.93,5.46,1894636.67
1/1/2004,27.11,31.28,8530.0,3.1,515500.0,55.5261,23.82,2.81,1144794.33
2/1/2004,26.92,30.86,8840.0,2.9,480800.0,56.0696,24.04,3.59,1144794.33
3/1/2004,27.24,33.63,9120.0,3.1,391500.0,56.3029,26.31,1.52,1144794.33
4/1/2004,27.6,33.59,9480.0,3.2,467400.0,55.9039,27.94,1.74,868066.33
5/1/2004,27.19,37.57,9710.0,3.6,551300.0,55.8453,27.1,6.85,868066.33
6/1/2004,27.53,35.18,10320.0,4.1,469100.0,55.9848,25.88,6.77,868066.33
7/1/2004,27.83,38.22,10640.0,5.5,406700.0,55.9527,26.11,8.46,957226.0
8/1/2004,27.9,42.74,10050.0,5.7,323000.0,55.8342,25.45,8.33,957226.0
9/1/2004,27.9,43.2,9250.0,6.2,266400.0,56.2132,26.19,3.85,957226.0
10/1/2004,27.79,49.78,8830.0,6.3,364200.0,56.3414,25.27,9.08,1862174.67
11/1/2004,27.86,43.11,9110.0,6.8,492100.0,56.3221,24.97,14.48,1862174.67
12/1/2004,27.62,39.6,9460.0,7.1,512200.0,56.1828,23.85,6.33,1862174.67
1/1/2005,28.29,44.51,9510.0,7.3,438700.0,55.7662,22.96,3.28,1127295.0
2/1/2005,28.45,45.48,9870.0,7.3,404100.0,54.8128,24.62,1.31,1127295.0
3/1/2005,28.1,53.1,10540.0,7.1,294200.0,54.4402,25.5,2.09,1127295.0
4/1/2005,28.36,51.88,11090.0,7.2,381600.0,54.4918,26.97,2.07,883713.33
5/1/2005,28.66,48.65,10870.0,7.3,458500.0,54.3411,28.93,2.6,883713.33
6/1/2005,28.95,54.35,11530.0,6.7,434300.0,55.179,26.76,7.35,883713.33
7/1/2005,29.06,57.52,11320.0,6.0,348200.0,56.0062,26.29,7.72,889712.33
8/1/2005,29.37,63.98,11050.0,6.1,310800.0,55.9523,26.26,7.0,889712.33
9/1/2005,29.23,62.91,9540.0,6.0,255700.0,56.1562,25.94,12.77,889712.33
10/1/2005,29.16,58.54,9680.0,6.2,317800.0,55.7077,25.97,12.52,1966947.67
11/1/2005,29.14,55.24,9910.0,6.2,413600.0,54.5606,25.44,8.34,1966947.67
12/1/2005,29.13,56.86,10200.0,5.9,482700.0,53.6118,23.98,20.22,1966947.67
1/1/2006,29.2,62.99,10190.0,5.9,433500.0,52.6171,24.11,7.14,1205202.33
2/1/2006,29.32,60.21,10380.0,6.5,392100.0,51.8168,24.11,3.72,1205202.33
3/1/2006,29.29,62.06,10840.0,6.6,358000.0,51.2189,25.29,4.91,1205202.33
4/1/2006,29.27,70.26,10870.0,6.3,470200.0,51.3597,26.91,0.58,974608.0
5/1/2006,29.21,69.78,11210.0,6.0,482100.0,52.1273,27.21,5.06,974608.0
6/1/2006,29.39,68.56,11490.0,5.9,478800.0,53.1567,27.11,7.55,974608.0
7/1/2006,29.75,73.67,10800.0,5.5,419600.0,52.3976,25.99,9.99,1002066.67
8/1/2006,29.92,73.23,9890.0,5.2,367800.0,51.3618,25.75,6.63,1002066.67
9/1/2006,29.97,61.96,9640.0,4.9,319500.0,50.4012,26.15,11.98,1002066.67
10/1/2006,29.8,57.81,9880.0,4.7,355300.0,50.0038,25.73,8.32,1927025.0
11/1/2006,29.87,58.76,10060.0,4.2,424000.0,49.8434,25.42,5.17,1927025.0
12/1/2006,30.07,62.47,10320.0,4.1,447400.0,49.467,24.64,12.67,1927025.0
1/1/2007,30.41,53.68,10250.0,3.8,373600.0,48.9143,23.87,4.21,1225568.0
2/1/2007,30.32,57.56,10690.0,2.9,330800.0,48.3814,24.0,1.61,1225568.0
3/1/2007,30.4,62.05,11190.0,2.6,320800.0,48.5172,25.48,1.9,1225568.0
4/1/2007,30.34,67.49,11130.0,2.6,345600.0,47.8224,27.69,2.36,1017058.67
5/1/2007,30.15,67.21,11550.0,2.7,452600.0,46.8141,27.74,4.91,1017058.67
6/1/2007,30.38,71.05,11810.0,2.6,402600.0,46.1602,27.38,5.84,1017058.67
7/1/2007,30.66,76.93,11990.0,2.9,372600.0,45.6251,26.91,5.58,1048986.33
8/1/2007,31.03,70.76,11740.0,2.7,275200.0,46.0737,26.15,10.26,1048986.33
9/1/2007,31.56,77.17,10610.0,2.9,233600.0,46.1314,25.99,9.23,1048986.33
10/1/2007,31.45,82.34,10710.0,2.9,331500.0,44.3803,25.58,9.16,2121785.0
11/1/2007,31.19,92.41,11190.0,3.1,377300.0,43.2176,24.8,16.12,2121785.0
12/1/2007,31.23,90.93,11770.0,3.7,456900.0,41.7429,24.41,10.08,2121785.0
1/1/2008,31.43,92.18,11800.0,4.6,457400.0,40.9381,23.65,9.09,1249617.33
2/1/2008,32.18,94.99,12040.0,5.1,432200.0,40.6711,23.61,9.93,1249617.33
3/1/2008,33.88,103.64,13960.0,5.9,410800.0,41.2524,25.03,3.31,1249617.33
4/1/2008,37.5,109.07,15560.0,7.3,341000.0,41.8196,26.25,4.4,1123955.67
5/1/2008,38.38,122.8,17290.0,8.2,499500.0,42.902,26.44,9.75,1123955.67
6/1/2008,41.83,132.32,19150.0,9.4,456900.0,44.2806,26.51,8.87,1123955.67
7/1/2008,43.29,132.72,14920.0,10.2,390100.0,44.9563,25.89,6.55,1155820.0
8/1/2008,42.6,113.24,12990.0,10.5,347800.0,44.8769,25.96,8.17,1155820.0
9/1/2008,42.17,97.23,12400.0,10.1,360200.0,46.6922,25.96,8.79,1155820.0
10/1/2008,41.79,71.58,13000.0,9.7,400500.0,48.0252,26.12,12.91,2075789.67
11/1/2008,41.35,52.45,13090.0,9.1,539400.0,49.1862,25.26,13.48,2075789.67
12/1/2008,42.09,39.95,13310.0,7.8,514300.0,48.0942,23.72,12.08,2075789.67
1/1/2009,42.25,43.44,14360.0,7.1,425100.0,47.2072,22.7,7.47,1313725.67
2/1/2009,43.1,43.32,15630.0,7.2,370200.0,47.5846,24.25,4.32,1313725.67
3/1/2009,43.13,46.54,15440.0,6.6,357500.0,48.458,25.71,3.96,1313725.67
4/1/2009,42.87,50.18,15560.0,5.6,386600.0,48.2165,26.31,13.3,1145006.33
5/1/2009,43.17,57.3,15580.0,4.3,443600.0,47.5242,26.23,11.87,1145006.33
6/1/2009,43.14,68.61,15730.0,3.2,446900.0,47.9053,26.18,9.61,1145006.33
7/1/2009,43.27,64.44,14050.0,2.2,418600.0,48.146,26.08,8.71,1173139.0
8/1/2009,43.05,72.51,13120.0,1.7,361900.0,48.1607,26.62,6.42,1173139.0
9/1/2009,42.51,67.65,12770.0,2.3,386700.0,48.1394,26.03,17.27,1173139.0
10/1/2009,42.24,72.77,14100.0,2.9,416500.0,46.8513,25.37,10.79,1790267.83
11/1/2009,42.38,76.66,14370.0,3.5,464700.0,47.0324,25.24,6.6,1790267.83
12/1/2009,42.97,74.46,14880.0,4.4,461700.0,46.4211,23.37,2.48,1790267.83
1/1/2010,38.94,76.17,14820.0,3.9,442600.0,46.0276,23.78,3.38,1163880.0
2/1/2010,39.26,73.75,15340.0,3.9,393900.0,46.3116,24.92,0.43,1163880.0
3/1/2010,39.14,78.83,15580.0,3.9,384400.0,45.7425,26.11,1.97,1163880.0
4/1/2010,38.26,84.82,14920.0,4.0,422400.0,44.6266,27.83,1.6,1043050.33
5/1/2010,37.69,75.95,14990.0,3.9,459400.0,45.5971,29.48,1.57,1043050.33
6/1/2010,37.92,74.76,15130.0,3.6,459000.0,46.3027,28.19,5.06,1043050.33
7/1/2010,38.37,75.58,15200.0,3.7,424000.0,46.3203,26.77,14.62,882036.67
8/1/2010,38.55,77.04,15260.0,4.1,479600.0,45.1825,26.2,8.11,882036.67
9/1/2010,38.49,77.84,14520.0,3.8,380900.0,44.3137,26.28,7.41,882036.67
10/1/2010,38.76,82.67,13850.0,3.2,483500.0,43.4449,25.84,9.44,2168472.67
11/1/2010,38.89,85.28,13890.0,3.7,693100.0,43.4918,25.27,14.34,2168472.67
12/1/2010,38.81,91.45,14190.0,3.6,698900.0,43.9548,24.27,10.8,2168472.67
1/1/2011,38.73,96.52,14770.0,4.0,551200.0,44.1722,23.13,6.75,1345777.0
2/1/2011,38.91,103.72,14990.0,4.7,543300.0,43.7031,23.66,3.99,1345777.0
3/1/2011,39.36,114.64,14840.0,4.9,455200.0,43.516,24.3,6.37,1345777.0
4/1/2011,39.35,123.26,15150.0,4.7,616200.0,43.2402,25.59,1.91,1179959.33
5/1/2011,39.42,114.99,15290.0,4.9,699200.0,43.1307,27.17,7.23,1179959.33
6/1/2011,39.14,113.83,15090.0,5.2,736500.0,43.3657,26.43,15.79,1179959.33
7/1/2011,39.22,116.97,15190.0,4.9,687300.0,42.8088,26.07,10.39,1056159.33
8/1/2011,39.23,110.22,15240.0,4.6,596700.0,42.4209,26.02,9.72,1056159.33
9/1/2011,39.31,112.83,14810.0,4.7,483800.0,43.0256,25.82,9.51,1056159.33
10/1/2011,39.19,109.55,14850.0,5.2,644600.0,43.4514,25.67,11.77,1979458.33
11/1/2011,39.36,110.77,15110.0,4.7,713100.0,43.2745,25.35,15.18,1979458.33
12/1/2011,39.55,107.87,15310.0,4.2,711300.0,43.6486,24.69,17.23,1979458.33
1/1/2012,39.65,110.69,15370.0,4.1,604200.0,43.6191,24.16,6.57,1330732.67
2/1/2012,39.8,119.33,16010.0,3.0,606600.0,42.6608,24.24,9.95,1330732.67
3/1/2012,39.26,125.45,15920.0,2.9,422800.0,42.8574,24.76,8.18,1330732.67
4/1/2012,38.85,119.75,15990.0,3.2,530800.0,42.6998,26.49,1.76,1299912.72
5/1/2012,38.84,110.34,16220.0,2.9,799600.0,42.8515,27.71,6.87,1299912.72
6/1/2012,39.19,95.16,16420.0,2.7,750393.0,42.7764,26.3,4.99,1299912.72
7/1/2012,39.75,102.62,16350.0,3.1,561917.0,41.9054,26.07,17.05,1198933.69
8/1/2012,39.67,113.36,16370.0,3.7,487300.0,42.0452,25.65,14.98,1198933.69
9/1/2012,39.46,112.86,15840.0,3.6,391900.0,41.749,26.26,13.24,1198933.69
10/1/2012,39.27,111.71,15420.0,3.2,559600.0,41.4521,25.61,11.79,2181262.74
11/1/2012,39.72,109.06,15530.0,2.8,782800.0,41.1222,25.25,4.25,2181262.74
12/1/2012,39.43,109.49,15640.0,2.9,690600.0,41.0067,24.94,6.49,2181262.74
1/1/2013,39.08,112.96,15540.0,2.8,621700.0,40.7295,23.5,5.57,1389981.0
2/1/2013,39.03,116.05,15570.0,2.9,556200.0,40.6723,24.56,7.15,1389981.0
3/1/2013,39.03,108.47,15680.0,2.7,511800.0,40.7127,25.54,3.04,1389981.0
4/1/2013,39.16,102.25,15620.0,2.2,673300.0,41.1422,28.33,0.94,1275896.34
5/1/2013,39.25,102.56,15900.0,2.3,799900.0,41.2976,28.23,4.19,1275896.34
6/1/2013,39.55,102.92,16310.0,2.5,716400.0,42.9069,27.29,11.6,1275896.34
7/1/2013,39.83,107.93,16980.0,2.4,684790.0,43.3559,26.26,13.04,1120885.24
8/1/2013,40.95,111.28,17980.0,1.8,584600.0,43.8639,25.84,17.24,1120885.24
9/1/2013,42.27,111.6,17430.0,2.3,498610.0,43.8318,25.99,15.65,1120885.24
10/1/2013,41.96,109.08,16800.0,2.4,477200.0,43.1825,25.41,8.46,2359710.67
11/1/2013,42.58,107.79,17130.0,2.9,636900.0,43.5546,25.1,13.9,2359710.67
12/1/2013,42.31,110.76,17360.0,3.8,755000.0,44.1043,24.74,10.48,2359710.67
1/1/2014,42.36,108.12,17880.0,3.7,582962.0,44.9266,22.05,1.53,1435630.32
2/1/2014,43.21,108.9,18490.0,3.6,474170.0,44.895,23.99,1.32,1435630.32
3/1/2014,44.04,107.48,19020.0,3.5,376481.0,44.7916,25.35,2.47,1435630.32
4/1/2014,44.42,107.76,19830.0,3.6,475365.0,44.6416,27.73,0.87,1357670.33
5/1/2014,44.95,109.54,20120.0,4.0,727350.0,43.9236,29.26,2.78,1357670.33
6/1/2014,45.91,111.8,20440.0,3.8,817464.0,43.8175,27.76,5.39,1357670.33
7/1/2014,46.53,106.77,20720.0,4.2,689218.0,43.4665,26.27,9.85,1009019.62
8/1/2014,47.33,101.61,20660.0,4.2,579479.0,43.7673,26.32,9.36,1009019.62
9/1/2014,47.32,97.09,20060.0,3.9,439271.0,44.0751,26.29,12.54,1009019.62
10/1/2014,46.92,87.43,19020.0,3.7,521988.0,44.7979,25.87,13.38,2520288.45
11/1/2014,46.64,79.44,18860.0,3.0,902820.0,44.9514,25.08,7.9,2520288.45
12/1/2014,46.05,62.34,18400.0,1.9,977855.0,44.6878,24.18,14.72,2520288.45
1/1/2015,46.02,47.76,17650.0,1.5,811850.0,44.6044,22.87,3.6,1455905.13
2/1/2015,45.43,58.1,17370.0,1.5,769860.0,44.2214,23.31,2.18,1455905.13
3/1/2015,45.35,55.89,17550.0,1.5,744950.0,44.4457,24.83,1.89,1455905.13
4/1/2015,45.54,59.52,17640.0,1.4,801490.0,44.4136,27.27,1.14,1318612.18
5/1/2015,45.62,64.08,17450.0,0.9,1066180.0,44.6106,29.24,1.24,1318612.18
6/1/2015,44.68,61.48,17540.0,0.6,1108650.0,44.9831,28.34,4.74,1318612.18
7/1/2015,45.81,56.56,17890.0,0.2,840760.0,45.2649,26.64,8.24,850515.28
8/1/2015,45.77,46.52,18020.0,0.0,716630.0,46.142,26.95,7.53,850515.28
9/1/2015,45.83,47.62,17950.0,-0.4,581600.0,46.7504,26.83,7.98,850515.28
10/1/2015,45.64,48.43,17160.0,-0.2,666050.0,46.3609,26.26,8.96,2424913.33
11/1/2015,44.67,44.27,17180.0,0.3,882140.0,47.0067,25.55,5.21,2424913.33
12/1/2015,45.5,38.01,17200.0,0.7,975690.0,47.2303,24.85,20.99,2424913.33
1/1/2016,45.81,30.7,17200.0,0.7,965370.0,47.5111,24.46,2.91,1310764.13
2/1/2016,45.3,32.18,17560.0,0.5,942380.0,47.6361,24.04,5.05,1310764.13
3/1/2016,45.35,38.21,17710.0,0.6,706410.0,46.724,25.92,3.34,1310764.13
4/1/2016,45.21,41.58,17960.0,0.7,1005550.0,46.2845,28.17,1.22,1238196.39
5/1/2016,45.51,46.74,18090.0,0.9,1042450.0,46.8023,28.74,4.28,1238196.39
6/1/2016,45.97,48.25,18280.0,1.3,994660.0,46.4645,27.5,6.78,1238196.39
7/1/2016,46.3,44.95,18570.0,1.3,838810.0,47.0581,27.17,7.88,989590.0
8/1/2016,45.14,45.84,18400.0,1.3,621590.0,46.6809,26.3,11.43,989590.0
9/1/2016,46.21,46.57,18210.0,1.7,522450.0,47.4294,26.36,7.72,989590.0
10/1/2016,46.3,49.52,16710.0,1.8,787910.0,48.3482,26.05,12.5,2337197.75
11/1/2016,45.78,44.73,16960.0,2.1,1078840.0,49.155,25.2,12.18,2337197.75
12/1/2016,45.79,53.31,17480.0,2.2,1096690.0,49.8156,24.84,14.82,2337197.75
1/1/2017,46.52,54.58,17720.0,2.5,948050.0,49.7363,23.64,8.37,1473089.0
2/1/2017,47.45,54.87,17730.0,3.1,685960.0,49.9614,23.31,6.02,1473089.0
3/1/2017,47.26,51.59,17820.0,3.1,626928.0,50.2752,24.99,2.12,1473089.0
4/1/2017,47.13,52.31,18230.0,3.2,907357.0,49.8626,27.49,3.49,1383305.83
5/1/2017,46.99,50.33,18530.0,2.9,1453098.0,49.8603,28.01,5.53,1383305.83
6/1/2017,47.36,46.37,18830.0,2.5,1288278.0,49.8501,27.69,6.4,1383305.83
7/1/2017,47.63,48.48,18570.0,2.4,1198104.0,50.6382,26.41,11.54,1129836.32
8/1/2017,47.66,51.7,18490.0,2.6,1170970.0,50.8747,26.85,9.91,1129836.32
9/1/2017,47.81,56.15,18130.0,3.0,668290.0,51.0094,26.81,15.21,1129836.32
10/1/2017,47.76,57.51,17350.0,3.1,704949.0,51.3433,26.2,11.59,2439217.73
11/1/2017,47.56,62.71,17600.0,3.0,982910.0,51.0384,25.59,15.61,2439217.73
12/1/2017,47.31,64.37,17900.0,2.9,1056220.0,50.3947,24.57,15.66,2439217.73
1/1/2018,48.04,69.08,18710.0,3.4,857280.0,50.5087,24.01,7.21,1540992.95
2/1/2018,48.49,65.32,19410.0,3.7,646560.0,51.7856,24.49,3.38,1540992.95
3/1/2018,48.22,66.02,20120.0,4.3,553345.0,52.0676,24.93,3.16,1540992.95
4/1/2018,48.8,72.11,20310.0,4.3,794377.0,52.0986,26.78,2.48,1363412.47
5/1/2018,49.02,76.98,20200.0,4.6,1516028.0,52.1948,27.91,4.09,1363412.47
6/1/2018,49.24,74.41,19970.0,5.0,1263594.0,53.0476,26.66,12.88,1363412.47
7/1/2018,49.63,74.25,20490.0,5.8,945100.0,53.4329,25.9,14.7,1065472.23
8/1/2018,51.12,72.53,21790.0,6.6,673234.0,53.2735,25.9,8.98,1065472.23
9/1/2018,53.07,78.89,21730.0,6.9,446730.0,53.9419,26.2,10.27,1065472.23
10/1/2018,51.84,81.03,19590.0,6.9,602301.0,54.0086,25.94,5.03,2385487.0
11/1/2018,49.83,64.75,19110.0,6.1,1338841.0,52.8083,25.36,4.07,2385487.0
12/1/2018,50.98,57.36,19280.0,5.2,1089173.0,52.7691,24.82,15.33,2385487.0
1/1/2019,50.24,59.41,19090.0,4.4,1205210.0,52.4679,23.28,3.4,1472283.4
2/1/2019,51.55,63.96,19110.0,3.8,811196.0,52.1901,23.64,1.02,1472283.4
3/1/2019,49.32,66.14,18090.0,3.4,695840.0,52.4134,26.24,0.57,1472283.4
4/1/2019,48.82,71.23,18130.0,3.2,875239.0,52.1122,28.24,1.7,1284175.49
5/1/2019,48.59,71.32,17770.0,3.2,1123813.0,52.262,28.48,6.73,1284175.49
6/1/2019,48.47,64.22,17610.0,2.7,998229.0,51.8029,27.9,6.26,1284175.49
7/1/2019,48.02,63.92,17100.0,2.2,1099672.0,51.1429,26.58,7.89,1017157.05
8/1/2019,48.38,59.04,15970.0,1.4,880146.0,52.0547,26.15,10.4,1017157.05
9/1/2019,47.43,62.83,15410.0,0.5,759744.0,52.1052,26.07,9.23,1017157.05
10/1/2019,47.05,59.71,15030.0,0.6,832544.0,51.5042,26.22,5.43,2497993.15
11/1/2019,49.45,63.21,14780.0,1.2,981693.0,50.7267,25.55,6.62,2497993.15
12/1/2019,46.35,67.31,15260.0,2.4,1009720.0,50.7671,24.78,10.35,2497993.15
1/1/2020,46.42,63.65,15740.0,3.0,951634.0,50.8386,24.39,4.39,1420480.9
2/1/2020,46.28,55.66,15820.0,2.5,841150.0,50.7448,23.24,25.43,1420480.9
3/1/2020,46.09,32.01,17050.0,2.2,715810.0,50.9036,25.24,18.56,1420480.9
4/1/2020,46.37,18.38,18490.0,1.8,709550.0,50.7349,26.41,20.18,1375077.8
5/1/2020,47.3,29.38,18810.0,1.6,940890.0,50.5556,27.95,7.92,1375077.8
6/1/2020,47.39,40.27,18320.0,2.3,891403.0,50.0972,27.34,19.95,1375077.8
7/1/2020,47.13,43.24,18020.0,2.4,808547.0,49.4675,26.93,8.15,1172115.4
8/1/2020,46.97,44.74,17390.0,2.2,729946.0,48.8433,26.55,7.98,1172115.4
9/1/2020,46.16,40.91,15670.0,2.2,744000.0,48.5057,27.02,9.02,1172115.4
10/1/2020,45.71,40.19,14810.0,2.3,951180.0,48.4822,26.2,33.88,2463944.4
11/1/2020,46.12,42.69,15030.0,3.0,963516.0,48.2521,25.41,35.85,2463944.4
12/1/2020,46.3,49.99,15940.0,3.3,794714.0,48.0637,25.01,27.74,2463944.4
1/1/2021,46.38,54.77,16400.0,3.7,689961.0,48.0614,23.74,9.01,1542306.5
2/1/2021,46.27,62.28,16810.0,4.2,708936.02,48.2042,24.03,5.71,1542306.5
3/1/2021,45.89,65.41,17100.0,4.1,584655.88,48.5743,25.47,5.25,1542306.5
4/1/2021,45.85,64.81,17070.0,4.1,738160.0,48.462,26.69,1.95,1390979.97
5/1/2021,46.04,68.53,16970.0,4.1,918668.35,47.9551,28.35,2.37,1390979.97
6/1/2021,46.2,73.16,17180.0,3.7,1173281.49,48.1247,27.18,5.79,1390979.97
7/1/2021,46.4,75.17,17340.0,3.7,986310.0,49.943,26.68,15.34,1250911.42
8/1/2021,46.39,70.75,17230.0,4.4,648399.23,50.2343,26.85,6.25,1250911.42
9/1/2021,45.89,74.49,16180.0,4.2,543023.9,50.1421,26.52,13.65,1250911.42
10/1/2021,45.87,83.54,15780.0,4.0,728694.67,50.7491,26.01,9.46,2469192.18
11/1/2021,45.77,81.05,16350.0,3.7,841738.07,50.357,25.75,7.52,2469192.18
12/1/2021,45.82,74.17,16650.0,3.1,831165.69,50.2478,24.06,5.87,2469192.18
1/1/2022,46.02,86.51,17150.0,3.0,659563.81,51.2353,23.8,3.5,1513751.76
2/1/2022,46.25,97.13,17710.0,3.0,545273.25,51.2807,24.64,5.03,1513751.76
3/1/2022,45.99,117.25,17430.0,4.0,611330.0,52.074,26.02,3.24,1513751.76
4/1/2022,46.18,104.58,17230.0,4.9,997408.49,51.976,26.16,7.67,1400805.05
5/1/2022,45.81,113.34,17240.0,5.4,880938.44,52.3618,27.52,5.93,1400805.05
6/1/2022,46.3,122.71,17580.0,6.1,865640.0,53.5685,27.2,8.16,1400805.05
7/1/2022,45.67,111.93,17850.0,6.4,809827.27,55.8925,27.12,9.52,1263240.47
8/1/2022,46.01,100.45,17610.0,6.3,707200.0,55.7501,26.29,11.01,1263240.47
9/1/2022,45.11,89.76,17060.0,6.9,628160.3,57.4338,26.15,12.3,1263240.47
10/1/2022,45.58,93.33,17440.0,7.7,798116.6,58.8247,26.27,18.09,2407707.19
11/1/2022,46.41,91.42,17350.0,8.0,1038010.0,57.6522,25.7,7.97,2407707.19
12/1/2022,46.13,80.92,17680.0,8.1,933010.0,55.6839,24.45,10.21,2407707.19
1/1/2023,46.28,82.5,17740.0,8.7,651930.0,54.9913,23.6,13.04,1592929.28
2/1/2023,46.83,82.59,18190.0,8.6,541210.0,54.7831,24.12,4.2,1592929.28
3/1/2023,46.63,78.43,18570.0,7.6,494252.94,54.7956,24.8,0.75,1592929.28
4/1/2023,47.0,84.64,18790.0,6.6,728730.7,55.3155,27.39,3.16,1415798.88
5/1/2023,46.51,75.47,19060.0,6.1,787970.99,55.7279,28.41,4.85,1415798.88
6/1/2023,46.36,74.84,19230.0,5.4,848107.9,55.8946,27.61,9.07,1415798.88
7/1/2023,46.77,80.11,19440.0,4.7,984761.41,54.921,27.08,13.84,1265952.42
8/1/2023,50.42,86.15,22160.0,5.3,945096.67,56.1599,26.82,6.07,1265952.42
9/1/2023,52.11,93.72,19910.0,6.1,902290.44,56.7869,27.34,7.9,1265952.42
10/1/2023,51.7,90.6,20600.0,4.9,1080905.36,56.7889,26.51,8.25,2411840.07
11/1/2023,52.62,82.94,21950.0,4.1,901106.38,55.8122,25.79,10.79,2411840.07
12/1/2023,54.14,77.63,22890.0,3.9,851875.81,55.5877,25.31,10.93,2411840.07
1/1/2024,55.2,80.12,25010.0,2.8,978002.26,55.9723,23.95,3.0,1561680.02
2/1/2024,55.73,83.48,25170.0,3.4,778887.55,56.0649,24.63,1.32,1561680.02
3/1/2024,55.66,85.41,24640.0,3.7,630285.38,55.8493,25.99,2.26,1561680.02
4/1/2024,55.27,89.94,24680.0,3.8,876590.0,56.9506,28.69,0.4,1281774.35
5/1/2024,55.23,81.75,24950.0,3.9,1142655.42,57.7619,29.17,8.65,1281774.35
6/1/2024,55.0,82.25,24930.0,3.7,1328853.71,58.6963,28.18,7.95,1281774.35
7/1/2024,54.57,85.15,24680.0,4.4,1324469.14,58.4845,26.88,17.04,1109726.18
8/1/2024,54.81,80.36,23710.0,3.3,1165003.64,57.1934,27.37,7.06,1109726.18
9/1/2024,54.23,74.02,22430.0,1.9,1050261.77,56.0713,26.68,12.85,1109726.18
10/1/2024,53.84,75.63,20550.0,2.3,1210759.99,57.3009,26.62,16.27,2409197.92
11/1/2024,53.47,74.35,20280.0,2.5,1418557.09,58.6946,26.2,5.52,2409197.92
12/1/2024,53.45,73.86,20750.0,2.9,1514261.25,58.448,25.21,18.5,2409197.92
1/1/2025,53.1,79.27,20720.0,2.9,860797.99,58.3906,24.36,6.78,1566241.44
2/1/2025,52.36,75.44,20360.0,2.1,922495.98,58.0941,24.47,7.86,1566241.44
3/1/2025,51.26,72.73,18680.0,1.8,527777.55,57.4246,25.54,4.19,1566241.44
4/1/2025,50.04,68.13,18040.0,1.4,820838.11,56.8529,27.71,1.95,1459460.7
5/1/2025,48.73,64.45,17750.0,1.3,803439.85,55.6246,27.97,6.62,1459460.7
6/1/2025,47.94,71.44,16990.0,1.4,814385.31,56.3586,27.07,10.22,1459460.7
7/1/2025,47.09,71.04,16400.0,0.9,1343908.45,56.7523,26.54,17.01,1249503.81
8/1/2025,47.31,67.87,17060.0,1.5,1030751.52,57.2525,26.61,9.83,1249503.81
9/1/2025,47.16,67.99,15600.0,1.7,815346.38,57.2501,25.99,15.02,1249503.81
10/1/2025,47.31,64.54,15890.0,1.7,954908.93,58.2984,26.33,13.9,2282924.04
11/1/2025,48.59,63.8,16920.0,1.5,944142.43,58.9136,26.0,18.19,2282924.04
12/1/2025,50.88,62.54,18010.0,1.8,1221968.35,58.8488,24.82,10.79,2282924.04
1/1/2026,53.07,66.6,20100.0,2.0,858877.0,59.1622,23.23,7.11,1465095.69
2/1/2026,53.81,70.89,22460.0,2.4,791200.85,58.2803,23.84,4.72,1465095.69
3/1/2026,56.5,103.13,23830.0,4.1,564220.75,59.4069,24.43,0.96,1465095.69
4/1/2026,57.59,117.29,23280.0,7.2,826333.97,60.2913,27.64,0.32,1542996.9
5/1/2026,56.3,107.14,21940.0,6.8,916555.18,61.441,29.59,2.36,1542996.9
6/1/2026,55.52,85.4,21780.0,6.4,939018.8,61.2513,28.33,4.98,1542996.9
